query_id,label,surface_oof_probability_bge_only,dpr_oof_probability_bge_only,combined_oof_probability_bge_only,margin_sensitivity_included
test5,bge_only,0.5028564951075252,0.2768095016098347,0.31412383521998377,True
test6,bm25_only,0.4518560058923796,0.23303414219053367,0.23763435723294613,True
test8,bge_only,0.5867855490263878,0.8270461287609716,0.8496919468872125,True
test10,bge_only,0.47280455624793405,0.3841442355004316,0.3777486999483305,True
test11,bge_only,0.4714566508280923,0.4095647463213602,0.4538192092878144,True
test15,bm25_only,0.5039375521893761,0.5287843559080802,0.4912756874067505,True
test17,bge_only,0.5730105690436565,0.786237696362611,0.7090467531202695,True
test18,bge_only,0.5291451088751619,0.49825954760796737,0.5641945662713538,True
test26,bge_only,0.41507789447778026,0.5791955848674125,0.5674226254227068,True
test27,bge_only,0.5590879058563649,0.6546959463640468,0.7667125192523807,True
test29,bge_only,0.378969418649193,0.4991662167674484,0.5384025264846093,True
test32,bge_only,0.5445891315543973,0.4700507511352488,0.5425517166670162,True
test33,bm25_only,0.531338247126057,0.4579172698449112,0.5367750988003007,True
test35,bge_only,0.5176859962890171,0.5103205784929342,0.5755776105933633,True
test37,bm25_only,0.5429575783885389,0.4518752376991904,0.4254149147855073,True
test39,bge_only,0.4787902758474183,0.3684785818522068,0.30485588317071544,True
test41,bge_only,0.5322001845228361,0.5866141337277946,0.44216056304798307,True
test42,bge_only,0.48018339223405265,0.6091084853999195,0.5291422421880928,True
test44,bge_only,0.50559244131463,0.5322002472012322,0.46258693214754387,True
test47,bge_only,0.4951846390866716,0.5589811528382136,0.6223596823075116,True
test50,bge_only,0.523764165960315,0.7463432443960983,0.683490406409787,True
test52,bge_only,0.5008400666124454,0.5121214692974696,0.5443280985405216,True
test54,bge_only,0.5316651747063907,0.7633101365049595,0.767654493521374,True
test56,bge_only,0.5428169451058575,0.6535537323571949,0.7597240565209099,True
test59,bge_only,0.5210011849654314,0.3270952031765597,0.4604629948597576,True
test60,bge_only,0.513755181533006,0.7382344788354086,0.6661791007427798,True
test65,bge_only,0.5653714613637584,0.45838613246138193,0.4561726580524856,True
test66,bge_only,0.5614540769535514,0.7106963796358612,0.7595990163209264,True
test67,bge_only,0.49656117013408263,0.3858085465825091,0.31423823310019716,True
test68,bge_only,0.4885004293917226,0.34540148802312026,0.32572286422931446,True
test70,bge_only,0.5365489178599646,0.5800473549695556,0.6487669098852459,True
test71,bge_only,0.4299596415760074,0.25243736741975714,0.2333609291266615,True
test72,bge_only,0.5441992755270955,0.5442572461497467,0.6232111464146377,True
test73,bge_only,0.47159503123959534,0.593410429468666,0.6306820969611847,True
test75,bge_only,0.4890888902892301,0.5650064559342455,0.6071347283511274,True
test79,bge_only,0.44026425568204025,0.46431015324721264,0.4678496974540649,True
test81,bge_only,0.42163625551618417,0.25568692949897454,0.16297948756446623,True
test86,bge_only,0.4882939402187667,0.514708564193599,0.4606680192437451,True
test88,bge_only,0.6702910065805525,0.8291856361886318,0.8233897017728034,True
test90,bge_only,0.6602168281151222,0.47888011178065204,0.5424516926384712,True
test94,bge_only,0.4596470507895967,0.38953936311513476,0.42018683828854136,True
test97,bm25_only,0.47471011137959424,0.6680328783266806,0.614195392251708,True
test101,bge_only,0.5026702924549356,0.20440249362334242,0.1949214691837009,True
test103,bge_only,0.4718241178366774,0.6041548651431629,0.6864537754188718,True
test106,bm25_only,0.4875250799343266,0.4727439805735774,0.4340869707120789,True
test107,bge_only,0.4670194612800346,0.39764415316746404,0.5229175000533264,True
test110,bge_only,0.496666710992462,0.6735014950118863,0.5754826055355283,True
test111,bge_only,0.552080532165399,0.5210932784652706,0.5070399024471711,True
test113,bge_only,0.4612576275051356,0.4731284352878576,0.5312824576914112,True
test120,bm25_only,0.46013460043366766,0.5078212988287212,0.3687557965793012,True
test121,bge_only,0.5223084269220281,0.5190960657797484,0.44208845992166607,True
test125,bm25_only,0.44340658803905264,0.578464619420535,0.5749089752183059,True
test132,bge_only,0.4558581821987273,0.6017805446917325,0.5736478954165918,True
test133,bge_only,0.46015688313376496,0.47934017870591583,0.47986639434291334,True
test134,bge_only,0.4792669224766268,0.4559886758155884,0.5295631888033595,True
test136,bge_only,0.46108752795978314,0.468762248112938,0.3650478449383469,True
test141,bge_only,0.5189343891456797,0.634319720598652,0.5812305594726502,True
test142,bge_only,0.46975213781117725,0.5023094587440152,0.4852725322406586,True
test145,bge_only,0.3774013239508443,0.23306295702759935,0.23347045270470268,True
test149,bge_only,0.5167763978227758,0.583047584388778,0.5542443741629598,True
test153,bge_only,0.5076647248244892,0.5676470902288578,0.5628645516277405,True
test155,bge_only,0.5147867114389849,0.5933785292361242,0.6048883090702654,True
test156,bge_only,0.48891876809868157,0.3149851266979885,0.2824355146978395,True
test160,bge_only,0.5348967757478056,0.7579221352193469,0.7973245246916366,True
test168,bge_only,0.4923708991485631,0.6946231341067016,0.6134257427458103,True
test170,bm25_only,0.5050524849150384,0.28419181813787964,0.4030561523288763,True
test171,bge_only,0.47202946225874737,0.3510872706555483,0.3504249714897166,True
test175,bge_only,0.5200536614830259,0.5463170106883843,0.5810213996818748,True
test176,bge_only,0.5237323275560697,0.5702880201074144,0.5064802704489711,True
test177,bge_only,0.4491336496142252,0.49535515120051865,0.5158659302610379,True
test178,bge_only,0.4934793512809939,0.46398188881132296,0.5347528420434462,True
test182,bge_only,0.4737100537244342,0.4868109373817869,0.4327309696250795,True
test191,bge_only,0.44618559505120603,0.6931764681714394,0.6668163130617483,True
test194,bm25_only,0.48984079716002077,0.4414356942968368,0.3961413789588915,True
test196,bge_only,0.5325934782233697,0.43084634196179455,0.2808746935493082,True
test197,bge_only,0.5466440357262848,0.6826033965091051,0.8032433491359389,True
test204,bge_only,0.5000103562532093,0.7364952434775375,0.7614237263359165,True
test207,bge_only,0.5110246473442739,0.8729946976368256,0.7914421696639148,True
test208,bge_only,0.5699270529023186,0.684725000863887,0.7061609994043747,True
test210,bm25_only,0.42390155916669076,0.23197490752426947,0.20821286032778213,True
test215,bge_only,0.5137440925448866,0.5228896850585547,0.5263848366095737,True
test224,bge_only,0.42923540671172994,0.5224440755907733,0.5438559791137364,True
test228,bge_only,0.43032448709741494,0.3712021234390407,0.278343081148833,True
test231,bge_only,0.4587410225348379,0.45154397476225167,0.4271633148095036,True
test234,bge_only,0.6322983727264039,0.5586245826536566,0.6438484772088068,True
test246,bge_only,0.5603194751607438,0.7087714692048401,0.6196576566407572,True
test247,bge_only,0.5189508434780767,0.4299800820564462,0.3835469245454186,True
test249,bge_only,0.5186313142955998,0.6394683536055688,0.7765065031398185,True
test252,bge_only,0.2889646853469082,0.3325432354650904,0.41850107445845536,True
test253,bge_only,0.4603402971809442,0.41179311476984803,0.4161596366778523,True
test254,bge_only,0.4643104246462234,0.5555012523859464,0.5454396388588257,True
test259,bge_only,0.7218918184357482,0.6864338204472137,0.7901149663472419,True
test260,bge_only,0.5131735730201761,0.6547714504595329,0.605376553348406,True
test265,bge_only,0.7949348042438009,0.42882518462833,0.4316532418343194,True
test270,bge_only,0.44540674736012315,0.19772966933655775,0.2670937775988986,True
test272,bge_only,0.525265171288946,0.4205037704009315,0.4699146739536197,True
test276,bge_only,0.4170390956661349,0.6695719068001512,0.6529964854206928,True
test277,bge_only,0.44508691381010823,0.22553379339388618,0.23616763049686212,True
test278,bge_only,0.5724643511572219,0.7104343597131724,0.7578504938841749,True
test280,bge_only,0.4220527456356221,0.3946655453484933,0.4282589992909051,True
test285,bge_only,0.5532229425277685,0.6632652802779679,0.6467127200090945,True
test287,bge_only,0.5467634205057679,0.5915647962811476,0.5331359681881185,True
test289,bge_only,0.5243868213762702,0.7066351764835425,0.7374499141297909,True
test290,bge_only,0.42840734460616786,0.2432063609475213,0.20973292567963586,True
test293,bge_only,0.6021574832671062,0.727391810906458,0.7530865575747422,True
test294,bge_only,0.4907757763336236,0.4767882796024524,0.5578596185631969,True
test296,bge_only,0.5029400472111055,0.6002571402813675,0.6124194726869524,True
test297,bge_only,0.5664808097056697,0.606659098491835,0.6500008205065088,True
test298,bge_only,0.5407684384370713,0.5737230242002326,0.5056703059145979,True
test300,bge_only,0.3973028657853022,0.41037501691574996,0.4851902166080519,True
test307,bge_only,0.5524004502020515,0.4285548778827103,0.5595134901380572,True
test315,bge_only,0.4525247576334335,0.45622404392978827,0.4287839354956123,True
test321,bge_only,0.5407807318989184,0.6116051689730218,0.6603871327998999,True
test325,bge_only,0.4791995285679099,0.7829353682619464,0.7303980951853835,True
test329,bge_only,0.5397714440128568,0.6896694403705842,0.7631543967315583,True
test331,bge_only,0.48630580261257655,0.4264105293052624,0.47194235467393103,True
test332,bm25_only,0.4793027666859485,0.4764358307563936,0.4072193288302881,True
test333,bge_only,0.5165472183209784,0.5446067530749799,0.4577605484187632,True
test337,bge_only,0.5377751930187196,0.42365221895923094,0.3960742984910638,True
test338,bge_only,0.34956125865997983,0.3702138530697011,0.346011761608962,True
test339,bge_only,0.47291992757755674,0.5079728768910523,0.5640028214555036,True
test341,bge_only,0.5311785523798697,0.5157603126589873,0.5383834337344492,True
test343,bge_only,0.626881555381445,0.6399787449978568,0.6077934830328635,True
test347,bge_only,0.5154122606004269,0.5660801899728597,0.533892039059951,True
test348,bge_only,0.5333537737236642,0.6836115394119155,0.6829165492322284,True
test350,bge_only,0.6750285658892495,0.2537626908015847,0.22441799033647072,True
test351,bge_only,0.5232928034497816,0.6825576743290631,0.6682199045599985,True
test352,bge_only,0.5960463749480137,0.5216015749315327,0.5913827118297701,True
test355,bm25_only,0.5340248190186369,0.41337609019218097,0.3415935912468776,True
test357,bge_only,0.4476770734915608,0.44118700133169064,0.33247309213492005,True
test359,bge_only,0.5657550275258667,0.4687806925542047,0.43414378631634487,True
test360,bge_only,0.5353857642687689,0.6475468117175232,0.5348913290396935,True
test363,bge_only,0.5142602249914952,0.5839939716197271,0.5835346264973772,True
test365,bge_only,0.4630210985123473,0.4073595468871888,0.24906929519977591,True
test367,bge_only,0.5302733414700095,0.736555498528242,0.7534983802249043,True
test368,bge_only,0.4918007881435832,0.49006735063741425,0.26411547428494425,True
test375,bge_only,0.5047101558567246,0.22342542627365067,0.18666919715144947,True
test376,bge_only,0.5474423247961555,0.604992322082367,0.6741701080884985,True
test377,bm25_only,0.514424102664984,0.30140688071847727,0.27028376542158655,True
test379,bge_only,0.4465881707430019,0.6196449597628144,0.6266428398425307,True
test381,bge_only,0.5080847145851954,0.49951043539353585,0.46845115601407816,True
test383,bge_only,0.4524988106995487,0.4712441692180485,0.520618251517681,True
test386,bm25_only,0.43992219102705843,0.3288841749437951,0.2103972656577752,True
test388,bm25_only,0.5738875656935626,0.3638193209678523,0.4043360860706683,True
test394,bge_only,0.5833504695710492,0.3067051139556818,0.34718241653774967,True
test395,bge_only,0.40590210545288435,0.35957243475709977,0.39534774437306747,True
test396,bge_only,0.5232359736925511,0.6144057197336126,0.6709124357602606,True
test398,bge_only,0.4785657802930141,0.47254789603795083,0.5208064920901344,True
test408,bm25_only,0.37851227202001597,0.28818543117090295,0.30484671555144793,True
test411,bge_only,0.6403364216245766,0.5347906152492875,0.46314315508663223,True
test412,bge_only,0.4638482751696239,0.34582691771449175,0.364331655245669,True
test416,bge_only,0.3719527949157934,0.5110794432633541,0.3787916937954108,True
test417,bge_only,0.4456865946274836,0.4414902405434508,0.518089149127834,True
test418,bge_only,0.48631288762707625,0.26364027443208565,0.3520665563057817,True
test426,bge_only,0.5167362145037642,0.7937081526055035,0.7722095110145514,True
test430,bge_only,0.4952693309538077,0.287686934526348,0.31445132125852726,True
test432,bge_only,0.45786589425297775,0.6389961759300025,0.5985229282370456,True
test434,bge_only,0.708596146280724,0.6032700013634766,0.5968357866834823,True
test435,bge_only,0.5163117441754744,0.6298207296007643,0.49586915787893465,True
test440,bge_only,0.5813101093605146,0.8639232097691599,0.8650650133294746,True
test442,bge_only,0.5297421837423034,0.6910392907358146,0.734184594724375,True
test443,bm25_only,0.4784423277163975,0.5569536876236855,0.42782514591157245,True
test444,bge_only,0.48416616577078436,0.45977417468080367,0.4076661637313776,True
test445,bge_only,0.4699787617202513,0.31213754354349943,0.3870539422048867,True
test450,bm25_only,0.4849380401340152,0.41169954771858625,0.47232341589464394,True
test453,bm25_only,0.33896796071665963,0.4431396014095544,0.4737464700455276,True
test462,bge_only,0.5354532152288739,0.6964090272946912,0.673910994145747,True
test468,bge_only,0.5538546905517485,0.7522524002709977,0.7671657644351673,True
test469,bge_only,0.43149778894124746,0.3777720436042092,0.4234081442257834,True
test472,bge_only,0.48064812637606474,0.5766698448756328,0.5454819022337261,True
test477,bge_only,0.4554362920755944,0.7382207931021646,0.7107765893956539,True
test479,bge_only,0.48006394511175526,0.33620030027540315,0.36017814237618895,True
test483,bge_only,0.30815460614672485,0.24124001473822987,0.35763505354268993,True
test485,bge_only,0.5305440181771829,0.6493222858219102,0.7133445162521411,True
test486,bge_only,0.5030560084922437,0.4807183149835129,0.5275015510673853,True
test488,bge_only,0.4240578043868236,0.25339543073820164,0.23659695739636702,True
test491,bge_only,0.493161903479931,0.32098322579349947,0.302688664035913,True
test493,bge_only,0.5342982006918098,0.7200108525849114,0.7400129097059348,True
test497,bge_only,0.44300406043030377,0.42098874744657383,0.49300855202576005,True
test498,bge_only,0.4336503140186903,0.5036450151774919,0.4852483729733971,True
test499,bge_only,0.5153740568888646,0.40644371847166866,0.37838704654417993,True
test501,bm25_only,0.5165131403552229,0.4834404791040846,0.5006995205074086,True
test502,bge_only,0.49892568810338317,0.3935498090661111,0.41215302183164243,True
test503,bge_only,0.5667032061947386,0.6308077774640258,0.6743305182863144,True
test505,bm25_only,0.4967766078768342,0.4149402740525618,0.41435172871483594,True
test506,bge_only,0.47962210485288986,0.19150008871127028,0.24489989700609574,True
test507,bge_only,0.6090730267162382,0.664867452807834,0.7924326545678675,True
test508,bge_only,0.5348873962482341,0.684688355873839,0.6708331918420148,True
test509,bge_only,0.6683611175199884,0.5239517808877445,0.6205237331759162,True
test511,bge_only,0.5256927948078477,0.48885077126951737,0.39843864044877,True
test512,bm25_only,0.47425523738864905,0.34812703668384287,0.4262821532281354,True
test513,bge_only,0.4418292634391422,0.4582849366122323,0.45108196084004537,True
test514,bge_only,0.530973384936673,0.3645692538062639,0.4218181326941315,True
test517,bm25_only,0.501184287413668,0.17705909817656956,0.21614845204102826,True
test528,bm25_only,0.4718878435453506,0.386401131739945,0.312527678755493,True
test530,bm25_only,0.37955016339466635,0.2670076636268946,0.2543365559875799,True
test531,bge_only,0.5084072163445651,0.5436033858664644,0.5510284747207999,True
test533,bge_only,0.49752713303558677,0.37007920179830933,0.46710474811778196,True
test537,bge_only,0.4615886828143241,0.5275789105035152,0.5152796896244041,True
test543,bge_only,0.4045587173992168,0.5332961899952553,0.45085013823371545,True
test546,bge_only,0.48812543672556885,0.42223705712615495,0.36464768767299155,True
test550,bge_only,0.5304236558671712,0.527620727920873,0.4452355093340604,True
test551,bge_only,0.4643419400282461,0.32629435377240423,0.334753603534763,True
test552,bge_only,0.5186588876967305,0.5897649295486154,0.6243816820730875,True
test554,bge_only,0.5317764636911574,0.8358663156305705,0.8474680091575243,True
test555,bge_only,0.5122631225010973,0.6192357824642509,0.604915550189105,True
test558,bm25_only,0.5220579417295634,0.5019277101203026,0.5440900934638919,True
test559,bge_only,0.5455016688315643,0.7957614264899242,0.8494529528064693,True
test563,bm25_only,0.7487373431047765,0.27332249297971134,0.2939819376733668,True
test565,bge_only,0.6308387573548473,0.6590202267851973,0.6325654773866591,True
test567,bge_only,0.555362356315931,0.5898284744033852,0.5997361391003226,True
test569,bge_only,0.5204062793496153,0.6508788230729637,0.6203420376625101,True
test572,bm25_only,0.46302758327321336,0.3593989108885235,0.3762002472955694,True
test573,bge_only,0.40472127056321006,0.5170088760599547,0.4123441026798456,True
test584,bm25_only,0.41383850586527915,0.6282072869273877,0.6389327752898148,True
test586,bge_only,0.5089404250819554,0.5544635967711878,0.4958901545967014,True
test589,bge_only,0.4763081333265292,0.30899459997846146,0.2815981245995693,True
test592,bge_only,0.4483396914625495,0.4693522674073452,0.4803256034062255,True
test593,bge_only,0.5224897172913947,0.4107456327850819,0.4654431271971057,True
test594,bge_only,0.49827113940331547,0.35440405193581087,0.24351886442453102,True
test596,bm25_only,0.5750087770055877,0.4923607815229708,0.4665606657242644,True
test602,bge_only,0.49353899664054107,0.2533839437189779,0.20779837965610248,True
test603,bge_only,0.5808005210505308,0.812179238655157,0.7859654013964318,True
test604,bge_only,0.39987040331147106,0.2694028138444189,0.2689793886015327,True
test605,bge_only,0.4688175751087496,0.5123010669558471,0.5122352747492229,True
test607,bge_only,0.5326143355155684,0.7433424308116694,0.7133922657542767,True
test610,bge_only,0.6748435907458848,0.5445567858358886,0.5665749871014608,True
test611,bge_only,0.551683328333882,0.7316811520937079,0.7491109692155211,True
test613,bm25_only,0.3477277341198037,0.3247348930351274,0.31230487021555065,True
test615,bm25_only,0.2784482295367167,0.24003391247225525,0.25102238586827513,True
test616,bge_only,0.4995806007150964,0.7340745200327983,0.7400033009732943,True
test617,bge_only,0.5077293292445616,0.5261001889903447,0.5167712944796872,True
test618,bge_only,0.49694793626401734,0.5846373142940342,0.43686489240293863,True
test620,bm25_only,0.5386578711295772,0.5487739840161977,0.6188076591746324,True
test622,bge_only,0.4771780163285336,0.3458645092685654,0.39672745103503726,True
test626,bm25_only,0.4428604255259792,0.2656745850825883,0.33856558993545377,True
test627,bm25_only,0.49830830752161026,0.28770024374407804,0.3407516584322381,True
test631,bge_only,0.5134475618568832,0.44836352227381443,0.5327345489680145,True
test636,bge_only,0.4007899946940801,0.48638972595663965,0.5211490118854962,True
test641,bge_only,0.46598086646918424,0.4724535265257359,0.5496637235359445,True
test644,bge_only,0.4372294613063251,0.4482849040619277,0.43083107041622276,True
test645,bm25_only,0.5008388832979549,0.23720724680608382,0.26655013111522846,True
test646,bge_only,0.514679692921803,0.6049452118633846,0.5195893057487537,True
test647,bge_only,0.46687911799143905,0.38035300679409795,0.3286886653513527,True
test648,bge_only,0.547037530789842,0.6972730825661136,0.6837487959770525,True
test649,bm25_only,0.5418872569783171,0.48965290237463444,0.5719618347784482,True
test650,bge_only,0.48460499290109077,0.45110966886543613,0.4517989879637876,True
test652,bge_only,0.480047382416149,0.6780018677501048,0.6114171784163067,True
test653,bge_only,0.5276661676309921,0.8801363255846916,0.85176681749201,True
test654,bge_only,0.4551345566740643,0.795188264083539,0.7511087787084869,True
test655,bm25_only,0.6535843205197374,0.7022651268614905,0.665252863739238,True
test661,bge_only,0.5267281284313049,0.5843104430402579,0.652408932758393,True
test663,bge_only,0.44112044441601866,0.5391521189081859,0.6678074856695416,True
test664,bge_only,0.4393691437760723,0.2470120855405017,0.2269499836456729,True
test665,bge_only,0.6854226021244085,0.7226873105344246,0.7393016631729771,True
test666,bge_only,0.42029884771788045,0.4070943183732099,0.4135854200649449,True
test667,bge_only,0.46418965328231454,0.44002799158406003,0.4743846826346595,True
test669,bge_only,0.5471180711934049,0.7951349740562285,0.7928611478040282,True
test671,bm25_only,0.40276267039818137,0.5813282690754532,0.5207220240108272,True
test673,bge_only,0.5242417508360186,0.313236874932511,0.32233115489394815,True
test674,bge_only,0.4542873920370569,0.49293390422170535,0.5811770073650011,True
test681,bge_only,0.41387473097580524,0.49497745656512043,0.48563930143898665,True
test684,bge_only,0.5515171708843305,0.5623249886090403,0.5523445202171167,True
test685,bge_only,0.4958614861155816,0.37534449860631297,0.3035829278198667,True
test688,bge_only,0.551335933190393,0.6605705084092776,0.7468712358721684,True
test690,bge_only,0.3733247799651508,0.6310841167166674,0.6047829791079079,True
test695,bge_only,0.476749856093814,0.5920794523773774,0.5868422997918795,True
test696,bm25_only,0.4876875965757789,0.49960228982686605,0.40561140925541905,True
test697,bge_only,0.5284123684497648,0.45424709239137234,0.426221999574497,True
test700,bm25_only,0.49992032408210585,0.35957368719809907,0.41483450942960215,True
test701,bge_only,0.5184988177194482,0.3383118976655616,0.462255357494438,True
test706,bge_only,0.44658401971541434,0.37751064827619296,0.3208935366052413,True
test711,bge_only,0.4352992852897459,0.50592247556075,0.5660617739573321,True
test712,bge_only,0.49997884727337866,0.45598523826915627,0.43742039481043415,True
test720,bge_only,0.5644263078071442,0.5916305238228984,0.5633894928506268,True
test721,bge_only,0.4499853381599695,0.48998627074569623,0.52299657844554,True
test722,bge_only,0.5396539981879933,0.5121802961790027,0.50543142458836,True
test724,bge_only,0.5218330320393842,0.8770381410570358,0.8646761198343352,True
test727,bge_only,0.6726705468555182,0.6559080510181422,0.7019314222076393,True
test729,bge_only,0.4979520230330596,0.67357764674974,0.5538592006658196,True
test732,bge_only,0.47889049152865865,0.2574300148594521,0.27429704030988267,True
test734,bge_only,0.41953920393819255,0.4441998220066352,0.3449357779906984,True
test735,bge_only,0.42029438743488884,0.2833733901753716,0.28528239047334536,True
test736,bge_only,0.4074934749911108,0.6971310405239431,0.632303004947749,True
test737,bge_only,0.5045999348823477,0.5085594472394348,0.5360299561504244,True
test738,bge_only,0.5227758679791101,0.666037393807774,0.6504850485073124,True
test740,bge_only,0.48961195994447404,0.531014171256419,0.3693341264436489,True
test741,bge_only,0.5361948684943203,0.32509840443903504,0.39928147043114326,True
test743,bge_only,0.5689075041454353,0.4356369882392479,0.48195808856808914,True
test751,bm25_only,0.5087294912862497,0.7441196283385237,0.7676507024962518,True
test753,bge_only,0.4485481906647007,0.3572786242039535,0.3501072868250599,True
test754,bge_only,0.40567085062614017,0.2943013556782396,0.2942336101025095,True
test755,bge_only,0.49790309746285,0.6224378383648229,0.5833305075382802,True
test759,bge_only,0.6020911124485102,0.7982685390986374,0.7412914322266942,True
test764,bge_only,0.5285653517782346,0.40871886481734354,0.39670165866991314,True
test771,bge_only,0.5008397100337523,0.5938603014622053,0.630237112752054,True
test774,bge_only,0.576798321152129,0.7226678225230667,0.7260331705686731,True
test776,bge_only,0.4138387034065113,0.5675137358206008,0.5349924719883107,True
test778,bge_only,0.39164476340099086,0.6723937558827501,0.5288690358863607,True
test780,bge_only,0.5420737134090633,0.5640765159486502,0.5906058525686971,True
test781,bm25_only,0.5238453354972421,0.6042316176940945,0.654277076916644,True
test782,bge_only,0.43878065163757335,0.3937822299989483,0.3089801892150243,True
test784,bge_only,0.4927763835003037,0.30112913652807766,0.23983454804665863,True
test787,bge_only,0.49641646606674766,0.6488459994128358,0.5675366343295843,True
test789,bge_only,0.30273258123861707,0.525537926486065,0.3963206322719749,True
test790,bge_only,0.5240153635873603,0.6398897802881086,0.5637856756807151,True
test791,bge_only,0.523804489501923,0.39717489125361966,0.47622914914679176,True
test792,bm25_only,0.5956964477020856,0.7692015397943676,0.7714040621963347,True
test794,bm25_only,0.4686251480761192,0.4316852406787092,0.3291328323067471,True
test796,bge_only,0.5536185419278224,0.46075147271937966,0.477953577067719,True
test797,bge_only,0.4860949730040888,0.4575976864037045,0.5045004402683154,True
test800,bge_only,0.35806850186706907,0.21113175551428479,0.20133818103111287,True
test801,bge_only,0.4640794100189472,0.5103582222966149,0.484575578779029,True
test805,bge_only,0.4411598438532514,0.6421446813355107,0.5278837615628055,True
test810,bge_only,0.5143421681379563,0.470415337455533,0.5227898017163205,True
test812,bge_only,0.48954217330101735,0.3633402699947599,0.4530648739177649,True
test816,bge_only,0.5220184799774671,0.704934960977272,0.7053133662942636,True
test817,bge_only,0.5652004305577337,0.6247097585183856,0.5809707792385082,True
test820,bge_only,0.49716831426004204,0.46102576339344775,0.45051577049104746,True
test822,bge_only,0.47966790452364905,0.6191171082599808,0.6251343022252563,True
test824,bge_only,0.48513972346748546,0.468377427932201,0.48657739364530367,True
test825,bge_only,0.5572009871411598,0.7663228712390249,0.7711853108319467,True
test828,bge_only,0.4369994120996134,0.669037755582081,0.5528883631312407,True
test831,bge_only,0.541559086533024,0.7625674569368478,0.7748178457826389,True
test832,bge_only,0.30441793631443737,0.35366028333816946,0.2134952494798875,True
test836,bge_only,0.44704335518984095,0.5009250740817327,0.46567978070737587,True
test837,bge_only,0.5511287299910987,0.4716732282158483,0.4786641511940423,True
test838,bge_only,0.523443760323842,0.7189043622305972,0.6281519146586795,True
test841,bge_only,0.5068406030061505,0.30933058268834007,0.2905213817695602,True
test842,bm25_only,0.4173000922092114,0.4735815061130291,0.4374808631906631,True
test849,bge_only,0.4419843115117764,0.39063437717049054,0.35013140665541714,True
test850,bge_only,0.5968255428961583,0.7202560712981049,0.7629735021986157,True
test852,bge_only,0.5072484231172193,0.265355112570799,0.30293761619830356,True
test856,bge_only,0.5279495623090585,0.5357127643834309,0.6410096195669643,True
test857,bge_only,0.43013730361281666,0.49885466146657137,0.5322347990904032,True
test860,bge_only,0.5379112972958573,0.4510708797764819,0.5229595152904929,True
test861,bge_only,0.4972457992263655,0.4990213881638354,0.5509255363913693,True
test868,bge_only,0.49509762230664095,0.5079812164428918,0.5448380793840534,True
test872,bge_only,0.5401001803882818,0.43059753228806397,0.5329919096943588,True
test873,bge_only,0.454913564181882,0.4446339749444936,0.47579058954152725,True
test882,bge_only,0.477534024600015,0.669583396689831,0.5888904245214891,True
test884,bge_only,0.5368591516816403,0.7379755308009257,0.670455913961142,True
test890,bge_only,0.5608797690729057,0.5038474808203399,0.6014179120030666,True
test892,bge_only,0.4621522226015939,0.3474701759537793,0.4408278189844267,True
test894,bge_only,0.500235465418391,0.47241730475746035,0.45800749754982534,True
test895,bm25_only,0.49217755146435094,0.4611133601938831,0.49494042005066197,True
test896,bge_only,0.5201628744441351,0.4695416845001021,0.49263624248732046,True
test897,bge_only,0.5284076940653022,0.5577908345238642,0.7097649678163731,True
test908,bge_only,0.5531026968730689,0.6059647684265965,0.6038282377052276,True
test911,bm25_only,0.44028564289772887,0.45780385850291283,0.5390790173943533,True
test912,bm25_only,0.4875740565713581,0.26339237893792844,0.33707892207957607,True
test916,bge_only,0.37338164240446703,0.5828360246580754,0.5611941325296257,True
test919,bge_only,0.540055829193809,0.6336962435159481,0.6066136594931817,True
test920,bge_only,0.6419411844919045,0.7199198989305899,0.7953636587427328,True
test929,bge_only,0.5293521196863621,0.7230155144508642,0.6536828350895532,True
test932,bge_only,0.49459792782966633,0.46744837753934326,0.5290599851074376,True
test933,bge_only,0.6128718364305785,0.7710635401226767,0.7224667987145981,True
test934,bge_only,0.4909552717196391,0.31270363859798467,0.3794465004263373,True
test935,bge_only,0.5499484713489241,0.6896985948565472,0.6632264470353884,True
test939,bge_only,0.5133680801005784,0.6137159786311154,0.6531040924570168,True
test944,bm25_only,0.43975122519384524,0.37898841011217227,0.3565657097364278,True
test945,bge_only,0.4588334969302815,0.4315957309013192,0.3879329563290323,True
test946,bge_only,0.4533831493234765,0.3537516679628726,0.4057679107266106,True
test949,bm25_only,0.4511388212410178,0.5680649534282793,0.5439258273238702,True
test950,bm25_only,0.39075451492514124,0.34469163868056835,0.27575845095886065,True
test951,bge_only,0.46185740784902757,0.5396835807671925,0.48927839459319006,True
test952,bge_only,0.4914804913803031,0.38215139370691015,0.4931031097766031,True
test954,bge_only,0.5148280852835525,0.46917417971441355,0.6335283248854878,True
test955,bge_only,0.5147930889377594,0.5580025221989219,0.6279016212732207,True
test956,bge_only,0.4505293672748035,0.6762579658810624,0.7549049099416252,True
test957,bge_only,0.5475040636836178,0.40966888166329996,0.5154968018591555,True
test958,bm25_only,0.5235594822001052,0.5849697220194245,0.6145252322392494,True
test959,bm25_only,0.5162565437575833,0.4848647886486371,0.4961287895404806,True
test960,bge_only,0.5038060684462297,0.513315962893234,0.5126281490422676,True
test967,bge_only,0.48591978605578157,0.6776458505428712,0.6809655212350275,True
test971,bge_only,0.5374646742050283,0.5234176480392017,0.5923392635151318,True
test973,bge_only,0.5174458133087023,0.5143495321597261,0.4461130380969566,True
test974,bge_only,0.5004093013716213,0.5170609936294626,0.632293806489236,True
test986,bge_only,0.5117499386675771,0.43223310129254544,0.42472188661890514,True
test987,bge_only,0.44774448294397057,0.3887811138001005,0.4391898650349932,True
test989,bge_only,0.560655638704436,0.5896401497927577,0.6758269817149433,True
test990,bm25_only,0.47575258530095665,0.17068565250671777,0.15789814110975053,True
test991,bm25_only,0.4641969972884849,0.4693119114259754,0.5186756910705913,True
test994,bm25_only,0.5136838088920219,0.6643414803745943,0.6689104490593007,True
test996,bm25_only,0.4147686893133515,0.46578044960772885,0.41533344745215023,True
test997,bge_only,0.5394734365311643,0.51518432335379,0.5131591992448237,True
test998,bm25_only,0.4554305099326021,0.24275957125510716,0.22078770572967538,True
test999,bge_only,0.6312079661544151,0.8089128931932211,0.8725541312720284,True
test1003,bge_only,0.466356456430756,0.45912334525039444,0.5225670465242326,True
test1005,bm25_only,0.5297536965135494,0.694010550109415,0.6969811402124587,True
test1006,bge_only,0.5256359734263899,0.6239899097357191,0.5874126332145633,True
test1007,bge_only,0.5917465730920112,0.5882743273866237,0.590267467529376,True
test1009,bge_only,0.4923282401252645,0.4535685619315092,0.3894644520714125,True
test1015,bge_only,0.5428269218200319,0.7461937110947697,0.7053591472819646,True
test1017,bm25_only,0.512602053509081,0.4448528567911507,0.48061012948506593,True
test1024,bge_only,0.4940839960140167,0.39676125928944267,0.34392840139287134,True
test1025,bm25_only,0.5149657333017699,0.5891595555820065,0.625287785724449,True
test1030,bge_only,0.5123289516178837,0.7627125816150606,0.761637723994804,True
test1032,bge_only,0.5293015434042179,0.6191584822369561,0.6927806896074199,True
test1034,bge_only,0.5131885581955302,0.501702270456167,0.493084694511615,True
test1037,bge_only,0.6064014491186341,0.5570152900544939,0.49317429799451584,True
test1047,bge_only,0.5292613495979067,0.7239116065708752,0.7790140334172118,True
test1052,bm25_only,0.6924416896584327,0.3405828356884004,0.382899740651873,True
test1054,bm25_only,0.4635138276965349,0.40075626173732504,0.312683276238044,True
test1057,bge_only,0.5216572503115281,0.34606259147575,0.4137629280084079,True
test1064,bge_only,0.4857973002968941,0.3397410020323314,0.32825774387709306,True
test1065,bm25_only,0.5101764322537662,0.32473610928581326,0.338131449752811,True
test1070,bge_only,0.6764692324562919,0.47341707227904534,0.5453429983718934,True
test1071,bm25_only,0.5250391511374276,0.3331722418148793,0.29542242348694764,True
test1072,bge_only,0.46712058643808335,0.5921642453163707,0.5269344913763916,True
test1075,bge_only,0.5738801824668417,0.5430851121554865,0.5909004081830078,True
test1076,bge_only,0.5713202068982984,0.7940293224227108,0.8267970447964144,True
test1077,bge_only,0.36961066109268875,0.35696881239995343,0.3085539849804744,True
test1078,bge_only,0.4905279729775877,0.3574135327964301,0.31588492545875907,True
test1084,bge_only,0.4769057461486363,0.4086597287465283,0.4220237914022192,True
test1085,bge_only,0.45263536393558385,0.39880514729134947,0.43962052251983913,True
test1089,bge_only,0.5282163385660202,0.47805037392834604,0.49944447420902527,True
test1090,bge_only,0.4268630833194045,0.4964105534025649,0.4529886298625377,True
test1092,bge_only,0.5189104801496793,0.5755600224184717,0.6061344165406045,True
test1095,bge_only,0.42436624414390356,0.3482646893049532,0.2744282663501334,True
test1096,bge_only,0.45871834963648667,0.5426888536815585,0.5717759217838249,True
test1099,bge_only,0.4401566844015922,0.6155638885258484,0.6543616465699497,True
test1104,bm25_only,0.551992603594068,0.5655740586211465,0.701199603249699,True
test1106,bge_only,0.506997912407748,0.5818756634414031,0.5055379000198639,True
test1108,bge_only,0.5753185056791909,0.7415785746199705,0.7371896734947654,True
test1109,bm25_only,0.47280728162372637,0.3825298545295842,0.40198633396967604,True
test1114,bge_only,0.6024336439622012,0.6277798560303189,0.6108923736825096,True
test1115,bge_only,0.5618318783920124,0.6074367569025141,0.5121354028098527,True
test1116,bge_only,0.48514723278272304,0.36619011622818576,0.44707261594988107,True
test1118,bge_only,0.47051345811956113,0.602560568121266,0.5473542436393212,True
test1119,bge_only,0.5545701475278343,0.5931933479630641,0.5711950892200296,True
test1120,bge_only,0.5070961816134467,0.6217323802213126,0.6681745281858178,True
test1121,bge_only,0.5141697362973818,0.7059669756432055,0.7116861827637666,True
test1124,bm25_only,0.5387648669644111,0.6858946906273636,0.6752933638472217,True
test1125,bm25_only,0.4654561781912436,0.3341731271681208,0.3043679726775783,True
test1130,bge_only,0.5061811116602241,0.5776991731629721,0.4838103340102276,True
test1136,bge_only,0.5147436088165968,0.4299168317842441,0.44421566724172223,True
test1138,bge_only,0.5519796632056919,0.49965851980773535,0.39701086873793234,True
test1143,bm25_only,0.3263083347219748,0.20953291038447658,0.18964005121825192,True
test1144,bge_only,0.5675933950385866,0.45440502995384574,0.4042554203136371,True
test1147,bge_only,0.541803884895157,0.5659295286105467,0.5841107146748229,True
test1149,bm25_only,0.2513161170755017,0.3938090346997283,0.3951823922847006,True
test1150,bm25_only,0.53278999970977,0.6330941584999114,0.5418104090865808,True
test1153,bge_only,0.405553067259048,0.29746163985411844,0.3233938506827673,True
test1156,bge_only,0.422028614610044,0.4990593625204107,0.5476419224472077,True
test1157,bge_only,0.4982201435388456,0.19579932958662083,0.2943867845885644,True
test1159,bge_only,0.3651729560487047,0.40312750364165106,0.5107051823712749,True
test1160,bge_only,0.5169717068022576,0.3391425231531976,0.39534396541921896,True
test1164,bm25_only,0.4980521177046795,0.4920010618574633,0.5469200862590794,True
test1165,bm25_only,0.5336728828618134,0.470002815802164,0.6249734492253565,True
test1166,bge_only,0.5121129787125901,0.6880627018625539,0.666649180647432,True
test1171,bm25_only,0.614794255872894,0.3999144979780822,0.5554403573394476,True
test1173,bge_only,0.47545748514496927,0.5673468975829468,0.6672847991656917,True
test1175,bge_only,0.5625516929810557,0.6911866906286038,0.7559793762033964,True
test1176,bge_only,0.4923939565989157,0.5170638588416283,0.47527523679250416,True
test1179,bge_only,0.48554694257226205,0.4635002483428693,0.42818482191440316,True
test1180,bge_only,0.5433025459456478,0.5771656733877645,0.5608452974314577,True
test1181,bge_only,0.5162506167186579,0.6540162905745881,0.5793341359094902,True
test1182,bge_only,0.5214580675692907,0.6677063330679814,0.6456887311861604,True
test1183,bge_only,0.5367890332081118,0.6745616703921604,0.5302317861647263,True
test1186,bge_only,0.553026860338835,0.8014225272793714,0.772081958956517,True
test1187,bm25_only,0.4834525970059651,0.5829984362882082,0.6476555417990537,True
test1189,bge_only,0.4671607765407241,0.3994376676339905,0.46462651761329216,True
test1190,bge_only,0.4561555684612485,0.36290539629566176,0.42710234488658855,True
test1194,bm25_only,0.40607838274353236,0.508522407337785,0.35140437076107384,True
test1196,bge_only,0.49737146466343896,0.3578041895826626,0.3990567346499495,True
test1200,bge_only,0.5108702392766127,0.4676755992034415,0.5972889848365639,True
test1201,bge_only,0.5245795320916266,0.4275881243690318,0.5766644932657389,True
test1202,bm25_only,0.4822408137621958,0.3194037126378916,0.3876555930438663,True
test1203,bge_only,0.549572792122897,0.5589899268214007,0.706326973283219,True
test1205,bge_only,0.5207476912279873,0.6775605722438118,0.7599911209338843,True
test1206,bge_only,0.5841449126906924,0.5112993662971285,0.550494154332825,True
test1208,bge_only,0.5662790913723148,0.796319882493972,0.6164002946573282,True
test1210,bge_only,0.5310795526980829,0.5572116966548691,0.4904077771120136,True
test1211,bge_only,0.4194581924153841,0.3754704275955162,0.40548766596601304,True
test1216,bge_only,0.48451459818581705,0.5347635868595704,0.5383475436415114,True
test1221,bge_only,0.4954628245138079,0.6388021334516264,0.6334356468993587,True
test1232,bge_only,0.5274499653780802,0.5218088148570365,0.5664436084394622,True
test1239,bge_only,0.5408669771444564,0.5366024839449078,0.4843511784139104,True
test1240,bge_only,0.5120771251175333,0.2815219382357193,0.27743326028821264,True
test1241,bge_only,0.5632939266042526,0.4651102600823927,0.5382167682363678,True
test1242,bm25_only,0.5534072751740083,0.5051922322979944,0.5455430430440847,True
test1243,bge_only,0.4427056519741462,0.6874659584427303,0.7102037312074024,True
test1246,bge_only,0.5471882146345931,0.8150255487439727,0.7864138909434714,True
test1247,bge_only,0.5224286625351413,0.3292765183003157,0.35842168327580604,True
test1251,bge_only,0.5137018531414994,0.35719603299960323,0.31832784745778153,True
test1252,bge_only,0.4864581886710748,0.35909802191267853,0.3886974716096221,True
test1256,bm25_only,0.4773221502805122,0.3718839033591969,0.4423842611169231,True
test1259,bge_only,0.5572321034223499,0.7950006651367185,0.8578886282680154,True
test1260,bge_only,0.4795697567755706,0.5284448536403857,0.47565389466003016,True
test1261,bge_only,0.4295721968472862,0.5084492324517548,0.4422125665915613,True
test1263,bge_only,0.5021524388120401,0.6620070031642072,0.5676448690190344,True
test1266,bge_only,0.5376055745456211,0.556549584968085,0.5629055410598174,True
test1270,bge_only,0.3748660580323326,0.517672325206138,0.3522447730074519,True
test1274,bge_only,0.4859496050635159,0.6157530066568482,0.48871918460051395,True
test1284,bge_only,0.5684819099298565,0.7152424171716673,0.8012566212940525,True
test1285,bge_only,0.5410689414746613,0.6429739353544728,0.6031548523061637,True
test1288,bm25_only,0.5150854982576392,0.6127241131855048,0.7283144240721003,True
test1291,bge_only,0.6760512169568634,0.7624054986689256,0.7667906815788481,True
test1301,bm25_only,0.48194054514264434,0.558392858374738,0.48240097284989064,True
test1302,bge_only,0.5627943521411052,0.6874561582838634,0.6739110436768784,True
test1303,bge_only,0.5269721456603902,0.5982214594981117,0.45599366106359573,True
test1304,bge_only,0.5675813724488857,0.7187725706543185,0.7394903543554568,True
test1305,bge_only,0.5585733231922548,0.779455632037685,0.8284026124354025,True
test1308,bge_only,0.48500269438405974,0.40973068988663575,0.3047438053349626,True
test1309,bge_only,0.5047967674933035,0.5148169124449097,0.46596327568303153,True
test1315,bge_only,0.49686744975635005,0.39816660221219685,0.3424873468011923,True
test1321,bge_only,0.3629415360745362,0.4401489033270167,0.3966394287309276,True
test1324,bge_only,0.4827234216323014,0.42525510057681676,0.45557380227121097,True
test1329,bge_only,0.5265992321279982,0.7696077462796395,0.8039505168049647,True
test1330,bge_only,0.5054470896721202,0.5144518852591783,0.6158922203195432,True
test1333,bge_only,0.5045355545194898,0.545891491019915,0.4910215427103186,True
test1334,bge_only,0.47370073588912043,0.509055518682897,0.41910051514949825,True
test1335,bge_only,0.4905948026796782,0.5513193493082456,0.5300948289474564,True
test1338,bge_only,0.5122997689103654,0.7542949791934733,0.7574784968273636,True
test1345,bge_only,0.46632428366416767,0.4878800323008996,0.5063541816061307,True
test1346,bge_only,0.566647508029368,0.4312505401822663,0.4252255272133714,True
test1347,bge_only,0.5041404809848253,0.6391952545920455,0.6102449663841982,True
test1348,bge_only,0.49274534905183254,0.4709170169501992,0.40057200204909404,True
test1349,bge_only,0.5461241893356099,0.569955814386523,0.538818931983749,True
test1352,bm25_only,0.4654323799931675,0.22878968912946696,0.2564113545966292,True
test1354,bge_only,0.4688831640823845,0.5536156221493874,0.4884176310956874,True
test1357,bm25_only,0.434668551571359,0.22200367226692105,0.27043970610165247,True
test1362,bm25_only,0.51429487739697,0.45088261481485215,0.4540455435341235,True
test1363,bge_only,0.4823507944888475,0.29076828237916197,0.26443911816935073,True
test1368,bge_only,0.47938370131996577,0.6679102221727329,0.6904703903370114,True
test1370,bge_only,0.497696349072195,0.717852394034284,0.6837896776222432,True
test1374,bge_only,0.5195692171070672,0.728038024032467,0.5712471084816586,True
test1375,bge_only,0.5416757550257577,0.7445276811965205,0.7193872935980952,True
test1376,bm25_only,0.4746750396119963,0.5784807591565599,0.6672236450301641,True
test1377,bge_only,0.4751007828626611,0.3600027469616684,0.31430579851401247,True
test1380,bge_only,0.4175614687295306,0.39307882449978937,0.33326534245328493,True
test1381,bge_only,0.5283666449836397,0.5061981501448695,0.5222758687777862,True
test1384,bm25_only,0.49859849071726986,0.5749902936954329,0.5490390366452637,True
test1389,bm25_only,0.4502392214312883,0.3518177792614954,0.2401307742137615,True
test1391,bge_only,0.5056120491532129,0.5061449124848749,0.47053778176061267,True
test1392,bge_only,0.7093567782675778,0.6292826877394975,0.724956977102493,True
test1395,bge_only,0.5326993959646799,0.5721949909275219,0.541973607605026,True
test1396,bge_only,0.5392833420004085,0.6466392357457678,0.765607553148903,True
test1397,bge_only,0.5051215055663918,0.5415030556921268,0.5477272532562263,True
test1398,bge_only,0.42266137033954776,0.4653069744930143,0.3974657641633359,True
test1400,bge_only,0.4932151697739038,0.6006352343099425,0.48531299691425434,True
test1401,bge_only,0.5085692487338245,0.6407977352130851,0.6558726005419049,True
test1402,bge_only,0.4773553289513484,0.6908457499395747,0.6493886999929994,True
test1405,bge_only,0.4776307476016188,0.5257518309861999,0.5105780149215247,True
test1408,bge_only,0.5250636620059707,0.6137995820001717,0.6361973247657087,True
test1412,bge_only,0.682750110239626,0.7590363070832915,0.7814751177314322,True
test1416,bge_only,0.49612116125215494,0.41768686474628686,0.39872747704258116,True
test1417,bge_only,0.5035411961200986,0.26542778216803303,0.3624368413483378,True
test1418,bge_only,0.5911739614753947,0.5882416771574783,0.6361646315800475,True
test1421,bm25_only,0.5858627155251627,0.4373556111473127,0.5340008986918471,True
test1426,bge_only,0.6425331797738288,0.5036506877173169,0.45415586945475245,True
test1428,bge_only,0.5647354840907867,0.5988997213036504,0.6448329259942165,True
test1431,bge_only,0.45901024802863244,0.5773467781726912,0.5163645342522192,True
test1448,bge_only,0.5642292677730576,0.6090694614291868,0.6972213357239943,True
test1449,bge_only,0.4008483187009096,0.5314776582245018,0.5482127411589133,True
test1456,bge_only,0.5588117234653913,0.4535393324921899,0.55727671374362,True
test1458,bge_only,0.4136049785029417,0.4351819140208758,0.5085912254608722,True
test1459,bge_only,0.3066567904860778,0.47507168969937685,0.4579901770361646,True
test1461,bm25_only,0.44678167860343376,0.32755254378289905,0.37689997064485664,True
test1462,bge_only,0.47068855795092224,0.3574577955778279,0.3626825069211769,True
test1463,bge_only,0.5185414852942655,0.6021846309566764,0.7075507615094094,True
test1466,bge_only,0.5413933724198591,0.6483707113098444,0.6834330608461499,True
test1467,bm25_only,0.5235077322990999,0.45406185324063014,0.49772628011704345,True
test1468,bge_only,0.49139257829068206,0.37982816186725754,0.42928523478582914,True
test1470,bge_only,0.5008970175941132,0.38434894697979266,0.42599160943077735,True
test1472,bge_only,0.5087200849218001,0.505088418335095,0.47499377310729274,True
test1473,bge_only,0.5942453002118554,0.2603322713558086,0.29177529580283956,True
test1479,bm25_only,0.4740170308893674,0.28850416777508403,0.24673506540660164,True
test1482,bge_only,0.5385150420848474,0.6912181186560161,0.7120736245565273,True
test1484,bge_only,0.4722535652880017,0.39877326098341437,0.35081233348344776,True
test1488,bge_only,0.5122727179376343,0.8119618408121364,0.8201963824100318,True
test1490,bge_only,0.7023466163167246,0.6859937476987917,0.6310515009255269,True
test1492,bge_only,0.5204193446064426,0.3894754374003939,0.49666455729353715,True
test1494,bge_only,0.5305552648919061,0.5128475294830867,0.5956734707770484,True
test1502,bge_only,0.5125137938646402,0.658427917170066,0.46205182446486565,True
test1504,bm25_only,0.5148664854627895,0.5334249662961346,0.6629936073954538,True
test1505,bm25_only,0.4997375884489554,0.5773871573619996,0.4841814184713129,True
test1506,bge_only,0.5455241246358344,0.4292667663706289,0.5576780479428477,True
test1511,bge_only,0.3704993587658753,0.6247163244917501,0.6785603442219658,True
test1515,bge_only,0.5204228201827693,0.39539369200600816,0.5018422848505338,True
test1517,bge_only,0.5283960193674117,0.4018105158818938,0.49230628691381123,True
test1521,bge_only,0.46890619568729597,0.5685761367169267,0.5414402387641991,True
test1523,bge_only,0.3138754010526811,0.42453296576012634,0.42389571595976194,True
test1525,bge_only,0.5017659979895693,0.49029596246299134,0.459066214970539,True
test1528,bm25_only,0.5053270712827982,0.6131646069161778,0.5528322041101327,True
test1532,bge_only,0.5409664072629332,0.6582542253884719,0.6973890362943319,True
test1533,bm25_only,0.5609811207604202,0.5444435614029631,0.604826313616343,True
test1536,bge_only,0.42241454392920985,0.3581545457550851,0.2867317680477568,True
test1539,bge_only,0.4100751307218446,0.5664530667645918,0.45705464924815636,True
test1540,bge_only,0.49782265506809203,0.33756675922462875,0.38579119102211995,True
test1541,bge_only,0.4791605902391881,0.704870498110303,0.6100671940481297,True
test1543,bge_only,0.6300609688068485,0.7971678048132365,0.7611102313468995,True
test1544,bge_only,0.4781925990131162,0.42501243401416716,0.4090869590282391,True
test1549,bge_only,0.5606291089795872,0.6844162836710966,0.7484649457573838,True
test1551,bge_only,0.4711177419323304,0.4305109637486903,0.5009045652114101,True
test1552,bge_only,0.5222435056585505,0.6422724362249393,0.6493755200583617,True
test1555,bge_only,0.518473684530127,0.7178796536417387,0.7729040454382985,True
test1556,bge_only,0.5193415301468272,0.4355475070876276,0.38733580788254873,True
test1559,bge_only,0.43616504489046226,0.4020952113709693,0.3462808523846219,True
test1562,bge_only,0.5434906094236818,0.6360753551406602,0.7035227134816143,True
test1564,bge_only,0.5175899968721879,0.4896544416421846,0.4312412850535877,True
test1567,bge_only,0.4352805395759697,0.6683536044928337,0.6726759049547929,True
test1570,bge_only,0.4712868128951248,0.5210609446715234,0.5258839247657999,True
test1572,bge_only,0.557922547306751,0.5968767239934832,0.6660521723910551,True
test1573,bge_only,0.5247124194445981,0.36508948779465294,0.37865170954295335,True
test1574,bm25_only,0.4842340358604213,0.33981967178024375,0.4396000885924573,True
test1577,bge_only,0.5272106603501873,0.543175284532395,0.5810637195580087,True
test1578,bge_only,0.43328733881728104,0.3214336459269412,0.30451060897140575,True
test1583,bge_only,0.3414294040860015,0.22712184716885123,0.21024499088203868,True
test1585,bge_only,0.5354414104215194,0.4606347545870573,0.46139578813386256,True
test1586,bge_only,0.4843578602934511,0.47585152322546287,0.5188335517585976,True
test1587,bge_only,0.5062633485666422,0.6399751660092392,0.6771015739063249,True
test1589,bge_only,0.5139953855706663,0.41880225139249466,0.44295873807349123,True
test1591,bge_only,0.5562226540195856,0.48685575599323483,0.5325673239730017,True
test1597,bm25_only,0.5105329393313333,0.477723986456305,0.4000541101447215,True
test1599,bge_only,0.5164906350926178,0.3662704226634124,0.5038507915159187,True
test1600,bge_only,0.5582139803846734,0.6417102945011669,0.61419211399763,True
test1605,bge_only,0.5045594116344838,0.7125440184101364,0.6575243543115876,True
test1606,bm25_only,0.5052841051611592,0.4062033448849848,0.32048409146954765,True
test1607,bge_only,0.2978187363487943,0.5116847288471162,0.4872096085165939,True
test1608,bge_only,0.5394692360091405,0.5081383748364728,0.5903912167520994,True
test1609,bge_only,0.6288728890302601,0.4166249789143786,0.4608719429056254,True
test1613,bge_only,0.5966576405692656,0.3980299422658697,0.3568261413902213,True
test1615,bge_only,0.5074994416502236,0.30618041538228563,0.3309883948238495,True
test1617,bge_only,0.6823951260386055,0.4902221049981505,0.5840618835226874,True
test1621,bm25_only,0.5583540366794654,0.3679530462869491,0.519499068455909,True
test1623,bm25_only,0.3860527391832751,0.48855561122440766,0.4621481734037663,True
test1626,bge_only,0.5161295656024604,0.8289643887237774,0.859689664339672,True
test1628,bge_only,0.5284686659966813,0.7956897220604213,0.7871180922409847,True
test1632,bge_only,0.5049715536027928,0.3136225400536063,0.2886030632100978,True
test1634,bge_only,0.49861760035694824,0.547884025339321,0.5377155498031881,True
test1638,bm25_only,0.5439977969086317,0.7589725085711879,0.753293864756433,True
test1642,bge_only,0.5016149384747429,0.617420590463505,0.6075586619665776,True
test1645,bge_only,0.3963089442995703,0.280094990976229,0.16013352722404373,True
test1650,bge_only,0.4618015752361054,0.36640896568585307,0.3697792046887705,True
test1654,bm25_only,0.5303220644385842,0.5102755414429747,0.5526936622268587,True
test1657,bge_only,0.4776832525197951,0.4484733630788174,0.5007679522392761,True
test1658,bge_only,0.5028702282862418,0.35003362946895195,0.3350923448568027,True
test1662,bge_only,0.5670331785415116,0.8257695355990085,0.7920510874832157,True
test1663,bge_only,0.5560471389161057,0.5509897935995787,0.6245652197642835,True
test1665,bm25_only,0.45590236835660636,0.29749213424746673,0.354170013050747,True
test1668,bge_only,0.5165571585906543,0.47334188694706736,0.4062401189653274,True
test1672,bge_only,0.5233367165714649,0.40792946620144444,0.5518264527731876,True
test1675,bge_only,0.4689383315759225,0.17866950330557485,0.20448027158038054,True
test1680,bge_only,0.47693055657516714,0.5013095520931069,0.5016737044416661,True
test1681,bge_only,0.5182147107947148,0.5491856734952538,0.5810424849269304,True
test1682,bge_only,0.4492209649681809,0.5401748363879747,0.596114803548952,True
test1686,bge_only,0.5138090405888186,0.35214013364109215,0.38857814668469465,True
test1687,bm25_only,0.4428048620207328,0.4690646667460409,0.5567460031034585,True
test1688,bge_only,0.7760109489642664,0.6464147488681093,0.6542622316670995,True
test1689,bge_only,0.4201670779437762,0.15755888536065604,0.12775624760142074,True
test1690,bge_only,0.4579225043623726,0.40343967051905144,0.32587839572461047,True
test1691,bm25_only,0.5942133434554653,0.392182245157611,0.4611143739563048,True
test1695,bge_only,0.5925856435775708,0.6518248029451624,0.64235299274115,True
test1696,bge_only,0.37828654653198174,0.3609817559798924,0.3730402718393134,True
test1703,bge_only,0.49312938036136716,0.5150623309636513,0.47093315338784186,True
test1708,bge_only,0.5182663242653636,0.4520951517512947,0.4510260461229282,True
test1712,bge_only,0.7248503649017312,0.48010570563437177,0.38214045510871314,True
test1715,bge_only,0.5212461926192443,0.777567914812175,0.8182994504206313,True
test1716,bge_only,0.47169487243542063,0.42073328636717433,0.44794044729343335,True
test1721,bge_only,0.5495863639301386,0.6442885133036984,0.676006414052948,True
test1723,bm25_only,0.41085523054984535,0.5206476638737411,0.4785120609146166,True
test1724,bm25_only,0.4313684471897839,0.19806361361311522,0.19722397629337127,True
test1725,bge_only,0.4966825705542524,0.33473972743262936,0.40359339219787643,True
test1727,bge_only,0.6505507070259966,0.6096957969872643,0.6490486977832977,True
test1731,bge_only,0.46529074753600536,0.43270917368457856,0.417862706592146,True
test1732,bge_only,0.3810076147631158,0.38796848830148384,0.34310041774555416,True
test1733,bge_only,0.2545543675622819,0.5498858499248622,0.5771974335050419,True
test1736,bge_only,0.5519770795037645,0.6010789743444918,0.5033453025620219,True
test1738,bge_only,0.5073312584347405,0.6698336003910733,0.6016423833411921,True
test1739,bge_only,0.5973312188483846,0.6995795551475729,0.6073145680734535,True
test1742,bge_only,0.5812662063303842,0.40538055322368016,0.4565187620831954,True
test1752,bge_only,0.5063620024516112,0.8335456768193011,0.7063752060365874,True
test1753,bge_only,0.49125297571707993,0.2705965621015518,0.3473123494178097,True
test1758,bge_only,0.5126191338437065,0.32101877113809646,0.3200266782458071,True
test1759,bm25_only,0.46879922811013996,0.3869000175861694,0.3435221686211162,True
test1762,bge_only,0.5538122263918568,0.7961056851048299,0.7870293332992166,True
test1766,bge_only,0.4274530280376425,0.49387331085599545,0.3940316696224453,True
test1769,bge_only,0.5425934359707615,0.5220269822644881,0.6791403810211752,True
test1773,bm25_only,0.31848662487244583,0.2768475384848576,0.26955819299988015,True
test1774,bge_only,0.5221586993646098,0.6549659359242392,0.6537313313822848,True
test1776,bm25_only,0.3989245695631637,0.5460491503619055,0.4673606483159618,True
test1777,bge_only,0.4732874876516351,0.4181796941937869,0.34424293545981455,True
test1780,bge_only,0.5618115887383711,0.7117503791139616,0.6931860123084628,True
test1782,bge_only,0.4314560344229108,0.5127426875574645,0.4648661556005733,True
test1783,bge_only,0.5993277303790335,0.6535356394650901,0.6887933406357444,True
test1785,bge_only,0.5568300218301867,0.43257162668102356,0.4516896529434475,True
test1789,bge_only,0.5162166548586131,0.4553425532415185,0.4016557057864421,True
test1790,bge_only,0.3083814401783179,0.30665278569871013,0.26117943505972596,True
test1794,bge_only,0.5370350547943474,0.7478477788495016,0.7640765939510749,True
test1800,bge_only,0.5517058102299008,0.8250829582965163,0.7155000908044623,True
test1806,bge_only,0.45957956567936553,0.3294217293323935,0.27302072122987114,True
test1809,bge_only,0.4563906431866194,0.4204707954181013,0.37761672245833455,True
test1811,bge_only,0.39081235812761644,0.40735160493644135,0.333729809905462,True
test1814,bge_only,0.48025220904430227,0.3367064884785393,0.3373316523013313,True
test1818,bge_only,0.5000970409233082,0.6283607305839102,0.5800657189114931,True
test1819,bge_only,0.5046802897788905,0.5008580044840275,0.3947243320386533,True
test1826,bge_only,0.5112194423212407,0.40202652710729625,0.4873234457343434,True
test1827,bge_only,0.5716755907764064,0.7116633790851544,0.7112841097272201,True
test1829,bge_only,0.5311771033035142,0.544827080116946,0.5554641891356743,True
test1831,bge_only,0.475700119741602,0.47088748630574473,0.4218675286838298,True
test1832,bge_only,0.5201726306448925,0.5076214067010262,0.4405469868647685,True
test1837,bge_only,0.45232087634569845,0.22199506324831872,0.20995598730461382,True
test1839,bge_only,0.544954878619978,0.5134724463081971,0.457229034049452,True
test1849,bge_only,0.5095792453708161,0.5490295453931912,0.609461549761976,True
test1850,bge_only,0.43764462918089464,0.4468057589229121,0.3806342239099842,True
test1853,bm25_only,0.5332617618204761,0.4754936771765347,0.5320322958567417,True
test1858,bge_only,0.512184061974964,0.608822566680845,0.6102766179905363,True
test1860,bge_only,0.5036788991899008,0.6403306099145434,0.6143947748620127,True
test1863,bm25_only,0.48454565231025315,0.32756902829505746,0.2701265814143676,True
test1865,bge_only,0.5296850055456795,0.5299148876922848,0.4682288177669947,True
test1866,bge_only,0.4459764165642996,0.3533769013309331,0.3326259550204303,True
test1867,bm25_only,0.5686102273141194,0.3609670650360715,0.4721515471117558,True
test1873,bge_only,0.4751161542416063,0.30127494859829473,0.36555676537698045,True
test1880,bge_only,0.5538140469133304,0.7391109518559261,0.8076508837282508,True
test1881,bge_only,0.6889263107905877,0.521904270759658,0.6028535383153115,True
test1890,bm25_only,0.5130845755056642,0.5678427791412572,0.5309525441495274,True
test1892,bge_only,0.5203496345618421,0.5129181362955687,0.5403556701161024,True
test1893,bge_only,0.5417222254062424,0.6154126618667096,0.7168537209431816,True
test1898,bge_only,0.6131992919367685,0.6060274644535624,0.5774627998736962,True
test1900,bge_only,0.48337080759187134,0.41226473479617437,0.4263535911733913,True
test1901,bm25_only,0.5657118994464181,0.5194631240293175,0.5048529777952263,True
test1902,bge_only,0.4652374662470001,0.7545942300316738,0.7657383840426203,True
test1903,bge_only,0.529079855549847,0.5984470120362823,0.5199179149723725,True
test1904,bge_only,0.5681674675493882,0.50929737158555,0.5063333856019232,True
test1908,bm25_only,0.5544577191518003,0.3012839231683077,0.4403866430998484,True
test1911,bm25_only,0.5033072195032432,0.5024087105447405,0.5302428070437176,True
test1913,bm25_only,0.47020687274591816,0.4260119990158893,0.539845081940948,True
test1915,bge_only,0.5302212570050125,0.7045465919984051,0.698976787927233,True
test1917,bge_only,0.3812579360113642,0.476254654906645,0.5100530669469985,True
test1918,bge_only,0.43369797618555656,0.3378483259641878,0.3152611326324323,True
test1919,bm25_only,0.45203709803228925,0.5211976049122551,0.38384850240230695,True
test1922,bge_only,0.5923204379432802,0.6499783256912478,0.6964289743319853,True
test1927,bm25_only,0.5257968525141903,0.3327767526817424,0.36551322453929647,True
test1928,bm25_only,0.5121750892565435,0.44288565544579567,0.49917554800028835,True
test1930,bge_only,0.6456270786276292,0.5757851235962866,0.5878440103677507,True
test1931,bge_only,0.40912197687617224,0.3056819668837744,0.35380929742922407,True
test1934,bge_only,0.5467470919200845,0.42943232727841496,0.3736038252190616,True
test1935,bge_only,0.4657258406701786,0.3756026949112671,0.36393266946663805,True
test1936,bge_only,0.5031623641870997,0.6491740941452316,0.5795394352484023,True
test1937,bge_only,0.5016938080168095,0.40307770925862224,0.42276915632728845,True
test1938,bge_only,0.5364589380820182,0.4048146134645846,0.36402068861144504,True
test1939,bge_only,0.5118034464169845,0.5593652785986837,0.6241161774984271,True
test1940,bge_only,0.46134057719393284,0.4119490929849227,0.45113839322272387,True
test1942,bm25_only,0.4583279930548913,0.4755549889110576,0.43089046005362813,True
test1944,bge_only,0.4586126856994609,0.4691745789707533,0.39826516868769524,True
test1945,bge_only,0.48314111670722276,0.27124299582614897,0.31758360226178495,True
test1948,bge_only,0.6828083497689945,0.7407203342419666,0.7044306043093002,True
test1951,bge_only,0.4549834923097552,0.4090582891080073,0.41361447622312525,True
test1955,bge_only,0.44515318221037076,0.4445964724802183,0.45559713712901323,True
test1960,bge_only,0.5110534976875356,0.44188516100901315,0.545797333085545,True
test1961,bge_only,0.5234550096212643,0.6895708131740668,0.6794464997411764,True
test1963,bge_only,0.5666726047932766,0.4739808682489186,0.46310144591494395,True
test1964,bm25_only,0.3898034631282922,0.332947443016334,0.31358825802492585,True
test1966,bge_only,0.39476857243196184,0.21727770280752598,0.3029159951076239,True
test1967,bge_only,0.4560547520937276,0.7178599198110008,0.783905126870331,True
test1970,bge_only,0.5326229726420655,0.7260192684390729,0.6851691275281063,True
test1972,bge_only,0.4733638678555243,0.676487169641638,0.5551281802009519,True
test1974,bge_only,0.5088399347419142,0.41664359688112856,0.3977003388256279,True
test1979,bge_only,0.508269808560706,0.572448920888174,0.4783834695577344,True
test1985,bge_only,0.4816704414600538,0.4956307215696236,0.3942887111719566,True
test1986,bge_only,0.5273585909207323,0.50835554312913,0.4965230027382941,True
test1987,bge_only,0.6701100419881438,0.7251450122884786,0.6418499191386221,True
test1991,bge_only,0.5126820303499668,0.5243337363368605,0.5052627773093447,True
test1996,bm25_only,0.5233770959603747,0.17917176546973923,0.2617483678227901,True
test1997,bm25_only,0.40088966558115147,0.40044540150703145,0.3583639470208747,True
test2000,bge_only,0.5066297748931013,0.5984857893723015,0.6862473707249196,True
test2002,bge_only,0.5023860819548067,0.5631076390841707,0.595075255066205,True
test2003,bge_only,0.5343586252047451,0.696563207002525,0.7608663272852011,True
test2004,bge_only,0.4678439911739609,0.33182748203934537,0.37414395760590485,True
test2007,bge_only,0.28925999025281207,0.2109073100769289,0.24147496700812118,True
test2009,bm25_only,0.5455611265555521,0.6872415634058144,0.7510031456351398,True
test2010,bge_only,0.4653450891489606,0.3897483740041651,0.44981123859379063,True
test2013,bge_only,0.4719537819678117,0.4837537205646151,0.6035472580866472,True
test2015,bge_only,0.5074113311403127,0.35293157016088283,0.42597402603406925,True
test2017,bge_only,0.4812242628187033,0.5171959016422506,0.4186038913588363,True
test2021,bge_only,0.4844288532601925,0.710594704824318,0.6048644868586239,True
test2023,bge_only,0.4593553050562798,0.5141861978976245,0.4214276308857094,True
test2024,bge_only,0.3930836277337776,0.3217579219040312,0.2965024386040226,True
test2027,bge_only,0.4978451373810134,0.5472264716753955,0.5422256825266651,True
test2029,bge_only,0.4347398053687575,0.25749361739612214,0.21342734768710137,True
test2033,bge_only,0.5251441139921177,0.5501218692882912,0.5672525694584156,True
test2036,bm25_only,0.4130395676315314,0.4191673934184067,0.5139743734922936,True
test2037,bge_only,0.49742418397298915,0.7046799856919914,0.6546278678063507,True
test2046,bge_only,0.48599634301790284,0.41015643423632825,0.3729398998908669,True
test2053,bge_only,0.4949195402189523,0.48033952462629703,0.49679609305364303,True
test2054,bge_only,0.399568145324234,0.39770962835308593,0.3395513527904724,True
test2057,bm25_only,0.4245528296631077,0.5655342449692197,0.4979021369433069,True
test2062,bge_only,0.5132129642710453,0.6268084216011982,0.5295880386979557,True
test2063,bm25_only,0.4697995116054795,0.20919559985017477,0.18881167563857212,True
test2064,bm25_only,0.45383387567254413,0.4491080519522128,0.31427604731345127,True
test2067,bge_only,0.4895896689056454,0.3155915588658685,0.24520649931946634,True
test2068,bm25_only,0.49362645157603824,0.5652796872006048,0.6199345805324771,True
test2071,bge_only,0.18024821982097547,0.3923133714712226,0.420186260633232,True
test2074,bm25_only,0.428655415264248,0.3791587162890952,0.29207758180073884,True
test2075,bge_only,0.4931152762821847,0.3951387969758383,0.4319866767022011,True
test2076,bm25_only,0.45144670097290085,0.3542312088321126,0.4178364666724691,True
test2083,bm25_only,0.48624491002166825,0.4340658021615411,0.3345940373465433,True
test2084,bm25_only,0.5457886251974106,0.31769131127624645,0.36193960323281804,True
test2086,bge_only,0.5373319327951296,0.5043807071367442,0.3345616514824115,True
test2087,bge_only,0.5456413203339495,0.6071852912080425,0.6723546655991188,True
test2088,bm25_only,0.5115480620219455,0.4070913795628511,0.32109775594284024,True
test2093,bge_only,0.4034202228755847,0.6382381216287706,0.5081029061783194,True
test2094,bm25_only,0.5750687506435027,0.5140814167176302,0.49605439308942534,True
test2100,bm25_only,0.5305639902150302,0.3707387779861612,0.5693754848019053,True
test2101,bge_only,0.5773315473036933,0.5088907746871347,0.5107424766776663,True
test2102,bge_only,0.48937507606100333,0.4825490213595487,0.41678085900341444,True
test2106,bge_only,0.5043472779142838,0.5545627462570188,0.4840125881768988,True
test2107,bge_only,0.5449117885874254,0.7995297140274112,0.7166113749736834,True
test2108,bge_only,0.5160642367711451,0.5545689341660799,0.5427116653919886,True
test2111,bge_only,0.4870162463866795,0.45669291589465605,0.39664241871411005,True
test2113,bge_only,0.4261182469723905,0.6124185634245248,0.5239450429432619,True
test2116,bge_only,0.46749467159601904,0.4538428468429383,0.5082876957691179,True
test2121,bge_only,0.5248411921706262,0.49331523818999706,0.4769903968340443,True
test2122,bm25_only,0.5051308147478499,0.4066737350921268,0.4251637452846203,True
test2125,bm25_only,0.42087224891132563,0.6528574183904621,0.5108321944559636,True
test2128,bge_only,0.534603698760966,0.32712152850714404,0.32353419675500156,True
test2130,bge_only,0.5539202230260286,0.5480959608224645,0.5981928391116403,True
test2132,bge_only,0.5308457008073638,0.39437775472630915,0.3710979311349424,True
test2138,bge_only,0.4960318853079126,0.8641975812367749,0.8755627962946461,True
test2139,bge_only,0.49767772294290685,0.4736753144081603,0.47787881763959394,True
test2140,bge_only,0.5108305050739692,0.3968720456028856,0.4125925222756956,True
test2141,bm25_only,0.5378968543848451,0.6161925524190754,0.697978324259547,True
test2142,bge_only,0.6850893898000974,0.5096608791784122,0.4839720576598367,True
test2146,bm25_only,0.338283701946983,0.21914040117761888,0.23224741816643565,True
test2148,bm25_only,0.4764437258092335,0.4081724263295179,0.3916393182193117,True
test2149,bge_only,0.5430318024372128,0.7794301236044213,0.7539292967167406,True
test2156,bge_only,0.7118603128222815,0.7514196509812685,0.6844879671903985,True
test2158,bge_only,0.49896922845521585,0.4283064481542289,0.5089289346519452,True
test2160,bge_only,0.4998597439284202,0.5038468883041057,0.5460608029852976,True
test2163,bm25_only,0.483467415129596,0.37694736978758203,0.34647500799874226,True
test2166,bge_only,0.4775789955077273,0.44399796948848663,0.4296274290863704,True
test2177,bm25_only,0.4455120928127307,0.3738808530134117,0.3394785069816122,True
test2180,bge_only,0.4733600444766652,0.4346539067351655,0.46453936783156036,True
test2182,bge_only,0.5332219365377568,0.564755449181214,0.6074869516256017,True
test2183,bge_only,0.6322852091129236,0.8514050991821503,0.8566663708438333,True
test2184,bge_only,0.5217553031594618,0.20736086455593986,0.22702060823569983,True
test2185,bge_only,0.49105546456341526,0.39170057088868676,0.3461173736867628,True
test2191,bge_only,0.5463838950219067,0.5168974109866398,0.49529358196457735,True
test2193,bm25_only,0.5188962544643505,0.2997340586606411,0.3087950139300564,True
test2195,bge_only,0.5037549167388232,0.5362056411065229,0.6749177795364126,True
test2201,bge_only,0.5134634876556342,0.7565400127249626,0.760978010628658,True
test2203,bge_only,0.48751045278798305,0.5472268599916753,0.4879327546876207,True
test2206,bge_only,0.5467199025063024,0.487496432297005,0.5184173323965169,True
test2207,bge_only,0.6768401524232877,0.7804899116068874,0.7171541182778703,True
test2210,bge_only,0.5412755995897851,0.6403112816897539,0.6428610988336481,True
test2211,bge_only,0.27747768375342285,0.4440022667499168,0.392886174173938,True
test2214,bge_only,0.5048726895224885,0.4994695069514203,0.39075560139131205,True
test2215,bge_only,0.4271868520715337,0.21738354686102673,0.14747650865227077,True
test2218,bge_only,0.45336092813678125,0.28340553135992413,0.3083380469259774,True
test2220,bge_only,0.5607754480748349,0.3747577080950894,0.3773627254046359,True
test2224,bge_only,0.5215045377901539,0.7156915995779936,0.7044871954565208,True
test2226,bge_only,0.5342543331213815,0.5227694636963646,0.6016839261805581,True
test2233,bm25_only,0.500635936660374,0.2660314750691531,0.2478719341369357,True
test2237,bge_only,0.5777693445208172,0.4519760395534135,0.5264488620482052,True
test2246,bge_only,0.4873296607016477,0.6271555498257319,0.6345731674161794,True
test2247,bge_only,0.48388179020395916,0.4314444176813507,0.39873220695329814,True
test2248,bge_only,0.5575047336893174,0.4498175095826825,0.5309233316370454,True
test2249,bge_only,0.5566796409412191,0.40446471393085454,0.4479953943318122,True
test2252,bm25_only,0.46098101287171855,0.39953666121984077,0.5292138399877321,True
test2254,bge_only,0.5156202863229472,0.5010943410715909,0.4994166422909199,True
test2255,bge_only,0.5500808454383014,0.6015380773063294,0.7143789897311722,True
test2256,bm25_only,0.38156278833242563,0.44668089152729146,0.393458632235934,True
test2260,bge_only,0.5177534933546354,0.5119078140908454,0.4802998357182058,True
test2264,bge_only,0.5196008515552754,0.6136490871314263,0.5565717834942694,True
test2266,bm25_only,0.44234688963354457,0.36662264437930525,0.4213923504284478,True
test2269,bge_only,0.5065087041360786,0.5076903104643223,0.4758340648506468,True
test2273,bge_only,0.5638152941984158,0.5092812833619756,0.5312657962308269,True
test2275,bge_only,0.5257415509659613,0.3969420640048172,0.535938174516789,True
test2281,bge_only,0.428586409028137,0.4310456240828104,0.3855525835725449,True
test2283,bge_only,0.3305222288087307,0.6575723951142798,0.526821342504324,True
test2284,bm25_only,0.5100939295912391,0.33516072256396995,0.41224526358211394,True
test2285,bge_only,0.42493211003987397,0.4185709555805002,0.4105541555673848,True
test2286,bge_only,0.6272779382896737,0.5676595692760453,0.5250828223899933,True
test2287,bge_only,0.48087910374678,0.5183001671928835,0.534061608731366,True
test2293,bge_only,0.6526542056912781,0.5882797140200111,0.6816191855381677,True
test2294,bge_only,0.5452501593741937,0.6547851236871862,0.6881663061405239,True
test2297,bge_only,0.5289942063052844,0.5356055079081415,0.5932958917178717,True
test2299,bm25_only,0.49181571892082226,0.48883425084585086,0.5039468491191088,True
test2304,bge_only,0.5445634893443613,0.5565795984109065,0.5973181059387848,True
test2308,bge_only,0.4928912093789056,0.38787498332544834,0.4619639851596963,True
test2309,bm25_only,0.4737747305452963,0.42571570127029473,0.36171842995732717,True
test2310,bge_only,0.5596040429288042,0.5326856464258405,0.6062671939050303,True
test2312,bge_only,0.40118101208500656,0.5032888729621966,0.4245800965187782,True
test2313,bge_only,0.4460330594794557,0.2469479057162583,0.1623963754203452,True
test2318,bge_only,0.3820120251584206,0.5643634881613707,0.6391264287670541,True
test2320,bge_only,0.37949452070053247,0.3489969809278164,0.3357152993683012,True
test2328,bm25_only,0.5326591284276857,0.39043857598227705,0.3529851111104753,True
test2330,bge_only,0.5074102015194055,0.7259464498080621,0.7136191592293681,True
test2331,bge_only,0.42210956345986284,0.5508348292613364,0.44722541614113565,True
test2333,bm25_only,0.4476681899070391,0.5123566176647548,0.49194822262678223,True
test2338,bm25_only,0.5089598817002066,0.5078870091509371,0.5010993204584314,True
test2341,bge_only,0.47529356637545733,0.7062524107579116,0.7790211763986927,True
test2346,bge_only,0.4156916227042203,0.3626985785258419,0.37486805661725975,True
test2347,bge_only,0.5203444824019284,0.41544119676703684,0.46161715618416393,True
test2353,bm25_only,0.5482131270864277,0.7471325888636375,0.7113105984756367,True
test2356,bge_only,0.44106319286738227,0.511065417609294,0.5341219429989089,True
test2360,bge_only,0.5114191586770093,0.6990760325395712,0.7172280091001882,True
test2363,bge_only,0.6163803570623141,0.6301043629172357,0.6931975527120452,True
test2364,bm25_only,0.4074383319826585,0.18034056226647083,0.14665346484798963,True
test2366,bm25_only,0.47541954054864294,0.2405874092126438,0.28863305219699725,True
test2367,bge_only,0.45592093885954443,0.34284283320294723,0.3001342788348326,True
test2368,bge_only,0.48609222501858923,0.45875736395750344,0.5369484585474823,True
test2369,bge_only,0.6804970230666993,0.7484213131246901,0.767974461275115,True
test2371,bge_only,0.5467649724760548,0.5983705791275359,0.6090570110085459,True
test2372,bge_only,0.6164201553948905,0.5054682778490222,0.620058290769706,True
test2373,bm25_only,0.48960269921539884,0.27050731650728355,0.24697294399370232,True
test2374,bge_only,0.48793479842625526,0.5469284726869414,0.4091445898037969,True
test2378,bge_only,0.7901742925758076,0.7044381670668289,0.8052432760238795,True
test2381,bge_only,0.48193050144096666,0.6691770215159014,0.6108753665941132,True
test2382,bm25_only,0.4852456156109963,0.5346555731198755,0.56617205551639,True
test2386,bge_only,0.5818679668583473,0.5812985053789997,0.5826904722059975,True
test2392,bge_only,0.5205393395869423,0.4293878557881232,0.48927166334477507,True
test2395,bm25_only,0.5669604572441288,0.7093073896703903,0.612120624991822,True
test2396,bge_only,0.3898864739160652,0.4541530604916664,0.386554437103999,True
test2402,bge_only,0.5152250172406839,0.609512351947365,0.6613214366185737,True
test2405,bm25_only,0.4524769856479022,0.4005953338275179,0.3592687527031211,True
test2407,bge_only,0.6128544017295499,0.7310723254000705,0.7145571096579463,True
test2408,bge_only,0.535184610865776,0.5268255250145524,0.4806551394005778,True
test2415,bge_only,0.4949292175929813,0.7688876735681422,0.6611133008499905,True
test2416,bge_only,0.5311930415579075,0.5659596039951305,0.5615767303103092,True
test2420,bge_only,0.44251666664561223,0.4954393517221661,0.4307944886822861,True
test2421,bge_only,0.4827215399856343,0.5060203774913192,0.4407053426276267,True
test2429,bge_only,0.5203133341851862,0.3744339044614738,0.42081275817420477,True
test2433,bge_only,0.49375768296299805,0.5943311822565174,0.5854718417866305,True
test2438,bge_only,0.5782741917819493,0.6620284677135316,0.5968607990903305,True
test2440,bm25_only,0.43194906895414875,0.3048660388698744,0.3334915013861908,True
test2446,bge_only,0.6066380707150442,0.6298489546112563,0.6342123113561017,True
test2447,bge_only,0.5070792794223429,0.3982844027768724,0.5337091212115451,True
test2448,bge_only,0.5294438386018637,0.6587350184280127,0.579069079857483,True
test2450,bge_only,0.5193529239794166,0.5130361142688782,0.5453081321448054,True
test2454,bge_only,0.5173241760373607,0.46654233212059176,0.46095676095719773,True
test2462,bge_only,0.4984668951553346,0.7428224875528157,0.7758028013451754,True
test2465,bge_only,0.5060242270445631,0.7677900362749033,0.7366471257290408,True
test2468,bge_only,0.5054600157483999,0.4956539090953603,0.45297727599002874,True
test2474,bge_only,0.6123718532007171,0.7872269246845681,0.8414143922743661,True
test2476,bge_only,0.5439696243588963,0.4545890229976456,0.5020237671374752,True
test2478,bge_only,0.518796483187118,0.7666773953565155,0.7313347981212042,True
test2480,bge_only,0.46263254229752837,0.2297862339357108,0.1977518081849307,True
test2482,bge_only,0.566296991903824,0.6237096967164104,0.6643887980705704,True
test2485,bge_only,0.56355424160967,0.2839122039600177,0.34720424058714483,True
test2488,bm25_only,0.441032334348491,0.5605866587410879,0.5592909842497087,True
test2489,bge_only,0.5298000014031348,0.6926402847107486,0.6201775955826541,True
test2492,bge_only,0.5519195314988201,0.4949520179003716,0.5789941831485877,True
test2493,bge_only,0.5294850425576674,0.7344076541726622,0.7224830121576776,True
test2496,bm25_only,0.46196182508388056,0.44573711922374565,0.32358780495241496,True
test2500,bge_only,0.5337264965386397,0.772653670519479,0.7292856303166133,True
test2501,bge_only,0.5247360897833054,0.5023971372806978,0.5629313754511791,True
test2502,bge_only,0.4932083325634985,0.6174410545755629,0.6801811512749653,True
test2510,bge_only,0.4784921061771654,0.14495139971263368,0.20998234092314005,True
test2512,bge_only,0.48663515140673713,0.3467653686906533,0.41680761568887,True
test2513,bge_only,0.5668792864998655,0.5929878656711297,0.6932089971935483,True
test2515,bge_only,0.4567351772966492,0.2775199290385419,0.27708983111115626,True
test2518,bge_only,0.506873143657608,0.46696448380928574,0.46829280083455754,True
test2523,bm25_only,0.4393640436632186,0.42496915728085477,0.4130234213489373,True
test2524,bge_only,0.5679974615972742,0.7078149273175316,0.7057364998071528,True
test2525,bge_only,0.4996876849181614,0.5132778930688358,0.5035358155369813,True
test2526,bge_only,0.5117794701173037,0.33719623935490967,0.3644262186862569,True
test2527,bm25_only,0.4445862046281724,0.4502168301046966,0.4672967439081359,True
test2538,bge_only,0.6603853105574977,0.635820788158667,0.6506600072333846,True
test2540,bge_only,0.5022099063975028,0.45552527848254026,0.5358169735787183,True
test2541,bge_only,0.5441747203592072,0.5131880216317777,0.6019690307520548,True
test2542,bge_only,0.4911111103185721,0.4015037474181952,0.39320616906459344,True
test2543,bge_only,0.4740497725910229,0.6593939366789489,0.6713455669127592,True
test2549,bge_only,0.6093957184517819,0.7331718111136201,0.7989687302933253,True
test2551,bge_only,0.4906233164623038,0.6962532986684626,0.6081685690368646,True
test2555,bm25_only,0.3601679605119226,0.3774170911439857,0.4504926659050499,True
test2557,bge_only,0.4711897000798748,0.5038856278209892,0.4864326343931935,True
test2561,bge_only,0.5166893006484721,0.6105676773459842,0.5207727509372965,True
test2564,bge_only,0.48468479910871276,0.726527141061988,0.626850863003539,True
test2567,bm25_only,0.4623272055869372,0.22991438145203844,0.24899588090558564,True
test2568,bge_only,0.6072472280659559,0.556822219813778,0.49422602249811304,True
test2570,bm25_only,0.5017824475207818,0.7377260443819724,0.7977823169339514,True
test2574,bge_only,0.6430623202493225,0.683793473960683,0.66293749707983,True
test2579,bm25_only,0.5223654352951148,0.4176632570855399,0.42292565696157775,True
test2580,bge_only,0.5056962868203732,0.7801161060073752,0.7667461354994534,True
test2581,bge_only,0.5163175671534868,0.4798695926823513,0.5829893919182358,True
test2587,bm25_only,0.4355650623731558,0.2522649219528958,0.16025614858157414,True
test2588,bge_only,0.49302471858665453,0.4400429630624076,0.34443867055922706,True
test2589,bge_only,0.44761439577447254,0.5470199925161876,0.48766515898208773,True
test2597,bm25_only,0.45977338592442607,0.49083052843110125,0.5366150447196881,True
test2598,bge_only,0.4662285492871531,0.5481580929440658,0.5159191225535831,True
test2599,bge_only,0.5817550433250258,0.7410608554004049,0.7724655208449024,True
test2600,bge_only,0.5123866327877185,0.38650519529693667,0.4831960825196942,True
test2604,bge_only,0.5974321538229067,0.5822034714031067,0.5500532088769299,True
test2609,bge_only,0.5818641030894837,0.4594552192448489,0.5170279121962628,True
test2614,bge_only,0.563342089225913,0.673932189225289,0.6841841961249987,True
test2615,bm25_only,0.5063866905986089,0.3180913298721296,0.2310349831004562,True
test2618,bm25_only,0.49083284118715786,0.520604370671361,0.6267528428437376,True
test2619,bm25_only,0.5324828924000192,0.6190133137620165,0.6597890436097753,True
test2620,bge_only,0.5286698313657578,0.6532320478456287,0.7528706053067528,True
test2621,bge_only,0.47093139284811314,0.4625728893522538,0.4019326124312409,True
test2623,bm25_only,0.5253809234026828,0.3313387965380628,0.3910651599691751,True
test2626,bm25_only,0.5352632942282598,0.30674472735570796,0.3679849005534615,True
test2631,bge_only,0.4762240256457964,0.5704709356697311,0.45999349812340834,True
test2634,bge_only,0.5404028239871105,0.5779415880096366,0.6060407391658997,True
test2642,bge_only,0.5301758043917097,0.6060654513339592,0.5345463270429204,True
test2644,bm25_only,0.6806329987969139,0.4101205838860248,0.4750997840691937,True
test2645,bge_only,0.39984076753527925,0.4029666458026613,0.289548283927194,True
test2655,bge_only,0.47845159964043543,0.5565442278403754,0.5788136896286734,True
test2658,bge_only,0.5135490057341423,0.6782593066194638,0.6976380892788954,True
test2660,bge_only,0.33976810563125287,0.5358396763274085,0.6355999213014966,True
test2664,bge_only,0.5444848429519025,0.4478945393974639,0.42802643941731283,True
test2667,bm25_only,0.490340451956477,0.2809812198334048,0.3249226951274666,True
test2673,bge_only,0.623128434760731,0.6636203471778634,0.5965162624023183,True
test2675,bm25_only,0.5473281651523931,0.5183552240480246,0.5617313721973339,True
test2676,bge_only,0.7057943415231445,0.6794778035295921,0.7267917319210017,True
test2677,bm25_only,0.5175483320878257,0.5358451917515922,0.5347954353853511,True
test2679,bge_only,0.5666862275038745,0.57285697436894,0.6662934270670472,True
test2681,bge_only,0.2996027076528103,0.3684805694431822,0.23402618875996453,True
test2685,bm25_only,0.45183347983084804,0.38889853001075186,0.4360672476446524,True
test2689,bge_only,0.4993521667551851,0.6466853841334684,0.5821067678676599,True
test2690,bge_only,0.6799420935839019,0.6731919113838692,0.7287450524096707,True
test2692,bge_only,0.563919697757148,0.44921643530120176,0.4888257800209129,True
test2694,bge_only,0.49265826084768877,0.5857852372117935,0.6445470364160449,True
test2702,bm25_only,0.5177344259061814,0.68145274788108,0.6225931922208131,True
test2703,bge_only,0.5486544307188683,0.6918719509449934,0.7202371109833815,True
test2707,bm25_only,0.6652217734566986,0.5649878618490664,0.6035862889506477,True
test2710,bm25_only,0.4488177279651208,0.3039529492134412,0.24212790818302718,True
test2713,bge_only,0.5188365079809175,0.8044718909168377,0.767671440343264,True
test2715,bge_only,0.5046324032254506,0.38479155747211974,0.32860196050014256,True
test2719,bge_only,0.5721252050441517,0.5768703509575345,0.6221160720892793,True
test2721,bm25_only,0.5656029443548297,0.37358285080583103,0.5350631870522785,True
test2722,bge_only,0.5191992115657935,0.6053336780663168,0.7355022321185468,True
test2723,bge_only,0.5266862077017395,0.8517591133781993,0.8446780208933024,True
test2724,bge_only,0.5170799613631666,0.7157151340293264,0.685301575535334,True
test2732,bge_only,0.5173343355118194,0.5351311576461355,0.5057603230716656,True
test2733,bm25_only,0.4397947233888649,0.3725164986451998,0.41352867450636205,True
test2734,bge_only,0.5370170995987422,0.7383076710464752,0.7414234992762281,True
test2735,bge_only,0.5803886544889706,0.5163643690716745,0.5759640374733699,True
test2737,bge_only,0.5906276036905291,0.778171228843952,0.7705973297194646,True
test2740,bge_only,0.5205069175655227,0.7837270272270487,0.7372264603601626,True
test2744,bm25_only,0.5053329794759257,0.3666644609749009,0.4178703221560498,True
test2750,bge_only,0.5313134164635508,0.6034193025101804,0.6568694503567362,True
test2753,bge_only,0.5121647646137159,0.3460241380052874,0.40110867556621754,True
test2755,bge_only,0.4869574499495003,0.604513370887164,0.6697084518392669,True
test2756,bge_only,0.48251367206914875,0.805866336182453,0.8373489274362867,True
test2759,bge_only,0.4917226431788535,0.3921994031176326,0.37815907701504387,True
test2760,bge_only,0.5252909648720707,0.5223648906657992,0.45386110139859215,True
test2762,bm25_only,0.4665229660422104,0.3777674923563723,0.39855819719751046,True
test2764,bge_only,0.5161794716324468,0.5192462413510011,0.49781630969588847,True
test2765,bge_only,0.5190834602454727,0.3168195061527002,0.28945469840932103,True
test2767,bge_only,0.5603291524819659,0.6924575508095641,0.6793074886212008,True
test2770,bge_only,0.5276689749441154,0.8246401403831328,0.8287588486700607,True
test2772,bm25_only,0.4720801223407463,0.3260726151305044,0.34168472633009483,True
test2775,bge_only,0.49190490668871883,0.5756191347866967,0.4198898878339766,True
test2778,bm25_only,0.5474062840976877,0.5188639753802705,0.6020488324456413,True
test2782,bm25_only,0.5027582066533421,0.49945663049755695,0.3595834541591346,True
test2785,bm25_only,0.3134237815812066,0.19161067725436157,0.25457800278559334,True
test2786,bge_only,0.5680961870513577,0.5487438310803842,0.5369062718228054,True
test2787,bge_only,0.4162070145461798,0.5092216880419469,0.45963522783029914,True
test2795,bge_only,0.6497378496229476,0.7271656004601882,0.6827099061151087,True
test2796,bge_only,0.4950602211040419,0.8362858025388852,0.8681030699674448,True
test2797,bge_only,0.4841404228008947,0.549658267868416,0.5923324781174234,True
test2798,bge_only,0.46707556259698063,0.37193529220931565,0.4087691083990789,True
test2803,bge_only,0.3298675036795185,0.6477793115110924,0.6570828673275549,True
test2804,bge_only,0.5219297589626771,0.6380917599987151,0.7017713454193617,True
test2810,bge_only,0.48984471234589044,0.569718566879693,0.5684608130593447,True
test2814,bge_only,0.44069084773099465,0.47683201146508963,0.4638317068164954,True
test2818,bge_only,0.5558419743061157,0.3750100653590966,0.42772621203691147,True
test2820,bm25_only,0.5114427521941338,0.29673732687735405,0.4923019826670435,True
test2822,bge_only,0.5439815417879547,0.6502161497530609,0.7392212488576061,True
test2823,bm25_only,0.595389859910947,0.44523108314082316,0.49909042283999266,True
test2828,bm25_only,0.43587283172309,0.417216223914323,0.36436096332824264,True
test2829,bge_only,0.526481994978403,0.4985679108398725,0.44204149653202146,True
test2830,bge_only,0.6390939432479061,0.5944973842548813,0.6975282164384843,True
test2836,bge_only,0.3235097937956468,0.32954578057299,0.24835293667981836,True
test2837,bge_only,0.38316857619001843,0.3381075949007931,0.20954553867983605,True
test2840,bge_only,0.5457750574378636,0.6400614746759572,0.7130945775256053,True
test2841,bge_only,0.5415997270004592,0.6654520791165905,0.6040821355031103,True
test2842,bge_only,0.4953192165018961,0.4791782206015737,0.44087580215626376,True
test2849,bge_only,0.5054129718694351,0.4686126194056887,0.40154823730373806,True
test2850,bm25_only,0.48876863743049354,0.28886639226797034,0.2317042771237917,True
test2851,bge_only,0.48788094981324404,0.6399598249899691,0.501583653512675,True
test2858,bge_only,0.5010893253229374,0.5391424338183761,0.44578975924243835,True
test2863,bge_only,0.5511943891804563,0.5913192420241221,0.7018784761349036,True
test2867,bge_only,0.5700871043419071,0.4584619069036082,0.5443541033754024,True
test2874,bge_only,0.47708805047611474,0.42769647489368046,0.5249276350784716,True
test2875,bge_only,0.4006309965530738,0.5407797857882546,0.6683222508449872,True
test2876,bge_only,0.6900524953149669,0.7327068972151844,0.8113814479208695,True
test2878,bm25_only,0.509312322661508,0.3291779504406477,0.37820404303426935,True
test2879,bm25_only,0.5495944975233842,0.4891623149493668,0.5305099082931297,True
test2884,bge_only,0.5811229240159921,0.5805052816672825,0.5373807449170663,True
test2885,bge_only,0.5444544632120881,0.38244480079050697,0.3166285335665295,True
test2886,bm25_only,0.5561989453665964,0.5928522101271345,0.6395117475095462,True
test2887,bge_only,0.5519034038559555,0.5192129155458872,0.6398955413578608,True
test2889,bge_only,0.529760019361324,0.6207216652008227,0.7288414136584835,True
test2894,bm25_only,0.5403400947352309,0.3582935245462253,0.290209407680827,True
test2899,bm25_only,0.5257774221040038,0.43863824476809316,0.5414533296173694,True
test2901,bge_only,0.5702238646630999,0.8433515322626963,0.8161706939585331,True
test2902,bge_only,0.48272209319424103,0.2512349138808331,0.3683614450486756,True
test2908,bge_only,0.5229737666286022,0.6243018610867851,0.591483738589895,True
test2909,bge_only,0.49792862132344046,0.47957694838931136,0.5090760454648534,True
test2911,bge_only,0.4990321557149661,0.6417928320683011,0.6092414625666527,True
test2914,bm25_only,0.4872185171241612,0.2549217080114793,0.3392562622510841,True
test2915,bge_only,0.5063195747418314,0.4526488381820776,0.39051758527685665,True
test2916,bm25_only,0.500120897829787,0.685542044799353,0.6615683259491143,True
test2921,bge_only,0.526743763541682,0.6683512930722236,0.6280012790660863,True
test2922,bge_only,0.48704819636852503,0.4034061011531585,0.3907797277515019,True
test2923,bge_only,0.5166129167898063,0.7948985775628031,0.7443874704950849,True
test2924,bge_only,0.5087189418792223,0.38127072963128006,0.36772901473727043,True
test2925,bge_only,0.48382466489728243,0.4792274560283107,0.38818268561100244,True
test2929,bge_only,0.4559221445981634,0.3979540650067783,0.42408955770126205,True
test2931,bge_only,0.5483988109899139,0.6470702564565811,0.5553768294343652,True
test2932,bm25_only,0.47492177301306227,0.505499441581128,0.5496384397899678,True
test2935,bge_only,0.543121259064265,0.6599049938712752,0.6502073696646817,True
test2936,bge_only,0.6638886839523148,0.5732210826546336,0.5215961960005204,True
test2937,bge_only,0.5444641813562878,0.6549904045764264,0.5452590447519262,True
test2939,bge_only,0.429543098234763,0.22731150947290615,0.23089001157747321,True
test2940,bge_only,0.47274516354522333,0.5724672845292369,0.5632096931810356,True
test2941,bge_only,0.31805783124166337,0.7289373732797848,0.6825408883722609,True
test2943,bm25_only,0.4907878872792192,0.4310189258593434,0.40088579630453847,True
test2949,bge_only,0.4873733122941536,0.6528620458157057,0.5966239601565761,True
test2951,bm25_only,0.4945592371773893,0.6371312584655718,0.6505966808605615,True
test2954,bge_only,0.5636626371161486,0.48412349270731364,0.5178968304201251,True
test2959,bm25_only,0.5174283804230719,0.5536946612752419,0.5113304849179714,True
test2961,bge_only,0.4596233492671081,0.4415220868484739,0.5181961646809814,True
test2963,bge_only,0.4900986838770911,0.26844380720254724,0.30416573083927834,True
test2964,bm25_only,0.5514392858462333,0.6375961534201385,0.6220720857977226,True
test2969,bge_only,0.4710559791339893,0.5919070620534037,0.6024080200073235,True
test2970,bge_only,0.5045803242090612,0.45518940922267703,0.44647050389604337,True
test2971,bge_only,0.5219635974230553,0.7107633315684632,0.7456640447355658,True
test2972,bm25_only,0.4414151447304704,0.3241269561180827,0.38433993302815284,True
test2973,bge_only,0.4597305319289006,0.4203775771015067,0.43757992466153117,True
test2974,bge_only,0.5182253156624891,0.2778042323585205,0.32833787229317535,True
test2977,bm25_only,0.4928759113131395,0.3738470438669152,0.39367073937097213,True
test2984,bm25_only,0.49030391775208115,0.45550781877398094,0.40627968044569185,True
test2985,bge_only,0.46868731363614774,0.2882276990041186,0.2820528765210383,True
test2986,bm25_only,0.42332220765963874,0.2617906029624814,0.24515201018897967,True
test2989,bm25_only,0.4652224918589785,0.36447673622632276,0.31086853209215787,True
test2992,bge_only,0.5377366582234612,0.30506844625047347,0.35315161659627753,True
test2996,bge_only,0.5176141313517175,0.4300450539180271,0.4444683330144618,True
test2998,bm25_only,0.4692900283722218,0.6215563785060069,0.47658630891748965,True
test3001,bge_only,0.5701449349586527,0.7287879722666862,0.7843941100704487,True
test3003,bm25_only,0.4954875902285076,0.4029294501339485,0.45600225716308407,True
test3004,bge_only,0.5363458265748455,0.3438296234039544,0.42814744491279133,True
test3008,bge_only,0.4623498413008655,0.6119310063890195,0.4948353548518755,True
test3009,bge_only,0.41286715743838825,0.51552870664957,0.5220735125376276,True
test3011,bge_only,0.6024304550057188,0.7610947752094858,0.7152698485484803,True
test3014,bm25_only,0.43331138738924063,0.5412249247472647,0.4931935052440167,True
test3017,bm25_only,0.4829700253427209,0.42531613655740913,0.4799208039218333,True
test3019,bge_only,0.5016462436149394,0.2579644954254794,0.25297706175512613,True
test3020,bge_only,0.5062607706169309,0.5435864946103725,0.4845964124490275,True
test3023,bge_only,0.5750652015624514,0.5455606966264149,0.5853906886420203,True
test3024,bge_only,0.5314941940941641,0.48896090566816464,0.548247173488248,True
test3026,bge_only,0.5069409360827328,0.5237856275579532,0.48842941797537076,True
test3027,bge_only,0.5283502830186915,0.5969574103045019,0.5381028475603159,True
test3031,bge_only,0.49220361058750467,0.5392184414096948,0.3921867608506256,True
test3032,bge_only,0.5213989384464413,0.5446883285411018,0.4952875402428417,True
test3033,bm25_only,0.48224235878257493,0.7253136450991632,0.6729372375929203,True
test3034,bm25_only,0.5148250079261012,0.6034805715419038,0.4683022549352038,True
test3036,bm25_only,0.5333759434871722,0.6547007187128426,0.6561101217285603,True
test3040,bge_only,0.5556117687110246,0.8073641104139502,0.7315591870254118,True
test3041,bge_only,0.5032286615608793,0.4754243630446472,0.5262983257350349,True
test3044,bm25_only,0.5155459224486519,0.259772705840358,0.2387153691015441,True
test3045,bge_only,0.5004550118865329,0.2964922824002995,0.3423579337597254,True
test3047,bge_only,0.4612927502234583,0.5148987354132384,0.4402199136708427,True
test3048,bge_only,0.5089804392962911,0.5361160714764246,0.5182503435898902,True
test3053,bge_only,0.31795433489676,0.37005614788371055,0.4502078095924559,True
test3054,bge_only,0.5183887285452327,0.2734375262373717,0.40255783096029474,True
test3055,bge_only,0.4715713568325932,0.5041542675911889,0.4804714744620095,True
test3058,bge_only,0.4480497465640973,0.4670717423813739,0.45190690800960065,True
test3059,bge_only,0.35827164470677153,0.5973769967388685,0.5257848448493169,True
test3060,bge_only,0.4076557951678658,0.6564601187983018,0.6255590132744557,True
test3062,bge_only,0.5466808686181605,0.5582094177954101,0.49514743569243025,True
test3064,bge_only,0.5328569745478643,0.5509471276289267,0.5155230227379127,True
test3067,bge_only,0.47530345077574976,0.8137826956228902,0.7401263243719679,True
test3068,bge_only,0.43182262979950214,0.4496456440342293,0.3464665433502144,True
test3070,bge_only,0.5211188478501283,0.7246228576390171,0.7928241138402,True
test3075,bge_only,0.3830327889455211,0.3594190279906952,0.3949933670638869,True
test3076,bge_only,0.527956785206907,0.4667980704670285,0.43669834559701826,True
test3077,bge_only,0.5278403468416148,0.530559973896546,0.6143458065697491,True
test3078,bge_only,0.5329711660369618,0.5237840961402453,0.5755575299847173,True
test3079,bge_only,0.5279307284083988,0.5470463308146394,0.6292299043928052,True
test3081,bge_only,0.5639921398033257,0.7130779516966276,0.7548957294539225,True
test3083,bge_only,0.4955673955454317,0.6254325689073489,0.5840282801690748,True
test3086,bge_only,0.5089508203724921,0.7554050028935242,0.7467318867046702,True
test3087,bge_only,0.5234174420614196,0.45349850920738327,0.46722771545372005,True
test3089,bge_only,0.5440210604734133,0.30847113638096174,0.352285610889049,True
test3093,bge_only,0.4933745396417684,0.6971762477983339,0.808657974004304,True
test3095,bge_only,0.45429905644397717,0.29915393404226354,0.3101541464179583,True
test3098,bge_only,0.5110481793502554,0.7850418133845806,0.6964562647290168,True
test3103,bm25_only,0.4067063437960554,0.344580565039058,0.3220984630358958,True
test3107,bge_only,0.4932147742521684,0.3657597913461018,0.47938745041498515,True
test3108,bm25_only,0.49048844159331517,0.4861125279985931,0.4021310461459485,True
test3111,bge_only,0.6032329409314985,0.4958415974736547,0.45948647514337804,True
test3112,bge_only,0.2873142806454908,0.372472715487161,0.33330254550852007,True
test3117,bm25_only,0.3918802167421445,0.3986804225976595,0.29282672794790227,True
test3120,bm25_only,0.730385829375119,0.4342186862748205,0.2842043161132519,True
test3125,bm25_only,0.4696439080377518,0.32924592712232,0.2889178836831262,True
test3126,bge_only,0.5358899761476811,0.813026734274339,0.8141933529884972,True
test3127,bm25_only,0.5308769309388106,0.4806741967318185,0.4511381537624395,True
test3128,bge_only,0.4008831734766162,0.19932428738149213,0.2159745369445602,True
test3134,bge_only,0.5498859171665402,0.5930046591460706,0.6388124379832676,True
test3135,bge_only,0.46767267460007755,0.3070008408484202,0.3404768223946686,True
test3139,bge_only,0.21557825767713795,0.22013397820558048,0.28252118282603295,True
test3141,bge_only,0.46245642801471415,0.6940314049471267,0.7028265131877731,True
test3146,bge_only,0.5122342175598301,0.49432860849517607,0.35563418446338685,True
test3147,bm25_only,0.46829394851193756,0.215610115591241,0.301273826176816,True
test3154,bge_only,0.743617339142418,0.7895168801353639,0.7383033707579495,True
test3155,bge_only,0.49930792425474085,0.6699398151974969,0.8055063268929121,True
test3159,bge_only,0.4732441859276251,0.475768555276917,0.522071197326013,True
test3160,bge_only,0.5276379751526808,0.37256133387791956,0.3882680811489147,True
test3163,bge_only,0.5337351694365157,0.3639788192720527,0.40086268068337844,True
test3167,bge_only,0.5422875637685514,0.7590488307709498,0.6976024858831074,True
test3168,bge_only,0.5137357137608325,0.5275590504311324,0.4854860566010704,True
test3172,bm25_only,0.5022696794185646,0.5472634854388425,0.4656133947592712,True
test3173,bm25_only,0.490019393278284,0.3744521516819853,0.3721345432563111,True
test3174,bm25_only,0.5176928198822449,0.34718047219738235,0.3852622658804939,True
test3178,bge_only,0.4634588849003682,0.41815211050101914,0.36452630743251574,True
test3183,bm25_only,0.47156529891314325,0.3267007409701542,0.3084015187122009,True
test3184,bge_only,0.4259585570577468,0.49721097708300205,0.41942132598004855,True
test3189,bge_only,0.497075084919935,0.5410858851640552,0.4841691430584957,True
test3195,bge_only,0.5218728312281214,0.624260250855691,0.6855189786941638,True
test3201,bge_only,0.5158902053627875,0.3205830893558284,0.48876816937992074,True
test3203,bge_only,0.4797557237699322,0.6969197498584119,0.6918895984647746,True
test3206,bge_only,0.5421811100217487,0.4644054631158346,0.37570106366522327,True
test3210,bge_only,0.6099898843472422,0.7265376419606524,0.7230976688543833,True
test3211,bm25_only,0.46195418397363885,0.5033870978845886,0.36558879465898325,True
test3212,bge_only,0.506681495591846,0.6810350590214456,0.6823723514501583,True
test3214,bge_only,0.48717061680735374,0.3544302436934546,0.41329096855354847,True
test3215,bge_only,0.4593090126121289,0.34800104353828976,0.34333772461540674,True
test3219,bge_only,0.47090102955881985,0.6379013293628574,0.5982845544108982,True
test3221,bge_only,0.5143689281864962,0.7468248787677828,0.6907119789970649,True
test3223,bge_only,0.5267357398881439,0.706971277713013,0.7206627805489838,True
test3226,bm25_only,0.44523289160978546,0.17150665022596687,0.13234245487706917,True
test3232,bm25_only,0.4569447363303094,0.34911782711004335,0.49824948527010654,True
test3234,bge_only,0.4715069658395194,0.5073703574121192,0.4995483803595617,True
test3235,bge_only,0.42136711649276826,0.5864741740944126,0.5679260025621792,True
test3240,bge_only,0.5236952538798184,0.7743282157247293,0.787026101113406,True
test3242,bge_only,0.3722305537752823,0.366685466808617,0.34109310386316005,True
test3243,bge_only,0.4588803467918412,0.35322368911468055,0.44789223209315815,True
test3251,bm25_only,0.41298372048660714,0.5253867828053245,0.5651500122696562,True
test3252,bge_only,0.5074561040566118,0.6162228899344903,0.6308146542511854,True
test3253,bge_only,0.5061359250715046,0.6398459208472292,0.5075442984952887,True
test3254,bge_only,0.4902065056043532,0.22133186332116728,0.26282929919737735,True
test3255,bge_only,0.5170220496875065,0.5311557934445528,0.4722391468732504,True
test3256,bm25_only,0.5263061389707696,0.20503462153694155,0.25049033256930997,True
test3259,bm25_only,0.5381136539935444,0.5444573578112911,0.6453432555738899,True
test3260,bm25_only,0.5133879381496721,0.431610232442342,0.49511297149335165,True
test3261,bge_only,0.5263964681508816,0.39103039974682074,0.3485778291561543,True
test3266,bm25_only,0.47079196396263095,0.43213920391206917,0.4310262452980937,True
test3271,bge_only,0.4875926020770733,0.7098529149294324,0.6439730732258747,True
test3273,bge_only,0.4760800852129107,0.44258652217988725,0.5109341756036447,True
test3274,bge_only,0.5355533987312913,0.4520538291538756,0.43251011536449674,True
test3277,bge_only,0.4603241892727998,0.6957077560839885,0.7048974861163305,True
test3278,bge_only,0.5178140566361832,0.6963410079178461,0.7396000229772809,True
test3280,bge_only,0.47329028321585936,0.6578224260534764,0.6947993745835028,True
test3283,bge_only,0.5048908478613137,0.4895738847371462,0.44556931350536644,True
test3284,bge_only,0.5595535039967228,0.342668525017788,0.3674758984488729,True
test3287,bge_only,0.5443544130047344,0.619779255322655,0.6236974498393076,True
test3288,bm25_only,0.48981718314876777,0.6615162119159019,0.5479521877309658,True
test3289,bge_only,0.48227124886588596,0.6442228471551104,0.6038901784432893,True
test3290,bge_only,0.530597352511245,0.3964826987930598,0.37675634896239674,True
test3293,bge_only,0.5135765979834004,0.31140478949574124,0.39569879765921867,True
test3296,bge_only,0.5013463068055377,0.6334436987973454,0.6582511321645755,True
test3298,bge_only,0.522045706720357,0.5843427831683068,0.6220976066860986,True
test3299,bm25_only,0.4877597569242616,0.775460738064636,0.8010500160588042,True
test3302,bge_only,0.7116008875096893,0.8054757094681633,0.8715526120039543,True
test3308,bge_only,0.49639068989226715,0.6185467563406618,0.5944176984719033,True
test3310,bge_only,0.5426653409878168,0.6898037891536941,0.7857299182879036,True
test3312,bm25_only,0.5407246618673469,0.5381931376721956,0.5349466459719453,True
test3314,bge_only,0.525898299182062,0.535039295896201,0.5588129054512271,True
test3317,bge_only,0.5815203579494732,0.4602503663926859,0.4810742251222545,True
test3322,bm25_only,0.4540372108698255,0.3156821467672077,0.3303972224704782,True
test3324,bm25_only,0.5199160303070416,0.35980331453591385,0.4044444895254065,True
test3325,bge_only,0.4990500925939063,0.5906124952674785,0.7408711771335038,True
test3329,bge_only,0.5406391810381512,0.6749728390935263,0.7084645446743771,True
test3333,bge_only,0.5032308646287611,0.5107961647663631,0.5044294222851858,True
test3334,bge_only,0.5324140524606398,0.6829003135427313,0.6861091102723119,True
test3336,bm25_only,0.4650547126531417,0.6512358583227178,0.6494151059265506,True
test3337,bm25_only,0.466726925758079,0.622562628821161,0.5535961334856738,True
test3344,bge_only,0.527264785966683,0.60429742463504,0.6550185877640645,True
test3348,bm25_only,0.47895803411015586,0.21877482387521038,0.26119130436497184,True
test3349,bge_only,0.49791752735187556,0.4040772155364111,0.40057974895585396,True
test3354,bge_only,0.5231960112947333,0.42254822987952306,0.5041184968315987,True
test3355,bge_only,0.5619269370190155,0.6859297564562383,0.6956051616126873,True
test3357,bge_only,0.4484870811998345,0.39408731505190603,0.34958242933405004,True
test3364,bge_only,0.505731000844874,0.44070585161283077,0.5029523391530143,True
test3365,bm25_only,0.4957229293410357,0.514936250077969,0.47971105549041915,True
test3366,bge_only,0.5111289981104356,0.6825648385199378,0.5973394261712064,True
test3369,bge_only,0.5096816760855166,0.4187312303548738,0.39116777066047875,True
test3370,bge_only,0.4354088322574705,0.5009679908930846,0.42693946384498055,True
test3371,bge_only,0.4366709748828156,0.4852649133495835,0.381761499938219,True
test3376,bge_only,0.5633798809604288,0.5887963060598652,0.5802123244037496,True
test3377,bge_only,0.5410996739211211,0.5392112134195656,0.4699759633749352,True
test3383,bge_only,0.5573943667916531,0.4782272584176187,0.5375225823923095,True
test3384,bge_only,0.5197232417881664,0.5847544943600583,0.44068146014348863,True
test3388,bge_only,0.528829032902199,0.6008484622422366,0.5365736453568966,True
test3389,bge_only,0.44923376799508996,0.3051288405277378,0.4194360706664761,True
test3391,bge_only,0.47520667514498627,0.29864243645541305,0.3232686530536177,True
test3392,bm25_only,0.4931009414331152,0.7306606930729594,0.638850918505133,True
test3394,bge_only,0.4941119349724234,0.3582453204328977,0.2935485416460421,True
test3396,bge_only,0.5291212755989012,0.5704275584249603,0.5637492178575756,True
test3399,bge_only,0.5418975212552536,0.5102164663285705,0.5739289603344718,True
test3402,bm25_only,0.5538171413430724,0.6331390080454325,0.5801963006523652,True
test3407,bge_only,0.5779200923670134,0.598410796125411,0.5937346546148492,True
test3408,bge_only,0.49900645800080917,0.29183906211963345,0.3372534815902634,True
test3409,bge_only,0.36855663652268883,0.24973562512773734,0.23330339199580566,True
test3416,bm25_only,0.4845175860910446,0.42468616518313196,0.41157847368647055,True
test3419,bm25_only,0.516429579550183,0.4030354355179249,0.4291010919819173,True
test3420,bge_only,0.5077872683109422,0.5365947805826101,0.4698182321634362,True
test3428,bge_only,0.5015918914529325,0.48796314684309067,0.5978322371101622,True
test3429,bm25_only,0.4722615730818229,0.5295915627971974,0.6272607609162812,True
test3438,bge_only,0.44981391553503014,0.5678588153583235,0.5388803282620431,True
test3440,bge_only,0.5652699503234873,0.6615118829187052,0.7291292596601366,True
test3449,bge_only,0.4823835950263154,0.4890988570930474,0.43779327446936006,True
test3451,bge_only,0.5183129049010031,0.32298392153123967,0.2748703127073831,True
