query_id,char_count,token_count,unique_token_ratio,analyzed_token_count,stopword_fraction,digit_token_fraction,punctuation_fraction,question_mark,mean_idf,max_idf,min_idf,idf_oov_fraction,wh_what,wh_who,wh_when,wh_where,wh_why,wh_how,wh_which,wh_whom
test5,38.0,8.0,0.875,4.0,0.5,0.0,0.0,0.0,5.483955320815318,8.020250334806725,2.8257159804839636,0.0,0.0,1.0,0.0,0.0,0.0,0.0,0.0,0.0
test6,49.0,8.0,0.875,6.0,0.25,0.0,0.0,0.0,6.25515518518428,8.072648816217772,3.0369273608098353,0.0,0.0,0.0,0.0,0.0,0.0,0.0,0.0,0.0
test8,38.0,8.0,1.0,3.0,0.625,0.0,0.0,0.0,3.8335655946419327,4.056508147248258,3.672328198447704,0.0,0.0,0.0,0.0,1.0,0.0,0.0,0.0,0.0
test10,54.0,11.0,1.0,6.0,0.4545454545454546,0.0,0.0,0.0,5.961445921720262,10.078922115000175,2.2182450660927935,0.0,0.0,0.0,1.0,0.0,0.0,0.0,0.0,0.0
test11,50.0,10.0,1.0,5.0,0.5,0.0,0.02,0.0,4.825718114786181,5.849205263052276,4.104388987718997,0.0,0.0,1.0,0.0,0.0,0.0,0.0,0.0,0.0
test15,47.0,9.0,1.0,5.0,0.4444444444444444,0.0,0.0,0.0,5.036159672359608,7.059690352268678,2.61524293407979,0.0,0.0,0.0,0.0,0.0,0.0,1.0,0.0,0.0
test17,37.0,8.0,1.0,4.0,0.5,0.0,0.0,0.0,4.51819687772967,6.286583952518009,3.672328198447704,0.0,0.0,0.0,1.0,0.0,0.0,0.0,0.0,0.0
test18,50.0,9.0,1.0,6.0,0.33333333333333337,0.0,0.0,0.0,3.8318203125551604,6.997012145205132,2.256543270872133,0.0,0.0,0.0,1.0,0.0,0.0,0.0,0.0,0.0
test26,80.0,12.0,1.0,7.0,0.41666666666666663,0.08333333333333333,0.0125,0.0,5.362059444968317,10.984163010687745,2.319230227468961,0.0,1.0,0.0,0.0,0.0,0.0,0.0,0.0,0.0
test27,47.0,8.0,1.0,4.0,0.5,0.0,0.0,0.0,4.69342745792536,7.029333168655474,2.2182450660927935,0.0,0.0,0.0,0.0,1.0,0.0,0.0,0.0,0.0
test29,39.0,8.0,1.0,5.0,0.375,0.0,0.0,0.0,5.325951712425333,8.095624433873242,2.935434413658972,0.0,0.0,0.0,0.0,0.0,0.0,0.0,0.0,0.0
test32,33.0,8.0,1.0,3.0,0.625,0.0,0.0,0.0,5.250577459394464,7.386399248850001,2.577479098227116,0.0,1.0,0.0,0.0,0.0,0.0,0.0,0.0,0.0
test33,45.0,8.0,1.0,5.0,0.375,0.0,0.0,0.0,4.027391927629057,5.07718555672886,3.0186288845097167,0.0,0.0,0.0,0.0,0.0,0.0,0.0,0.0,0.0
test35,47.0,9.0,0.8888888888888888,4.0,0.5555555555555556,0.0,0.0,0.0,5.541021370132347,6.276813186849718,4.746847651654005,0.0,1.0,0.0,0.0,0.0,0.0,0.0,0.0,0.0
test37,37.0,8.0,1.0,3.0,0.625,0.0,0.0,0.0,5.191758594281365,7.137763363704684,3.4064785646786397,0.0,0.0,0.0,0.0,0.0,0.0,0.0,0.0,0.0
test39,59.0,10.0,0.9,6.0,0.4,0.0,0.0,0.0,4.393827086901497,5.618238347503017,3.0730766855315736,0.0,0.0,0.0,0.0,0.0,0.0,0.0,0.0,0.0
test41,49.0,9.0,1.0,6.0,0.33333333333333337,0.0,0.0,0.0,5.900081314374092,7.739255347101597,3.4088658053414465,0.0,0.0,0.0,1.0,0.0,0.0,0.0,0.0,0.0
test42,54.0,9.0,1.0,6.0,0.33333333333333337,0.0,0.0,0.0,5.562878385981435,8.144506345370598,2.9974264367119225,0.0,0.0,0.0,1.0,0.0,0.0,0.0,0.0,0.0
test44,31.0,7.0,1.0,4.0,0.4285714285714286,0.0,0.03225806451612903,0.0,5.0496722839473165,6.746876347582666,3.105491461343404,0.0,0.0,1.0,0.0,0.0,0.0,0.0,0.0,0.0
test47,45.0,8.0,1.0,6.0,0.25,0.0,0.0,0.0,4.461187567213525,5.304065414798011,3.4215616872395604,0.0,0.0,0.0,0.0,0.0,0.0,1.0,0.0,0.0
test50,47.0,8.0,1.0,4.0,0.5,0.0,0.0,0.0,5.008094663368351,6.778814546052743,4.037282120284835,0.0,0.0,0.0,0.0,0.0,0.0,0.0,0.0,0.0
test52,37.0,9.0,0.8888888888888888,4.0,0.5555555555555556,0.0,0.0,0.0,5.128242364251397,6.341146682209539,3.861216596318512,0.0,0.0,1.0,0.0,0.0,0.0,0.0,0.0,0.0
test54,50.0,11.0,1.0,5.0,0.5454545454545454,0.0,0.0,0.0,3.671083626739575,4.488150746454959,2.2182450660927935,0.0,0.0,0.0,1.0,0.0,0.0,0.0,0.0,0.0
test56,43.0,8.0,0.875,4.0,0.5,0.0,0.0,0.0,4.1573148628886045,6.65531113850112,2.393480405732666,0.0,0.0,0.0,1.0,0.0,0.0,0.0,0.0,0.0
test59,46.0,8.0,0.875,3.0,0.625,0.0,0.0,0.0,6.317124384870428,8.395820773651502,4.8110410466918205,0.0,1.0,0.0,0.0,0.0,0.0,0.0,0.0,0.0
test60,43.0,8.0,0.875,4.0,0.5,0.0,0.0,0.0,6.441567301973757,8.545166062203823,3.927599397298165,0.0,0.0,0.0,1.0,0.0,0.0,0.0,0.0,0.0
test65,38.0,8.0,0.875,3.0,0.625,0.0,0.0,0.0,5.555365196261011,6.752927321459285,4.389058278970069,0.0,0.0,0.0,1.0,0.0,0.0,0.0,0.0,0.0
test66,44.0,10.0,0.8,4.0,0.6,0.0,0.0,0.0,3.19821512166944,4.703746593267025,2.2182450660927935,0.0,1.0,0.0,1.0,0.0,0.0,0.0,0.0,0.0
test67,40.0,8.0,1.0,4.0,0.5,0.0,0.025,0.0,6.312634790276273,8.72079863084698,4.052637549247573,0.0,0.0,0.0,0.0,0.0,0.0,0.0,0.0,0.0
test68,38.0,8.0,1.0,4.0,0.5,0.0,0.0,0.0,6.459394757407847,8.74861038863122,4.738759277862244,0.0,0.0,1.0,0.0,0.0,0.0,0.0,0.0,0.0
test70,37.0,9.0,1.0,4.0,0.5555555555555556,0.0,0.0,0.0,5.2726852233183,7.0506150955140106,3.672328198447704,0.0,0.0,0.0,1.0,0.0,0.0,0.0,0.0,0.0
test71,64.0,12.0,0.9166666666666666,7.0,0.41666666666666663,0.0,0.0,0.0,5.165547961878012,8.395820773651502,2.5539915859254996,0.0,0.0,0.0,0.0,0.0,0.0,0.0,0.0,0.0
test72,40.0,8.0,1.0,4.0,0.5,0.0,0.0,0.0,4.379712475037476,7.796539729323649,2.2182450660927935,0.0,0.0,0.0,1.0,0.0,0.0,0.0,0.0,0.0
test73,61.0,11.0,0.8181818181818182,5.0,0.5454545454545454,0.09090909090909091,0.0,0.0,5.034201407524799,6.062899519553544,3.0394175860223087,0.0,0.0,0.0,0.0,0.0,0.0,0.0,0.0,0.0
test75,39.0,8.0,1.0,5.0,0.375,0.0,0.0,0.0,5.858162666641684,9.344419748758316,3.4215616872395604,0.0,0.0,0.0,0.0,0.0,0.0,1.0,0.0,0.0
test79,41.0,9.0,1.0,5.0,0.4444444444444444,0.0,0.0,0.0,5.692187451740331,7.59438590418659,3.1975245007052746,0.0,0.0,1.0,0.0,0.0,0.0,0.0,0.0,0.0
test81,51.0,11.0,0.9090909090909091,6.0,0.4545454545454546,0.0,0.0,0.0,7.466318827513298,9.711197334874857,2.256543270872133,0.0,0.0,1.0,0.0,0.0,0.0,0.0,0.0,0.0
test86,52.0,10.0,1.0,6.0,0.4,0.0,0.0,0.0,4.597327161315874,6.69460718405867,2.61524293407979,0.0,0.0,0.0,0.0,0.0,0.0,1.0,0.0,0.0
test88,45.0,9.0,0.8888888888888888,3.0,0.6666666666666667,0.0,0.0,0.0,6.058241351495222,6.800687829035946,5.297262158892737,0.0,0.0,0.0,0.0,1.0,0.0,0.0,0.0,0.0
test90,39.0,8.0,0.875,3.0,0.625,0.0,0.0,0.0,6.343735521963342,7.987881437476987,5.121687597631035,0.0,0.0,0.0,0.0,1.0,0.0,0.0,0.0,0.0
test94,46.0,12.0,0.9166666666666666,5.0,0.5833333333333333,0.0,0.021739130434782608,0.0,5.483644517722089,6.852960343742488,4.041921369380033,0.0,0.0,1.0,0.0,0.0,0.0,0.0,0.0,0.0
test97,47.0,8.0,1.0,6.0,0.25,0.0,0.02127659574468085,0.0,4.6540836874719504,7.819476514666747,2.017818076392981,0.0,0.0,0.0,1.0,0.0,0.0,0.0,0.0,0.0
test101,46.0,9.0,1.0,5.0,0.4444444444444444,0.0,0.0,0.0,5.053179308374755,7.232205579533666,3.2031805156736324,0.0,0.0,0.0,0.0,0.0,0.0,0.0,0.0,0.0
test103,44.0,10.0,1.0,5.0,0.5,0.0,0.022727272727272728,0.0,5.090548300096337,6.559777102174722,2.90642250018591,0.0,0.0,1.0,0.0,0.0,0.0,0.0,0.0,0.0
test106,53.0,10.0,0.8,5.0,0.5,0.0,0.0,0.0,3.8964192500885213,5.446439445050627,2.7863550280367213,0.0,0.0,1.0,0.0,0.0,0.0,0.0,0.0,0.0
test107,32.0,8.0,1.0,4.0,0.5,0.0,0.0,0.0,5.938039754035719,7.970461290919236,3.6099336757299163,0.0,0.0,1.0,0.0,0.0,0.0,0.0,0.0,0.0
test110,49.0,10.0,1.0,5.0,0.5,0.0,0.0,0.0,5.831038589627093,8.529942171603189,2.61524293407979,0.0,0.0,0.0,0.0,0.0,0.0,1.0,0.0,0.0
test111,41.0,8.0,1.0,4.0,0.5,0.0,0.0,0.0,5.084300482103167,5.762145365534411,4.3008845890598275,0.0,0.0,0.0,0.0,1.0,0.0,0.0,0.0,0.0
test113,69.0,9.0,1.0,4.0,0.5555555555555556,0.0,0.0,0.0,6.9812797288452355,10.767634698492255,4.928151357314209,0.0,0.0,1.0,0.0,0.0,0.0,0.0,0.0,0.0
test120,74.0,13.0,0.7692307692307693,6.0,0.5384615384615384,0.0,0.0,0.0,4.487888386492948,8.261567098583157,2.992284519971596,0.0,0.0,0.0,1.0,0.0,0.0,0.0,0.0,0.0
test121,42.0,8.0,0.875,5.0,0.375,0.0,0.0,0.0,4.591910983690942,7.06447713251403,2.61524293407979,0.0,0.0,0.0,0.0,0.0,0.0,1.0,0.0,0.0
test125,86.0,13.0,1.0,7.0,0.46153846153846156,0.0,0.0,0.0,5.589576748768915,10.070072499723192,2.017818076392981,0.0,0.0,0.0,1.0,0.0,0.0,0.0,0.0,0.0
test132,45.0,9.0,1.0,6.0,0.33333333333333337,0.0,0.0,0.0,5.925206308613828,7.912793322928134,4.075342365344003,0.0,0.0,1.0,0.0,0.0,0.0,0.0,0.0,0.0
test133,53.0,9.0,1.0,7.0,0.2222222222222222,0.0,0.0,0.0,4.315840827444676,6.867182805701294,2.017818076392981,0.0,0.0,1.0,0.0,0.0,0.0,0.0,0.0,0.0
test134,51.0,9.0,1.0,5.0,0.4444444444444444,0.0,0.0,0.0,5.933763421005982,11.320635247308958,2.61524293407979,0.0,0.0,0.0,0.0,0.0,0.0,1.0,0.0,0.0
test136,47.0,9.0,1.0,5.0,0.4444444444444444,0.0,0.0,0.0,6.379737655670068,9.516136752303474,3.4064785646786397,0.0,0.0,1.0,0.0,0.0,0.0,0.0,0.0,0.0
test141,42.0,8.0,1.0,4.0,0.5,0.0,0.0,0.0,4.735628127435964,6.287586358375802,2.017818076392981,0.0,0.0,1.0,0.0,0.0,0.0,0.0,0.0,0.0
test142,52.0,9.0,0.8888888888888888,4.0,0.5555555555555556,0.0,0.0,0.0,5.947673644764054,10.19171760914552,3.5352533045615506,0.0,0.0,1.0,0.0,0.0,0.0,0.0,0.0,0.0
test145,44.0,9.0,1.0,5.0,0.4444444444444444,0.0,0.0,0.0,7.0044981814422895,9.768174769617398,3.75583038293418,0.0,0.0,1.0,0.0,0.0,0.0,0.0,0.0,0.0
test149,48.0,8.0,1.0,4.0,0.5,0.0,0.0,0.0,6.895332815129299,8.098073914583582,4.3008845890598275,0.0,0.0,0.0,0.0,1.0,0.0,0.0,0.0,0.0
test153,47.0,9.0,1.0,5.0,0.4444444444444444,0.1111111111111111,0.0,0.0,5.431887145609882,8.956882693436926,2.8293849112494325,0.0,0.0,0.0,1.0,0.0,0.0,0.0,0.0,0.0
test155,50.0,10.0,0.9,5.0,0.5,0.0,0.0,0.0,5.773103425031805,8.639613718594667,4.3008845890598275,0.0,0.0,0.0,0.0,1.0,0.0,0.0,0.0,0.0
test156,50.0,8.0,1.0,4.0,0.5,0.0,0.0,0.0,5.3534227382150785,9.415089322109004,3.8220296252147636,0.0,0.0,1.0,0.0,0.0,0.0,0.0,0.0,0.0
test160,51.0,10.0,0.9,4.0,0.6,0.0,0.0,0.0,5.655790869388234,7.5936451634119795,3.6759293958780095,0.0,0.0,0.0,0.0,1.0,0.0,0.0,0.0,0.0
test168,46.0,10.0,1.0,6.0,0.4,0.0,0.0,0.0,5.352418697219008,8.121648207294546,1.978019078330936,0.0,0.0,0.0,0.0,0.0,0.0,1.0,0.0,0.0
test170,44.0,8.0,1.0,5.0,0.375,0.0,0.0,0.0,4.241286810406715,5.337086563525845,3.6226270182019484,0.0,0.0,1.0,0.0,0.0,0.0,0.0,0.0,0.0
test171,41.0,9.0,1.0,5.0,0.4444444444444444,0.0,0.024390243902439025,0.0,5.284205288409088,6.6599575821735195,3.4064785646786397,0.0,0.0,1.0,0.0,0.0,0.0,0.0,0.0,0.0
test175,45.0,8.0,1.0,4.0,0.5,0.0,0.0,0.0,6.258062023973378,9.72983141441975,4.530364971476228,0.0,0.0,0.0,1.0,0.0,0.0,0.0,0.0,0.0
test176,45.0,9.0,1.0,4.0,0.5555555555555556,0.0,0.0,0.0,5.617555269075591,7.390016979657349,4.488416178862496,0.0,1.0,0.0,0.0,0.0,0.0,0.0,0.0,0.0
test177,42.0,8.0,1.0,5.0,0.375,0.0,0.0,0.0,5.228245841072667,7.66897850368563,4.028549451107706,0.0,0.0,1.0,0.0,0.0,0.0,0.0,0.0,0.0
test178,47.0,9.0,1.0,5.0,0.4444444444444444,0.0,0.0,0.0,4.480372789358688,5.735232139925654,3.409034929952863,0.0,0.0,1.0,0.0,0.0,0.0,0.0,0.0,0.0
test182,39.0,8.0,1.0,5.0,0.375,0.0,0.0,0.0,6.24245898919363,7.277044314053863,5.241124602309447,0.0,0.0,1.0,0.0,0.0,0.0,0.0,0.0,0.0
test191,69.0,11.0,1.0,6.0,0.4545454545454546,0.09090909090909091,0.0,0.0,5.414134265328222,7.275427063027515,3.8560901477002423,0.0,0.0,1.0,0.0,0.0,0.0,0.0,0.0,0.0
test194,54.0,11.0,0.9090909090909091,4.0,0.6363636363636364,0.0,0.0,0.0,6.043969725357478,10.162303723939226,3.7254955142715653,0.0,1.0,0.0,0.0,0.0,0.0,0.0,0.0,0.0
test196,57.0,8.0,1.0,5.0,0.375,0.0,0.0,0.0,6.796435960965146,9.885550722019635,3.7494864551472444,0.0,0.0,0.0,1.0,0.0,0.0,0.0,0.0,0.0
test197,43.0,8.0,1.0,4.0,0.5,0.0,0.0,0.0,4.887997290578286,7.6842644006752385,3.5713857296062494,0.0,0.0,0.0,0.0,1.0,0.0,0.0,0.0,0.0
test204,51.0,10.0,0.9,5.0,0.5,0.0,0.0,0.0,6.223824378174129,10.37702870478784,3.5713857296062494,0.0,0.0,0.0,1.0,0.0,0.0,0.0,0.0,0.0
test207,59.0,12.0,0.9166666666666666,4.0,0.6666666666666667,0.0,0.0,0.0,4.205681208888579,5.193598122981094,3.105491461343404,0.0,1.0,1.0,0.0,0.0,0.0,0.0,0.0,0.0
test208,37.0,8.0,1.0,3.0,0.625,0.0,0.0,0.0,4.054559536310713,4.637620948697871,3.4064785646786397,0.0,1.0,1.0,0.0,0.0,0.0,0.0,0.0,0.0
test210,55.0,11.0,0.8181818181818182,5.0,0.5454545454545454,0.0,0.0,0.0,8.072056540856188,11.524730603652474,3.0057917669506113,0.0,1.0,0.0,0.0,0.0,0.0,0.0,0.0,0.0
test215,42.0,8.0,1.0,5.0,0.375,0.0,0.0,0.0,5.943922776659359,9.953758972046169,3.5713857296062494,0.0,0.0,0.0,0.0,1.0,0.0,0.0,0.0,0.0
test224,68.0,14.0,0.8571428571428571,6.0,0.5714285714285714,0.0,0.0,0.0,4.1478217839614295,8.596307982874608,1.978019078330936,0.0,0.0,1.0,0.0,0.0,0.0,0.0,0.0,0.0
test228,66.0,13.0,1.0,8.0,0.3846153846153846,0.0,0.015151515151515152,0.0,5.090313009397207,9.54698752802395,2.61524293407979,0.0,0.0,0.0,0.0,0.0,0.0,1.0,0.0,0.0
test231,45.0,8.0,1.0,5.0,0.375,0.0,0.0,0.0,5.896805313817584,10.124384489076933,3.801234893176763,0.0,0.0,1.0,0.0,0.0,0.0,0.0,0.0,0.0
test234,37.0,8.0,1.0,3.0,0.625,0.0,0.0,0.0,5.291642552760995,6.474270038014413,3.4064785646786397,0.0,1.0,0.0,0.0,0.0,0.0,0.0,0.0,0.0
test246,44.0,8.0,1.0,4.0,0.5,0.0,0.0,0.0,5.050020748639403,6.045114215500061,3.3171796075161244,0.0,0.0,0.0,0.0,1.0,0.0,0.0,0.0,0.0
test247,34.0,8.0,1.0,3.0,0.625,0.0,0.0,0.0,9.022444788783256,14.396410228536485,4.665313704117404,0.0,0.0,0.0,0.0,1.0,0.0,0.0,0.0,0.0
test249,48.0,9.0,0.8888888888888888,4.0,0.5555555555555556,0.0,0.0,0.0,5.218499979796601,7.64921501456679,3.105491461343404,0.0,1.0,0.0,0.0,0.0,0.0,0.0,0.0,0.0
test252,59.0,9.0,1.0,5.0,0.4444444444444444,0.0,0.0,0.0,7.562333620936097,11.076181909407998,5.417203577765693,0.0,0.0,0.0,0.0,0.0,0.0,0.0,0.0,0.0
test253,55.0,10.0,0.9,5.0,0.5,0.0,0.0,0.0,7.885504063134181,9.781289711695226,5.4329512680527206,0.0,1.0,0.0,0.0,0.0,0.0,0.0,0.0,0.0
test254,59.0,11.0,1.0,5.0,0.5454545454545454,0.09090909090909091,0.0,0.0,5.737445909522906,7.334790024836908,4.029052400708089,0.0,0.0,1.0,0.0,0.0,0.0,0.0,0.0,0.0
test259,42.0,8.0,1.0,4.0,0.5,0.0,0.0,0.0,4.45122421194332,5.738701755388046,3.409034929952863,0.0,0.0,0.0,0.0,1.0,0.0,0.0,0.0,0.0
test260,42.0,10.0,1.0,4.0,0.6,0.0,0.0,0.0,6.0404740658201534,7.532606837083532,4.562826676725233,0.0,1.0,0.0,0.0,0.0,0.0,0.0,0.0,0.0
test265,45.0,9.0,1.0,5.0,0.4444444444444444,0.1111111111111111,0.0,0.0,3.7045620802791426,4.848669479366268,2.4655137370168436,0.2,0.0,0.0,1.0,0.0,0.0,0.0,0.0,0.0
test270,67.0,11.0,0.9090909090909091,6.0,0.4545454545454546,0.0,0.0,0.0,7.737107992535318,10.22202295864085,5.790778900658371,0.0,0.0,0.0,0.0,0.0,0.0,0.0,1.0,0.0
test272,41.0,9.0,1.0,5.0,0.4444444444444444,0.0,0.0,0.0,4.557877097433469,5.907273634902774,2.61524293407979,0.0,0.0,0.0,0.0,0.0,0.0,1.0,0.0,0.0
test276,89.0,16.0,0.9375,8.0,0.5,0.0625,0.0,0.0,4.402064316606102,5.575415582788584,2.1976828267141455,0.0,1.0,0.0,0.0,0.0,0.0,0.0,0.0,0.0
test277,44.0,8.0,1.0,4.0,0.5,0.0,0.0,0.0,6.551046503786852,9.140652476407245,4.188248294047808,0.0,0.0,1.0,0.0,0.0,0.0,0.0,0.0,0.0
test278,50.0,10.0,0.9,6.0,0.4,0.0,0.0,0.0,5.457083472517348,7.96400618512668,3.46322588086057,0.0,0.0,0.0,0.0,1.0,0.0,0.0,0.0,0.0
test280,69.0,13.0,1.0,8.0,0.3846153846153846,0.0,0.0,0.0,5.028634499118091,6.67520938097237,3.0369273608098353,0.0,0.0,0.0,0.0,0.0,0.0,0.0,0.0,0.0
test285,44.0,9.0,0.8888888888888888,3.0,0.6666666666666667,0.0,0.0,0.0,5.585174321978568,6.866824767745446,3.9670606674082536,0.0,0.0,0.0,0.0,1.0,0.0,0.0,0.0,0.0
test287,40.0,8.0,1.0,4.0,0.5,0.0,0.0,0.0,4.664701779049911,5.505586652532102,4.075342365344003,0.0,0.0,0.0,1.0,0.0,0.0,0.0,0.0,0.0
test289,40.0,8.0,1.0,5.0,0.375,0.0,0.0,0.0,4.687940802279539,6.671374568013293,2.017818076392981,0.0,0.0,0.0,1.0,0.0,0.0,0.0,0.0,0.0
test290,50.0,9.0,0.8888888888888888,4.0,0.5555555555555556,0.0,0.0,0.0,8.578348983106352,14.396410228536485,4.945662846624345,0.0,0.0,1.0,0.0,0.0,0.0,0.0,0.0,0.0
test293,43.0,9.0,1.0,5.0,0.4444444444444444,0.0,0.0,0.0,4.845425926067099,6.7797984752892235,3.672328198447704,0.0,0.0,0.0,1.0,0.0,0.0,0.0,0.0,0.0
test294,47.0,9.0,1.0,5.0,0.4444444444444444,0.0,0.0,0.0,4.789906444259659,5.680530126240029,3.849464813727778,0.0,0.0,1.0,0.0,0.0,0.0,0.0,0.0,0.0
test296,37.0,8.0,1.0,4.0,0.5,0.0,0.0,0.0,5.719777844653981,8.637508454659205,3.2263554265285923,0.0,0.0,1.0,0.0,0.0,0.0,0.0,0.0,0.0
test297,42.0,8.0,0.875,3.0,0.625,0.0,0.0,0.0,3.721124812520079,6.09464046541932,2.5320418160152225,0.0,1.0,0.0,0.0,0.0,0.0,0.0,0.0,0.0
test298,47.0,8.0,1.0,4.0,0.5,0.0,0.0,0.0,5.597596224941395,8.280518103053451,4.118455293776882,0.0,0.0,0.0,0.0,1.0,0.0,0.0,0.0,0.0
test300,78.0,12.0,1.0,9.0,0.25,0.08333333333333333,0.01282051282051282,0.0,5.283681154504353,7.193749032013248,2.8592833284943846,0.0,1.0,0.0,0.0,0.0,0.0,0.0,0.0,0.0
test307,42.0,8.0,0.875,3.0,0.625,0.0,0.0,0.0,4.169490372576049,5.630431730298414,3.0186288845097167,0.0,1.0,0.0,0.0,0.0,0.0,0.0,0.0,0.0
test315,51.0,10.0,1.0,6.0,0.4,0.1,0.0,0.0,5.354169436051099,8.201324796603158,2.1976828267141455,0.0,0.0,1.0,0.0,0.0,0.0,0.0,0.0,0.0
test321,33.0,8.0,1.0,4.0,0.5,0.0,0.0,0.0,3.9821453960736233,5.557665080160852,1.978019078330936,0.0,1.0,0.0,0.0,0.0,0.0,0.0,0.0,0.0
test325,61.0,11.0,1.0,6.0,0.4545454545454546,0.0,0.0,0.0,4.6408558069811585,6.8533134510907905,3.2756437915128496,0.0,1.0,0.0,0.0,0.0,0.0,0.0,0.0,0.0
test329,48.0,10.0,1.0,5.0,0.5,0.1,0.0,0.0,3.9787466550107586,5.96615568948165,2.915859894607994,0.0,0.0,0.0,0.0,1.0,0.0,0.0,0.0,0.0
test331,43.0,10.0,1.0,5.0,0.5,0.0,0.0,0.0,5.204981839695321,6.340512030189084,4.483517047926262,0.0,0.0,1.0,0.0,0.0,0.0,0.0,0.0,0.0
test332,43.0,8.0,1.0,5.0,0.375,0.0,0.0,0.0,5.7398481257999805,7.783026010156926,3.75583038293418,0.0,0.0,1.0,0.0,0.0,0.0,0.0,0.0,0.0
test333,39.0,9.0,1.0,4.0,0.5555555555555556,0.0,0.0,0.0,4.356290330415662,5.907273634902774,2.393480405732666,0.0,0.0,1.0,0.0,0.0,0.0,0.0,0.0,0.0
test337,43.0,8.0,0.875,3.0,0.625,0.0,0.0,0.0,5.7422131379783155,6.028103817827965,5.555444144524114,0.0,1.0,0.0,0.0,0.0,0.0,0.0,0.0,0.0
test338,58.0,10.0,1.0,6.0,0.4,0.0,0.0,0.0,5.868369774116188,6.756767940678473,3.7601782506199743,0.0,0.0,0.0,0.0,0.0,0.0,0.0,0.0,0.0
test339,62.0,10.0,0.9,4.0,0.6,0.0,0.0,0.0,6.722787466713732,11.125574664737574,4.553717103899696,0.0,0.0,0.0,0.0,1.0,0.0,0.0,0.0,0.0
test341,61.0,11.0,0.9090909090909091,6.0,0.4545454545454546,0.0,0.0,0.0,4.102860099356216,6.4203873273937875,2.017818076392981,0.0,1.0,0.0,0.0,0.0,0.0,0.0,0.0,0.0
test343,43.0,8.0,1.0,5.0,0.375,0.0,0.0,0.0,5.82921022996384,7.9780452926002745,2.8592833284943846,0.0,0.0,0.0,0.0,1.0,0.0,0.0,0.0,0.0
test347,46.0,9.0,0.8888888888888888,5.0,0.4444444444444444,0.0,0.0,0.0,4.723419602605609,6.119082964578847,3.672328198447704,0.0,0.0,0.0,1.0,0.0,0.0,0.0,0.0,0.0
test348,46.0,8.0,1.0,4.0,0.5,0.0,0.0,0.0,6.2631732256939046,9.022676222703694,3.5455532618889385,0.0,0.0,0.0,0.0,1.0,0.0,0.0,0.0,0.0
test350,35.0,8.0,1.0,3.0,0.625,0.0,0.0,0.0,5.664975709580671,7.141525418459148,3.984068995236596,0.0,0.0,1.0,0.0,0.0,0.0,1.0,0.0,0.0
test351,46.0,8.0,1.0,4.0,0.5,0.0,0.0,0.0,5.270254652305498,8.711697316600635,3.858773836202368,0.0,0.0,0.0,0.0,0.0,0.0,1.0,0.0,0.0
test352,44.0,8.0,1.0,5.0,0.375,0.0,0.0,0.0,3.9608767420314535,6.044956834322525,2.61524293407979,0.0,0.0,0.0,0.0,0.0,0.0,1.0,0.0,0.0
test355,39.0,8.0,1.0,5.0,0.375,0.125,0.0,0.0,4.275925417605223,5.766066939187592,2.4655137370168436,0.0,1.0,0.0,0.0,0.0,0.0,0.0,0.0,0.0
test357,49.0,10.0,1.0,6.0,0.4,0.0,0.0,0.0,6.220547372203774,11.56319688448027,3.4088658053414465,0.0,1.0,0.0,0.0,0.0,0.0,0.0,0.0,0.0
test359,44.0,8.0,1.0,4.0,0.5,0.125,0.0,0.0,5.220092517969013,8.41079609510668,2.4655137370168436,0.0,0.0,0.0,1.0,0.0,0.0,0.0,0.0,0.0
test360,43.0,9.0,1.0,5.0,0.4444444444444444,0.0,0.0,0.0,5.07497112985413,7.939640572964322,3.2607463563514734,0.0,0.0,0.0,0.0,1.0,0.0,0.0,0.0,0.0
test363,48.0,9.0,0.8888888888888888,4.0,0.5555555555555556,0.0,0.0,0.0,4.914189393125076,6.486186521439141,3.801234893176763,0.0,1.0,0.0,0.0,0.0,0.0,0.0,0.0,0.0
test365,34.0,8.0,0.625,5.0,0.375,0.0,0.0,0.0,6.492765510094631,7.455542598104146,4.572525202789938,0.0,1.0,0.0,0.0,0.0,0.0,0.0,0.0,0.0
test367,53.0,11.0,1.0,4.0,0.6363636363636364,0.0,0.0,0.0,4.703610531255764,6.34730250721008,3.4215616872395604,0.0,0.0,0.0,0.0,0.0,0.0,1.0,0.0,0.0
test368,54.0,10.0,1.0,5.0,0.5,0.0,0.0,0.0,4.517991507539182,5.122062726586011,3.843161538213589,0.0,0.0,1.0,0.0,0.0,0.0,0.0,0.0,0.0
test375,39.0,8.0,1.0,4.0,0.5,0.0,0.0,0.0,6.257193739619488,10.715899024093066,3.5455532618889385,0.0,1.0,0.0,0.0,0.0,0.0,0.0,0.0,0.0
test376,43.0,10.0,1.0,5.0,0.5,0.0,0.0,0.0,3.82767360007184,4.602904966736587,2.577479098227116,0.0,1.0,0.0,0.0,0.0,0.0,0.0,0.0,0.0
test377,37.0,8.0,1.0,5.0,0.375,0.125,0.0,0.0,5.667055760934792,9.073400249398077,3.292892634157193,0.0,0.0,0.0,1.0,0.0,0.0,0.0,0.0,0.0
test379,51.0,9.0,0.8888888888888888,4.0,0.5555555555555556,0.0,0.0,0.0,5.999661976611392,8.641723424018517,3.8220296252147636,0.0,0.0,1.0,0.0,0.0,0.0,0.0,0.0,0.0
test381,35.0,9.0,1.0,4.0,0.5555555555555556,0.0,0.0,0.0,6.312210800201714,7.801085191695323,4.839670863149738,0.0,0.0,1.0,0.0,0.0,0.0,0.0,0.0,0.0
test383,40.0,8.0,1.0,6.0,0.25,0.0,0.0,0.0,7.543842415728885,9.471574924243562,4.742816684983134,0.0,0.0,1.0,0.0,0.0,0.0,0.0,0.0,0.0
test386,51.0,9.0,1.0,6.0,0.33333333333333337,0.0,0.0392156862745098,0.0,6.6621295641156015,10.242749089157966,4.268273591902923,0.0,0.0,0.0,0.0,0.0,0.0,0.0,0.0,0.0
test388,36.0,8.0,1.0,4.0,0.5,0.0,0.0,0.0,4.255125176010408,7.3708719138979655,2.7863550280367213,0.0,0.0,0.0,1.0,0.0,0.0,0.0,0.0,0.0
test394,33.0,8.0,1.0,2.0,0.75,0.0,0.0,0.0,4.624373154050144,5.703193046211349,3.5455532618889385,0.0,0.0,0.0,0.0,0.0,0.0,0.0,0.0,0.0
test395,53.0,9.0,0.8888888888888888,6.0,0.33333333333333337,0.0,0.0,0.0,5.221089537790273,8.042040187739135,2.7863550280367213,0.0,0.0,1.0,0.0,0.0,0.0,0.0,0.0,0.0
test396,47.0,8.0,1.0,5.0,0.375,0.125,0.0,0.0,4.662154175496772,8.434546151204794,2.7794521291526246,0.0,0.0,0.0,1.0,0.0,0.0,0.0,0.0,0.0
test398,53.0,9.0,1.0,5.0,0.4444444444444444,0.0,0.0,0.0,5.337873303429996,6.874370617420128,4.40233575445115,0.0,0.0,1.0,0.0,0.0,0.0,0.0,0.0,0.0
test408,36.0,8.0,0.875,3.0,0.625,0.125,0.027777777777777776,0.0,7.456059375133111,12.061035312719449,3.5455532618889385,0.0,1.0,0.0,0.0,0.0,0.0,0.0,0.0,0.0
test411,42.0,8.0,1.0,4.0,0.5,0.0,0.0,0.0,5.800816299031716,9.562777329756585,4.155581769163341,0.0,0.0,0.0,0.0,1.0,0.0,0.0,0.0,0.0
test412,41.0,8.0,1.0,6.0,0.25,0.125,0.0,0.0,5.152283265975236,7.918925176581484,2.5870089694699985,0.0,0.0,0.0,0.0,0.0,0.0,0.0,0.0,0.0
test416,94.0,16.0,1.0,11.0,0.3125,0.0,0.010638297872340425,0.0,4.839094043462801,8.959781246190937,2.577479098227116,0.0,1.0,0.0,0.0,0.0,0.0,0.0,0.0,0.0
test417,38.0,7.0,1.0,5.0,0.2857142857142857,0.14285714285714285,0.02631578947368421,0.0,6.752613867328035,8.339626215307861,3.75583038293418,0.0,0.0,1.0,0.0,0.0,0.0,0.0,0.0,0.0
test418,44.0,9.0,1.0,4.0,0.5555555555555556,0.0,0.0,0.0,6.086754291520006,9.140652476407245,3.9838886561987166,0.0,0.0,1.0,0.0,0.0,0.0,0.0,0.0,0.0
test426,50.0,11.0,0.7272727272727273,4.0,0.6363636363636364,0.0,0.0,0.0,5.513181385754583,7.5936451634119795,3.105491461343404,0.0,0.0,0.0,0.0,1.0,0.0,0.0,0.0,0.0
test430,59.0,11.0,0.9090909090909091,6.0,0.4545454545454546,0.0,0.0,0.0,3.9925345156323817,5.810748747646829,2.577479098227116,0.0,0.0,0.0,0.0,0.0,0.0,0.0,1.0,0.0
test432,60.0,10.0,0.9,5.0,0.5,0.0,0.0,0.0,6.149628359426141,8.129209679995123,3.984068995236596,0.0,0.0,0.0,0.0,0.0,0.0,0.0,0.0,0.0
test434,44.0,8.0,1.0,4.0,0.5,0.0,0.0,0.0,4.849173786169631,7.179456033640318,2.256543270872133,0.0,0.0,0.0,0.0,1.0,0.0,0.0,0.0,0.0
test435,42.0,9.0,1.0,4.0,0.5555555555555556,0.0,0.0,0.0,5.708610835486962,9.96956957807281,2.61524293407979,0.0,0.0,0.0,0.0,0.0,0.0,1.0,0.0,0.0
test440,41.0,8.0,1.0,3.0,0.625,0.0,0.0,0.0,3.753164300118854,4.711348208025194,3.2725009008185193,0.0,1.0,0.0,0.0,0.0,0.0,0.0,0.0,0.0
test442,43.0,9.0,1.0,5.0,0.4444444444444444,0.0,0.0,0.0,4.102457576924648,5.080179481302871,2.61524293407979,0.0,0.0,0.0,0.0,0.0,0.0,1.0,0.0,0.0
test443,49.0,10.0,0.8,6.0,0.4,0.0,0.0,0.0,3.894179835968816,5.41175831005947,2.017818076392981,0.0,0.0,1.0,0.0,0.0,0.0,0.0,0.0,0.0
test444,48.0,10.0,0.9,6.0,0.4,0.0,0.0,0.0,4.721679135638432,5.686340271942379,3.7538226860911403,0.0,1.0,0.0,0.0,0.0,0.0,0.0,0.0,0.0
test445,36.0,8.0,0.875,3.0,0.625,0.0,0.0,0.0,7.594329624335962,10.464584595812159,5.4994572764675596,0.0,0.0,1.0,0.0,0.0,0.0,0.0,0.0,0.0
test450,40.0,9.0,0.8888888888888888,4.0,0.5555555555555556,0.1111111111111111,0.0,0.0,5.406712757554346,7.496351156188819,2.5847860972386525,0.0,1.0,0.0,0.0,0.0,0.0,0.0,0.0,0.0
test453,46.0,8.0,0.875,5.0,0.375,0.0,0.0,0.0,6.173905356509552,7.991181770505644,4.001575532072011,0.0,0.0,0.0,0.0,0.0,0.0,0.0,0.0,0.0
test462,40.0,9.0,1.0,4.0,0.5555555555555556,0.0,0.0,0.0,6.0011198774630685,7.679411985169405,4.28391861783987,0.0,0.0,0.0,0.0,1.0,0.0,0.0,0.0,0.0
test468,36.0,8.0,1.0,4.0,0.5,0.0,0.0,0.0,4.931083620618547,6.698532309871017,3.954725105438516,0.0,0.0,0.0,0.0,1.0,0.0,0.0,0.0,0.0
test469,39.0,9.0,1.0,6.0,0.33333333333333337,0.2222222222222222,0.0,0.0,4.4765748722418435,7.503768587364397,2.7863550280367213,0.0,0.0,1.0,0.0,0.0,0.0,0.0,0.0,0.0
test472,43.0,8.0,1.0,5.0,0.375,0.0,0.023255813953488372,0.0,6.413233834420609,9.144136800489855,4.056508147248258,0.0,0.0,0.0,0.0,1.0,0.0,0.0,0.0,0.0
test477,39.0,8.0,1.0,5.0,0.375,0.0,0.0,0.0,5.463589514836351,7.302728786056955,2.8592833284943846,0.0,0.0,1.0,0.0,0.0,0.0,0.0,0.0,0.0
test479,38.0,8.0,1.0,4.0,0.5,0.125,0.0,0.0,7.532522751274565,10.078922115000175,5.098700210423396,0.0,1.0,0.0,0.0,0.0,0.0,0.0,0.0,0.0
test483,53.0,8.0,1.0,5.0,0.375,0.0,0.0,0.0,7.587425501934921,9.23162425461297,5.287106400738074,0.0,0.0,0.0,0.0,0.0,0.0,0.0,0.0,0.0
test485,46.0,10.0,0.9,4.0,0.6,0.0,0.0,0.0,5.102660954909608,9.419676486115911,2.393480405732666,0.0,0.0,0.0,1.0,0.0,0.0,0.0,0.0,0.0
test486,52.0,10.0,0.9,5.0,0.5,0.0,0.0,0.0,3.383591672958586,4.849288144022178,2.5320418160152225,0.0,0.0,1.0,0.0,0.0,0.0,0.0,0.0,0.0
test488,63.0,10.0,1.0,6.0,0.4,0.0,0.015873015873015872,0.0,6.536492939456511,8.578307496850986,4.991682496332826,0.0,0.0,1.0,0.0,0.0,0.0,0.0,0.0,0.0
test491,43.0,9.0,1.0,4.0,0.5555555555555556,0.0,0.0,0.0,5.34029496678252,7.680219087715235,3.0394175860223087,0.0,0.0,1.0,0.0,0.0,0.0,0.0,0.0,0.0
test493,44.0,9.0,1.0,5.0,0.4444444444444444,0.0,0.0,0.0,4.2907794164319375,6.16184523526935,2.393480405732666,0.0,1.0,0.0,0.0,0.0,0.0,0.0,0.0,0.0
test497,72.0,14.0,0.7142857142857143,6.0,0.5714285714285714,0.0,0.0,0.0,4.71567284115739,6.18728323924128,3.849464813727778,0.0,0.0,1.0,0.0,0.0,0.0,0.0,0.0,0.0
test498,46.0,10.0,0.9,5.0,0.5,0.0,0.0,0.0,5.280565256191424,7.047179403923151,3.3171796075161244,0.0,0.0,1.0,0.0,0.0,0.0,0.0,0.0,0.0
test499,35.0,8.0,1.0,5.0,0.375,0.0,0.0,0.0,3.6989762441745206,5.464329790433179,1.978019078330936,0.0,0.0,1.0,0.0,0.0,0.0,0.0,0.0,0.0
test501,37.0,8.0,1.0,3.0,0.625,0.0,0.0,0.0,6.945664888140835,9.235441053139672,4.945662846624345,0.0,0.0,1.0,0.0,0.0,0.0,0.0,0.0,0.0
test502,47.0,9.0,1.0,5.0,0.4444444444444444,0.0,0.0,0.0,6.110860299579057,10.532177886944687,3.2031805156736324,0.0,0.0,0.0,1.0,0.0,0.0,0.0,0.0,0.0
test503,34.0,8.0,1.0,3.0,0.625,0.0,0.0,0.0,4.675718158693482,6.31979132234198,3.4064785646786397,0.0,0.0,0.0,1.0,0.0,0.0,0.0,0.0,0.0
test505,49.0,9.0,0.8888888888888888,4.0,0.5555555555555556,0.0,0.02040816326530612,0.0,5.893644414010712,7.808401182259975,4.651937946564078,0.0,1.0,0.0,0.0,0.0,0.0,0.0,0.0,0.0
test506,43.0,8.0,1.0,5.0,0.375,0.0,0.0,0.0,5.302733066173066,7.704740136501113,3.72862606211656,0.0,0.0,1.0,0.0,0.0,0.0,0.0,0.0,0.0
test507,49.0,9.0,1.0,5.0,0.4444444444444444,0.0,0.0,0.0,5.299228797231768,10.070072499723192,3.5713857296062494,0.0,0.0,0.0,0.0,1.0,0.0,0.0,0.0,0.0
test508,53.0,9.0,1.0,5.0,0.4444444444444444,0.0,0.0,0.0,4.970658145517122,6.714388717709611,2.017818076392981,0.0,0.0,0.0,1.0,0.0,0.0,0.0,0.0,0.0
test509,36.0,8.0,1.0,4.0,0.5,0.0,0.0,0.0,4.274553080940376,6.93611173243649,2.2182450660927935,0.0,0.0,0.0,1.0,0.0,0.0,0.0,0.0,0.0
test511,47.0,8.0,1.0,4.0,0.5,0.0,0.0,0.0,5.468827805564678,6.4203873273937875,4.3499051691654325,0.0,1.0,0.0,0.0,0.0,0.0,0.0,0.0,0.0
test512,54.0,8.0,0.875,6.0,0.25,0.0,0.0,0.0,4.732328450124026,5.8078891162066295,3.443483124673464,0.0,0.0,0.0,0.0,0.0,0.0,0.0,0.0,0.0
test513,45.0,8.0,0.875,6.0,0.25,0.125,0.0,0.0,4.408349970937258,5.478161637500784,2.5847860972386525,0.0,0.0,1.0,0.0,0.0,0.0,0.0,0.0,0.0
test514,37.0,8.0,1.0,5.0,0.375,0.0,0.0,0.0,4.920914380587722,7.687512474988403,1.978019078330936,0.0,0.0,0.0,0.0,0.0,0.0,1.0,0.0,0.0
test517,36.0,8.0,1.0,4.0,0.5,0.0,0.0,0.0,7.415163569173398,9.433565598276578,4.693428570228163,0.0,0.0,0.0,0.0,0.0,0.0,0.0,0.0,0.0
test528,40.0,8.0,1.0,3.0,0.625,0.125,0.0,0.0,5.366873245384532,7.52704933754166,3.9154389040941355,0.0,0.0,1.0,0.0,0.0,0.0,0.0,0.0,0.0
test530,54.0,8.0,1.0,6.0,0.25,0.0,0.0,0.0,4.900582429843125,6.424979230767136,3.259648384088852,0.0,0.0,0.0,0.0,0.0,0.0,0.0,0.0,0.0
test531,60.0,10.0,1.0,6.0,0.4,0.0,0.0,0.0,5.759352186170916,7.1528972538710045,3.902057421488641,0.0,0.0,0.0,0.0,0.0,1.0,0.0,0.0,0.0
test533,37.0,8.0,1.0,5.0,0.375,0.0,0.0,0.0,5.844034666364564,7.3005170074389545,4.396385975952328,0.0,0.0,0.0,0.0,0.0,0.0,0.0,0.0,0.0
test537,58.0,11.0,1.0,6.0,0.4545454545454546,0.0,0.0,0.0,5.409029256054478,9.103105403811993,2.256543270872133,0.0,0.0,0.0,0.0,0.0,0.0,0.0,1.0,0.0
test543,61.0,11.0,0.8181818181818182,5.0,0.5454545454545454,0.0,0.0,0.0,5.326924993560661,7.456833337231393,4.3065952644778775,0.0,0.0,1.0,0.0,0.0,0.0,0.0,0.0,0.0
test546,53.0,10.0,1.0,6.0,0.4,0.0,0.0,0.0,5.251677752299146,6.174304237758803,4.541640342797788,0.0,1.0,0.0,0.0,0.0,0.0,0.0,0.0,0.0
test550,48.0,9.0,1.0,5.0,0.4444444444444444,0.0,0.0,0.0,4.270734685955247,5.780216704615104,2.2182450660927935,0.0,0.0,0.0,1.0,0.0,0.0,0.0,0.0,0.0
test551,47.0,10.0,1.0,6.0,0.4,0.0,0.0,0.0,5.1122451380960925,7.127954784365995,3.401900228556649,0.0,0.0,1.0,0.0,0.0,0.0,0.0,0.0,0.0
test552,46.0,9.0,1.0,4.0,0.5555555555555556,0.0,0.0,0.0,5.204376410654099,7.898630213140399,2.61524293407979,0.0,0.0,0.0,0.0,0.0,0.0,1.0,0.0,0.0
test554,39.0,9.0,1.0,5.0,0.4444444444444444,0.1111111111111111,0.0,0.0,3.333138951902755,5.137438435148566,2.319230227468961,0.0,0.0,0.0,1.0,0.0,0.0,0.0,0.0,0.0
test555,48.0,9.0,0.8888888888888888,3.0,0.6666666666666667,0.0,0.0,0.0,6.864892337354345,8.824256196358721,4.07063322750189,0.0,1.0,0.0,0.0,0.0,0.0,0.0,0.0,0.0
test558,43.0,8.0,1.0,5.0,0.375,0.0,0.0,0.0,5.15334087911514,7.359675568297888,2.61524293407979,0.0,0.0,0.0,0.0,0.0,0.0,1.0,0.0,0.0
test559,47.0,9.0,1.0,4.0,0.5555555555555556,0.0,0.0,0.0,4.518016767898323,5.1231889585211015,3.9838886561987166,0.0,1.0,0.0,0.0,0.0,0.0,0.0,0.0,0.0
test563,39.0,8.0,1.0,5.0,0.375,0.0,0.0,0.0,5.756544135020539,8.76281181073739,2.577479098227116,0.0,0.0,0.0,0.0,0.0,1.0,0.0,0.0,0.0
test565,38.0,7.0,1.0,4.0,0.4285714285714286,0.0,0.02631578947368421,0.0,5.862567122938469,9.32332191979368,2.2182450660927935,0.0,0.0,0.0,0.0,1.0,0.0,0.0,0.0,0.0
test567,40.0,8.0,1.0,3.0,0.625,0.0,0.0,0.0,6.323805414368597,9.246979642696166,4.092548281391945,0.0,0.0,0.0,0.0,1.0,0.0,0.0,0.0,0.0
test569,54.0,10.0,1.0,6.0,0.4,0.0,0.0,0.0,4.943691249707995,5.97433390227772,3.6099336757299163,0.0,1.0,0.0,0.0,0.0,0.0,0.0,0.0,0.0
test572,44.0,8.0,1.0,5.0,0.375,0.0,0.0,0.0,6.711533169032569,13.549112368149283,2.9478348580128078,0.0,0.0,1.0,0.0,0.0,0.0,0.0,0.0,0.0
test573,83.0,15.0,0.8,8.0,0.4666666666666667,0.0,0.0,0.0,5.766318685678244,8.09440193983346,2.8257159804839636,0.0,0.0,0.0,0.0,0.0,0.0,0.0,0.0,0.0
test584,80.0,13.0,0.9230769230769231,8.0,0.3846153846153846,0.0,0.0,0.0,5.017745984562465,8.652339234966172,2.577479098227116,0.0,0.0,1.0,0.0,0.0,0.0,0.0,0.0,0.0
test586,34.0,8.0,1.0,4.0,0.5,0.0,0.0,0.0,5.428022705868769,8.325672500533996,3.1222793220898932,0.0,0.0,1.0,0.0,0.0,0.0,0.0,0.0,0.0
test589,47.0,9.0,1.0,4.0,0.5555555555555556,0.0,0.0,0.0,6.829475425030834,9.476429302708361,3.75583038293418,0.0,0.0,1.0,0.0,0.0,0.0,0.0,0.0,0.0
test592,59.0,11.0,0.9090909090909091,5.0,0.5454545454545454,0.0,0.0,0.0,5.87326061129505,7.21279245390791,4.400905791934149,0.0,0.0,1.0,0.0,0.0,0.0,0.0,0.0,0.0
test593,38.0,8.0,0.875,3.0,0.625,0.0,0.0,0.0,5.021210664367145,5.8306173672841854,3.6759293958780095,0.0,0.0,1.0,0.0,0.0,0.0,0.0,0.0,0.0
test594,43.0,8.0,0.875,4.0,0.5,0.125,0.0,0.0,4.586777296306353,5.01068899744568,3.9037203469570763,0.0,0.0,1.0,0.0,0.0,0.0,0.0,0.0,0.0
test596,49.0,9.0,1.0,4.0,0.5555555555555556,0.0,0.0,0.0,4.033887739265124,4.732979283445551,2.956295628609304,0.0,0.0,1.0,0.0,0.0,0.0,0.0,0.0,0.0
test602,42.0,9.0,0.8888888888888888,4.0,0.5555555555555556,0.1111111111111111,0.0,0.0,5.236477411640163,5.98494799175249,3.8828039058918282,0.0,0.0,1.0,0.0,0.0,0.0,0.0,0.0,0.0
test603,38.0,8.0,1.0,4.0,0.5,0.0,0.0,0.0,3.824820239759082,4.770192478104828,3.1975245007052746,0.0,0.0,0.0,0.0,1.0,0.0,0.0,0.0,0.0
test604,50.0,9.0,1.0,6.0,0.33333333333333337,0.0,0.0,0.0,5.334419959193852,8.514946576642831,4.068668525995611,0.0,0.0,1.0,0.0,0.0,0.0,0.0,0.0,0.0
test605,37.0,8.0,1.0,6.0,0.25,0.125,0.0,0.0,5.411120653080057,9.849575619561358,2.017818076392981,0.0,0.0,0.0,1.0,0.0,0.0,0.0,0.0,0.0
test607,46.0,9.0,1.0,4.0,0.5555555555555556,0.0,0.0,0.0,4.296707497668811,5.505586652532102,2.61524293407979,0.0,0.0,0.0,0.0,0.0,0.0,1.0,0.0,0.0
test610,42.0,8.0,1.0,4.0,0.5,0.0,0.0,0.0,5.4084209240046,8.088311787026955,3.3171796075161244,0.0,0.0,0.0,0.0,1.0,0.0,0.0,0.0,0.0
test611,48.0,8.0,1.0,4.0,0.5,0.0,0.0,0.0,5.4718094316427095,6.070135441139721,3.9546667271863445,0.0,0.0,0.0,1.0,0.0,0.0,0.0,0.0,0.0
test613,39.0,9.0,1.0,5.0,0.4444444444444444,0.0,0.0,0.0,7.140781083697813,11.125574664737574,4.139394344123586,0.0,0.0,1.0,0.0,0.0,0.0,0.0,0.0,0.0
test615,68.0,12.0,0.9166666666666666,7.0,0.41666666666666663,0.0,0.0,0.0,6.118606045105714,7.626768251683983,4.3499051691654325,0.0,0.0,0.0,0.0,0.0,0.0,0.0,0.0,0.0
test616,54.0,9.0,0.8888888888888888,5.0,0.4444444444444444,0.0,0.0,0.0,4.882267679334747,6.125373362743531,3.6099336757299163,0.0,1.0,0.0,0.0,0.0,0.0,0.0,0.0,0.0
test617,50.0,10.0,1.0,4.0,0.6,0.0,0.0,0.0,5.858061890548248,7.959725814760507,3.801234893176763,0.0,1.0,0.0,0.0,0.0,0.0,0.0,0.0,0.0
test618,53.0,9.0,1.0,6.0,0.33333333333333337,0.0,0.018867924528301886,0.0,4.528610063109866,6.551908209112812,3.1222793220898932,0.0,0.0,0.0,0.0,1.0,0.0,0.0,0.0,0.0
test620,45.0,8.0,1.0,4.0,0.5,0.0,0.0,0.0,5.436680715438006,8.844743468617173,3.726625720306101,0.0,0.0,0.0,1.0,0.0,0.0,0.0,0.0,0.0
test622,42.0,8.0,0.875,4.0,0.5,0.0,0.0,0.0,6.613961724605686,8.402448801229916,4.68269189792947,0.0,0.0,1.0,0.0,0.0,0.0,0.0,0.0,0.0
test626,44.0,8.0,1.0,6.0,0.25,0.0,0.0,0.0,6.526991124765462,8.08467541938357,4.106130833157814,0.0,0.0,1.0,0.0,0.0,0.0,0.0,0.0,0.0
test627,44.0,10.0,1.0,5.0,0.5,0.0,0.0,0.0,5.590234964686763,9.639950595002167,2.577479098227116,0.0,0.0,0.0,0.0,0.0,0.0,1.0,0.0,0.0
test631,42.0,8.0,1.0,5.0,0.375,0.0,0.0,0.0,5.883107740196818,9.993764306659868,2.393480405732666,0.0,0.0,0.0,1.0,0.0,0.0,0.0,0.0,0.0
test636,49.0,8.0,1.0,5.0,0.375,0.0,0.0,0.0,5.1674816804387955,7.315542331845704,3.4064785646786397,0.0,0.0,0.0,0.0,0.0,0.0,0.0,0.0,0.0
test641,43.0,9.0,1.0,6.0,0.33333333333333337,0.0,0.0,0.0,4.92904298768807,7.409535745101749,3.461727120625455,0.0,0.0,1.0,0.0,0.0,0.0,0.0,0.0,0.0
test644,49.0,8.0,1.0,6.0,0.25,0.0,0.02040816326530612,0.0,6.002813685733728,8.868304767955571,4.3065952644778775,0.0,0.0,0.0,0.0,0.0,0.0,0.0,0.0,0.0
test645,48.0,10.0,1.0,5.0,0.5,0.0,0.0,0.0,4.488416203246221,5.879550426021486,3.0394175860223087,0.0,0.0,1.0,0.0,0.0,0.0,0.0,0.0,0.0
test646,43.0,7.0,1.0,5.0,0.2857142857142857,0.0,0.023255813953488372,0.0,4.872648679549618,8.518674446756846,2.017818076392981,0.0,0.0,0.0,1.0,0.0,0.0,0.0,0.0,0.0
test647,50.0,11.0,0.9090909090909091,5.0,0.5454545454545454,0.09090909090909091,0.02,0.0,4.2218680404183475,6.3948318887294,2.1976828267141455,0.0,0.0,1.0,0.0,0.0,0.0,0.0,0.0,0.0
test648,44.0,10.0,0.9,4.0,0.6,0.1,0.0,0.0,3.373315845285492,4.3008845890598275,2.2182450660927935,0.0,0.0,0.0,1.0,0.0,0.0,0.0,0.0,0.0
test649,41.0,10.0,1.0,4.0,0.6,0.0,0.0,0.0,5.062495057618323,6.424979230767136,3.672328198447704,0.0,0.0,0.0,0.0,0.0,0.0,1.0,0.0,0.0
test650,36.0,7.0,1.0,4.0,0.4285714285714286,0.0,0.027777777777777776,0.0,7.087845122477239,8.195901054493795,4.268273591902923,0.0,0.0,1.0,0.0,0.0,0.0,0.0,0.0,0.0
test652,49.0,10.0,1.0,5.0,0.5,0.0,0.02040816326530612,0.0,5.49774703793895,9.04455209506042,3.572420823354738,0.0,1.0,0.0,0.0,0.0,0.0,0.0,0.0,0.0
test653,45.0,8.0,1.0,4.0,0.5,0.0,0.0,0.0,5.467761134998504,7.386399248850001,3.927599397298165,0.0,0.0,0.0,1.0,0.0,0.0,0.0,0.0,0.0
test654,69.0,11.0,0.9090909090909091,6.0,0.4545454545454546,0.0,0.0,0.0,5.740789639265233,7.974787960729968,3.5548378370905325,0.0,0.0,0.0,0.0,0.0,0.0,0.0,0.0,0.0
test655,40.0,8.0,1.0,4.0,0.5,0.0,0.0,0.0,5.697933029571308,9.03511806282706,3.409034929952863,0.0,0.0,0.0,0.0,1.0,0.0,0.0,0.0,0.0
test661,46.0,8.0,1.0,4.0,0.5,0.0,0.0,0.0,6.3033960785073955,10.124384489076933,3.9676124622334124,0.0,0.0,0.0,0.0,1.0,0.0,0.0,0.0,0.0
test663,51.0,8.0,1.0,6.0,0.25,0.125,0.0,0.0,5.7075506071778,9.595125163622104,3.0538817020719193,0.0,0.0,1.0,0.0,0.0,0.0,0.0,0.0,0.0
test664,54.0,10.0,0.9,5.0,0.5,0.0,0.0,0.0,4.991210472481177,7.8505817556480295,3.4064785646786397,0.0,0.0,1.0,0.0,0.0,0.0,0.0,0.0,0.0
test665,50.0,9.0,0.8888888888888888,4.0,0.5555555555555556,0.0,0.0,0.0,3.7989323723009853,5.150348849985891,2.5320418160152225,0.0,0.0,0.0,1.0,0.0,0.0,0.0,0.0,0.0
test666,79.0,14.0,0.8571428571428571,7.0,0.5,0.0,0.0,0.0,5.075182628029367,6.884156849925723,3.9813073641201178,0.0,1.0,0.0,0.0,0.0,0.0,0.0,0.0,0.0
test667,65.0,10.0,1.0,5.0,0.5,0.0,0.0,0.0,7.391526979625205,10.650835430746003,3.7540933307045767,0.0,1.0,0.0,0.0,0.0,0.0,0.0,0.0,0.0
test669,36.0,8.0,1.0,3.0,0.625,0.125,0.0,0.0,6.374669997594796,10.307636711363841,4.28486569010462,0.0,0.0,1.0,0.0,0.0,0.0,1.0,0.0,0.0
test671,82.0,16.0,0.9375,8.0,0.5,0.0625,0.0,0.0,4.829553053997272,6.350928791047338,3.7420806514307836,0.0,1.0,0.0,0.0,0.0,0.0,0.0,0.0,0.0
test673,35.0,8.0,1.0,4.0,0.5,0.0,0.0,0.0,5.556048575323551,7.511923576493703,2.61524293407979,0.0,0.0,0.0,0.0,0.0,0.0,1.0,0.0,0.0
test674,74.0,12.0,1.0,6.0,0.5,0.0,0.0,0.0,6.3248180119127895,7.616867180701271,4.6204341296343925,0.0,0.0,0.0,0.0,0.0,0.0,0.0,0.0,0.0
test681,57.0,12.0,0.75,5.0,0.5833333333333333,0.0,0.0,0.0,6.32142206229978,6.800687829035946,5.128272757834086,0.0,1.0,0.0,0.0,0.0,0.0,0.0,0.0,0.0
test684,40.0,8.0,0.875,3.0,0.625,0.0,0.0,0.0,5.861174870109182,7.388809614584632,4.562826676725233,0.0,0.0,0.0,0.0,1.0,0.0,0.0,0.0,0.0
test685,63.0,11.0,1.0,6.0,0.4545454545454546,0.0,0.0,0.0,4.370921943584446,6.408772530459463,2.61524293407979,0.0,0.0,0.0,0.0,0.0,0.0,1.0,0.0,0.0
test688,35.0,8.0,0.875,3.0,0.625,0.0,0.0,0.0,4.842101043615371,7.536795324882283,3.3171796075161244,0.0,0.0,0.0,1.0,0.0,0.0,0.0,0.0,0.0
test690,40.0,8.0,1.0,5.0,0.375,0.0,0.025,0.0,6.0146466504259015,10.477742680389671,2.9478348580128078,0.0,0.0,1.0,0.0,0.0,0.0,0.0,0.0,0.0
test695,49.0,9.0,0.8888888888888888,4.0,0.5555555555555556,0.0,0.0,0.0,7.5394605191862,10.560548584073903,5.561733473431677,0.0,0.0,0.0,1.0,0.0,0.0,0.0,0.0,0.0
test696,38.0,8.0,0.875,4.0,0.5,0.0,0.0,0.0,7.780535692003168,9.953758972046169,5.790778900658371,0.0,0.0,0.0,0.0,0.0,0.0,0.0,0.0,0.0
test697,42.0,9.0,1.0,5.0,0.4444444444444444,0.0,0.0,0.0,4.121419314621346,6.490354215630617,1.978019078330936,0.0,0.0,0.0,0.0,0.0,0.0,1.0,0.0,0.0
test700,42.0,8.0,1.0,5.0,0.375,0.125,0.023809523809523808,0.0,4.365740301145659,6.121968234740667,2.319230227468961,0.0,0.0,0.0,1.0,0.0,0.0,0.0,0.0,0.0
test701,47.0,9.0,1.0,5.0,0.4444444444444444,0.0,0.0,0.0,6.442888068719826,8.598328185581883,3.9345171439387405,0.0,0.0,0.0,0.0,1.0,0.0,0.0,0.0,0.0
test706,66.0,13.0,1.0,8.0,0.3846153846153846,0.0,0.0,0.0,4.417881585264674,6.261063279629779,2.8257159804839636,0.0,0.0,0.0,0.0,0.0,0.0,0.0,0.0,0.0
test711,38.0,8.0,0.875,4.0,0.5,0.0,0.0,0.0,4.834727016268672,5.921637530782003,3.991632369217706,0.0,0.0,0.0,0.0,0.0,0.0,0.0,0.0,0.0
test712,45.0,8.0,1.0,4.0,0.5,0.0,0.0,0.0,5.597426399236545,10.070072499723192,3.2263554265285923,0.0,0.0,1.0,0.0,0.0,0.0,0.0,0.0,0.0
test720,44.0,8.0,1.0,5.0,0.375,0.125,0.0,0.0,5.157911950668523,9.392463922591027,2.017818076392981,0.0,0.0,0.0,0.0,1.0,0.0,0.0,0.0,0.0
test721,60.0,11.0,1.0,5.0,0.5454545454545454,0.0,0.0,0.0,5.939817895311496,8.052529794410155,3.9356811329263994,0.0,0.0,1.0,0.0,0.0,0.0,0.0,0.0,0.0
test722,41.0,8.0,1.0,4.0,0.5,0.0,0.0,0.0,4.8733351679410095,7.079862051353509,3.2031805156736324,0.0,0.0,0.0,1.0,0.0,0.0,0.0,0.0,0.0
test724,48.0,8.0,1.0,4.0,0.5,0.125,0.0,0.0,5.948834362618562,7.7609012138762905,4.3065952644778775,0.0,0.0,0.0,0.0,1.0,0.0,0.0,0.0,0.0
test727,41.0,8.0,1.0,4.0,0.5,0.125,0.0,0.0,4.183771042127191,5.337086563525845,3.1189581829213493,0.0,0.0,0.0,0.0,1.0,0.0,0.0,0.0,0.0
test729,55.0,9.0,0.8888888888888888,4.0,0.5555555555555556,0.0,0.0,0.0,6.180703616777465,9.53144317358615,3.726625720306101,0.0,0.0,0.0,1.0,0.0,0.0,0.0,0.0,0.0
test732,39.0,8.0,1.0,5.0,0.375,0.0,0.0,0.0,5.730388248155931,8.321064197447802,3.461727120625455,0.0,0.0,1.0,0.0,0.0,0.0,0.0,0.0,0.0
test734,40.0,8.0,0.875,4.0,0.5,0.0,0.025,0.0,7.051810009622644,11.417485073298876,4.3499051691654325,0.0,1.0,0.0,0.0,0.0,0.0,0.0,0.0,0.0
test735,45.0,8.0,1.0,6.0,0.25,0.125,0.0,0.0,6.223595384933096,9.801290378401896,4.739270884959161,0.0,0.0,1.0,0.0,0.0,0.0,0.0,0.0,0.0
test736,77.0,13.0,1.0,6.0,0.5384615384615384,0.0,0.0,0.0,5.178428317937885,6.23522553651582,4.180438240883404,0.0,0.0,1.0,0.0,0.0,0.0,0.0,0.0,0.0
test737,39.0,8.0,1.0,5.0,0.375,0.125,0.0,0.0,4.600771893022787,7.573849795617581,2.1976828267141455,0.0,0.0,0.0,1.0,0.0,0.0,0.0,0.0,0.0
test738,44.0,7.0,1.0,4.0,0.4285714285714286,0.0,0.022727272727272728,0.0,4.9630279719318215,7.4395473754473205,2.017818076392981,0.0,0.0,0.0,1.0,0.0,0.0,0.0,0.0,0.0
test740,49.0,10.0,1.0,5.0,0.5,0.0,0.0,0.0,5.088404041328952,8.0179840448849,3.5775456948025597,0.0,0.0,1.0,0.0,0.0,0.0,0.0,0.0,0.0
test741,35.0,8.0,1.0,4.0,0.5,0.0,0.0,0.0,5.991213727339632,9.536597824174814,3.9345171439387405,0.0,0.0,0.0,1.0,0.0,0.0,0.0,0.0,0.0
test743,56.0,9.0,1.0,3.0,0.6666666666666667,0.0,0.0,0.0,3.6741111087626703,4.732979283445551,2.61524293407979,0.3333333333333333,0.0,0.0,0.0,0.0,0.0,1.0,0.0,0.0
test751,43.0,8.0,1.0,4.0,0.5,0.0,0.0,0.0,5.533257146269866,6.7953411162150825,3.75583038293418,0.0,0.0,1.0,0.0,0.0,0.0,0.0,0.0,0.0
test753,57.0,10.0,1.0,5.0,0.5,0.0,0.0,0.0,5.401515699750135,7.456833337231393,4.097878342720111,0.0,0.0,1.0,0.0,0.0,0.0,0.0,0.0,0.0
test754,82.0,15.0,0.9333333333333333,9.0,0.4,0.0,0.012195121951219513,0.0,4.6629723420866975,6.8863446356661795,3.0057917669506113,0.0,0.0,0.0,1.0,0.0,0.0,0.0,1.0,0.0
test755,45.0,8.0,1.0,6.0,0.25,0.0,0.0,0.0,4.259153392883497,6.646944096035929,3.0348465581739132,0.0,0.0,0.0,0.0,0.0,0.0,0.0,0.0,0.0
test759,62.0,10.0,1.0,6.0,0.4,0.0,0.0,0.0,4.117240507172662,7.615352602600306,2.017818076392981,0.0,0.0,0.0,1.0,0.0,0.0,0.0,0.0,0.0
test764,39.0,8.0,0.875,4.0,0.5,0.0,0.0,0.0,5.655823071365446,7.7222698007358535,4.463056477644145,0.0,0.0,0.0,1.0,0.0,0.0,0.0,0.0,0.0
test771,74.0,12.0,0.9166666666666666,5.0,0.5833333333333333,0.0,0.0,0.0,5.201777558789398,6.862181902262396,4.40233575445115,0.0,0.0,0.0,0.0,1.0,0.0,0.0,0.0,0.0
test774,38.0,8.0,0.875,3.0,0.625,0.0,0.0,0.0,3.9992301153097087,4.3008845890598275,3.7420806514307836,0.0,0.0,0.0,0.0,1.0,0.0,0.0,0.0,0.0
test776,69.0,12.0,1.0,6.0,0.5,0.0,0.0,0.0,6.846398192452312,11.384148653031284,4.353697109332991,0.0,1.0,0.0,0.0,0.0,0.0,0.0,0.0,0.0
test778,77.0,12.0,1.0,8.0,0.33333333333333337,0.0,0.03896103896103896,0.0,5.225752282064102,9.711197334874857,3.34484849115333,0.0,0.0,0.0,1.0,0.0,0.0,0.0,0.0,0.0
test780,37.0,9.0,1.0,4.0,0.5555555555555556,0.0,0.0,0.0,4.084597063118301,6.224434064883056,2.5878965273558787,0.0,0.0,1.0,0.0,0.0,0.0,0.0,0.0,0.0
test781,36.0,8.0,0.875,4.0,0.5,0.0,0.0,0.0,4.743663387491867,6.250184104820845,3.0730766855315736,0.0,0.0,0.0,0.0,0.0,0.0,0.0,0.0,0.0
test782,36.0,9.0,1.0,4.0,0.5555555555555556,0.1111111111111111,0.0,0.0,5.210878819151777,7.1643998968717275,2.1976828267141455,0.0,0.0,1.0,0.0,0.0,0.0,0.0,0.0,0.0
test784,39.0,8.0,1.0,4.0,0.5,0.0,0.0,0.0,5.846725159762531,8.75805555920274,3.664319913589271,0.0,0.0,1.0,0.0,0.0,0.0,0.0,0.0,0.0
test787,49.0,11.0,1.0,5.0,0.5454545454545454,0.0,0.0,0.0,6.027925395320006,8.643837589710852,3.0057917669506113,0.0,1.0,0.0,0.0,0.0,0.0,0.0,0.0,0.0
test789,60.0,13.0,0.8461538461538461,5.0,0.6153846153846154,0.0,0.0,0.0,6.426398933565844,10.353358960701936,4.166945799686266,0.0,0.0,1.0,0.0,0.0,0.0,0.0,0.0,0.0
test790,49.0,8.0,1.0,5.0,0.375,0.0,0.0,0.0,4.200246661151115,5.770362632208166,2.017818076392981,0.0,0.0,0.0,1.0,0.0,0.0,0.0,0.0,0.0
test791,32.0,8.0,1.0,3.0,0.625,0.0,0.0,0.0,5.728488716551312,7.163436273573842,3.2263554265285923,0.0,0.0,1.0,0.0,0.0,0.0,0.0,0.0,0.0
test792,35.0,8.0,1.0,4.0,0.5,0.0,0.0,0.0,3.866407119775314,5.163037157449731,2.017818076392981,0.0,0.0,0.0,1.0,0.0,0.0,0.0,0.0,0.0
test794,42.0,8.0,1.0,4.0,0.5,0.0,0.0,0.0,6.010878144093793,8.552865811505125,3.742285192237387,0.0,0.0,1.0,0.0,0.0,0.0,0.0,0.0,0.0
test796,45.0,8.0,1.0,4.0,0.5,0.0,0.0,0.0,3.4957858291359183,5.01068899744568,2.5320418160152225,0.0,0.0,0.0,0.0,0.0,0.0,1.0,0.0,0.0
test797,39.0,8.0,1.0,4.0,0.5,0.0,0.0,0.0,6.214272125301261,9.639950595002167,3.908186956799809,0.0,0.0,1.0,0.0,0.0,0.0,0.0,0.0,0.0
test800,42.0,8.0,1.0,5.0,0.375,0.0,0.023809523809523808,0.0,6.299418309062126,10.619825194003443,4.092548281391945,0.0,0.0,1.0,0.0,0.0,0.0,0.0,0.0,0.0
test801,48.0,8.0,1.0,5.0,0.375,0.0,0.0,0.0,5.801728924385548,10.307636711363841,3.9345171439387405,0.0,0.0,1.0,0.0,0.0,0.0,0.0,0.0,0.0
test805,62.0,10.0,0.9,7.0,0.30000000000000004,0.0,0.0,0.0,5.474443080423718,9.262574500654072,2.8257159804839636,0.0,0.0,0.0,0.0,0.0,0.0,0.0,0.0,0.0
test810,45.0,9.0,1.0,5.0,0.4444444444444444,0.0,0.0,0.0,6.01779108494229,8.562574625632086,2.9974264367119225,0.0,0.0,0.0,1.0,0.0,0.0,0.0,0.0,0.0
test812,51.0,9.0,1.0,6.0,0.33333333333333337,0.0,0.0,0.0,4.718606097059314,6.826482573293834,2.9974264367119225,0.0,1.0,0.0,0.0,0.0,0.0,0.0,0.0,0.0
test816,45.0,9.0,1.0,4.0,0.5555555555555556,0.0,0.0,0.0,4.6718293809806,5.061230295364992,4.407861811134428,0.0,0.0,1.0,0.0,0.0,0.0,0.0,0.0,0.0
test817,40.0,8.0,1.0,4.0,0.5,0.0,0.0,0.0,4.694852492484229,6.644934910515029,3.8665298029538078,0.0,0.0,0.0,1.0,0.0,0.0,0.0,0.0,0.0
test820,34.0,7.0,1.0,4.0,0.4285714285714286,0.0,0.029411764705882353,0.0,4.654660473596682,6.086733332548759,3.5495422069361093,0.0,0.0,1.0,0.0,0.0,0.0,0.0,0.0,0.0
test822,45.0,11.0,1.0,4.0,0.6363636363636364,0.0,0.0,0.0,6.637368172520052,12.930073159743058,3.498258320907172,0.0,0.0,0.0,0.0,0.0,0.0,0.0,0.0,0.0
test824,41.0,8.0,1.0,5.0,0.375,0.0,0.0,0.0,6.582370314112356,9.723581394074579,3.9345171439387405,0.0,1.0,0.0,0.0,0.0,0.0,0.0,0.0,0.0
test825,40.0,8.0,1.0,5.0,0.375,0.0,0.0,0.0,4.402450630406654,7.442726017665949,3.0538817020719193,0.0,0.0,0.0,0.0,0.0,0.0,1.0,0.0,0.0
test828,68.0,14.0,0.7857142857142857,8.0,0.4285714285714286,0.0,0.0,0.0,4.644645362510152,6.450854800282996,1.978019078330936,0.0,0.0,0.0,0.0,0.0,0.0,1.0,0.0,0.0
test831,43.0,8.0,1.0,5.0,0.375,0.0,0.0,0.0,3.6233977543031792,4.862272850437685,2.017818076392981,0.0,0.0,0.0,1.0,0.0,0.0,0.0,0.0,0.0
test832,40.0,8.0,1.0,6.0,0.25,0.125,0.0,0.0,5.655281559573069,9.491135450098056,3.574427708572644,0.0,0.0,1.0,0.0,0.0,0.0,0.0,0.0,0.0
test836,57.0,13.0,1.0,6.0,0.5384615384615384,0.0,0.0,0.0,5.2987065503489434,6.915230184031838,4.075342365344003,0.0,0.0,0.0,0.0,0.0,0.0,1.0,0.0,0.0
test837,42.0,8.0,1.0,4.0,0.5,0.125,0.0,0.0,4.45730626416106,5.617519661640461,3.79828494020335,0.0,0.0,0.0,0.0,1.0,0.0,0.0,0.0,0.0
test838,43.0,9.0,0.8888888888888888,4.0,0.5555555555555556,0.0,0.0,0.0,4.418801238922921,5.555444144524114,2.2182450660927935,0.0,1.0,0.0,0.0,0.0,0.0,0.0,0.0,0.0
test841,42.0,8.0,1.0,5.0,0.375,0.0,0.0,0.0,4.2028034688522,5.14074601059664,3.7494864551472444,0.0,0.0,1.0,0.0,0.0,0.0,0.0,0.0,0.0
test842,61.0,11.0,1.0,7.0,0.36363636363636365,0.09090909090909091,0.01639344262295082,0.0,6.232210123923224,9.186924075695064,4.07063322750189,0.0,0.0,0.0,0.0,0.0,0.0,0.0,0.0,0.0
test849,35.0,8.0,1.0,6.0,0.25,0.125,0.0,0.0,6.399858855438118,7.811158536948166,2.4655137370168436,0.0,0.0,1.0,0.0,0.0,0.0,0.0,0.0,0.0
test850,40.0,9.0,1.0,2.0,0.7777777777777778,0.0,0.0,0.0,4.203308183626365,4.439555699844475,3.9670606674082536,0.0,1.0,0.0,0.0,0.0,0.0,0.0,0.0,0.0
test852,44.0,8.0,0.875,3.0,0.625,0.0,0.0,0.0,6.560268082344322,8.914383379919647,4.313201720061569,0.0,0.0,1.0,0.0,0.0,0.0,0.0,0.0,0.0
test856,32.0,7.0,0.8571428571428571,3.0,0.5714285714285714,0.0,0.03125,0.0,4.984281083394211,5.536999432020453,4.3008845890598275,0.0,0.0,0.0,1.0,0.0,0.0,0.0,0.0,0.0
test857,66.0,13.0,0.9230769230769231,6.0,0.5384615384615384,0.0,0.0,0.0,5.490050442828623,7.577486163260964,3.8665298029538078,0.0,1.0,0.0,0.0,0.0,0.0,0.0,0.0,0.0
test860,38.0,8.0,0.875,4.0,0.5,0.0,0.0,0.0,4.955020985222473,6.490108575737464,3.5855583327205514,0.0,0.0,0.0,0.0,0.0,0.0,0.0,1.0,0.0
test861,40.0,8.0,1.0,5.0,0.375,0.0,0.0,0.0,4.6752801686891665,7.01553119297237,2.935434413658972,0.0,0.0,1.0,0.0,0.0,0.0,0.0,0.0,0.0
test868,43.0,9.0,0.6666666666666666,5.0,0.4444444444444444,0.0,0.0,0.0,5.832462841926331,7.494337732689846,3.0369273608098353,0.0,0.0,0.0,0.0,0.0,1.0,0.0,0.0,0.0
test872,40.0,8.0,1.0,4.0,0.5,0.0,0.0,0.0,4.7923734386439865,5.702410661014404,3.908186956799809,0.0,0.0,0.0,0.0,0.0,0.0,0.0,0.0,0.0
test873,41.0,8.0,0.875,5.0,0.375,0.0,0.0,0.0,6.195941912332993,9.930502109881902,3.75583038293418,0.0,0.0,1.0,0.0,0.0,0.0,0.0,0.0,0.0
test882,57.0,12.0,1.0,6.0,0.5,0.0,0.0,0.0,5.00312619259732,7.333076717735905,3.4215616872395604,0.0,0.0,0.0,0.0,0.0,0.0,1.0,0.0,0.0
test884,42.0,8.0,1.0,5.0,0.375,0.0,0.0,0.0,4.433508748064737,5.569235457173701,3.0057917669506113,0.0,1.0,0.0,0.0,0.0,0.0,0.0,0.0,0.0
test890,41.0,8.0,1.0,4.0,0.5,0.0,0.0,0.0,4.609782104208269,6.966889385750023,3.5455532618889385,0.0,0.0,0.0,0.0,1.0,0.0,0.0,0.0,0.0
test892,39.0,8.0,1.0,5.0,0.375,0.0,0.0,0.0,6.500921601686111,9.481307361161793,3.967021265140648,0.0,1.0,0.0,0.0,0.0,0.0,0.0,0.0,0.0
test894,43.0,10.0,1.0,4.0,0.6,0.0,0.0,0.0,5.7419536337393575,9.768174769617398,3.3171796075161244,0.0,0.0,1.0,0.0,0.0,0.0,0.0,0.0,0.0
test895,41.0,7.0,1.0,4.0,0.4285714285714286,0.0,0.024390243902439025,0.0,5.515989036945276,9.319155247098834,3.75583038293418,0.0,0.0,1.0,0.0,0.0,0.0,0.0,0.0,0.0
test896,51.0,8.0,1.0,5.0,0.375,0.0,0.0,0.0,5.529632418484764,7.639865511323251,3.34484849115333,0.0,0.0,0.0,1.0,0.0,0.0,0.0,0.0,0.0
test897,48.0,7.0,1.0,4.0,0.4285714285714286,0.0,0.020833333333333332,0.0,5.252393183465428,6.99578965116535,4.28391861783987,0.0,0.0,0.0,0.0,1.0,0.0,0.0,0.0,0.0
test908,41.0,8.0,1.0,4.0,0.5,0.0,0.0,0.0,5.239472477383195,7.908726210051875,2.7863550280367213,0.0,0.0,0.0,0.0,1.0,0.0,0.0,0.0,0.0
test911,42.0,8.0,1.0,6.0,0.25,0.0,0.0,0.0,6.530901152112605,9.781289711695226,3.75583038293418,0.0,0.0,1.0,0.0,0.0,0.0,0.0,0.0,0.0
test912,48.0,9.0,0.8888888888888888,4.0,0.5555555555555556,0.0,0.0,0.0,5.900723476709771,7.490991009351896,4.687742005624292,0.0,0.0,1.0,0.0,0.0,0.0,0.0,0.0,0.0
test916,33.0,8.0,0.875,4.0,0.5,0.0,0.030303030303030304,0.0,5.254155378688932,6.86969266718378,4.0677965628244035,0.0,0.0,0.0,0.0,0.0,0.0,0.0,0.0,0.0
test919,45.0,8.0,1.0,4.0,0.5,0.0,0.0,0.0,5.744614637269027,7.231689849764628,4.238138348861657,0.0,0.0,0.0,0.0,1.0,0.0,0.0,0.0,0.0
test920,46.0,8.0,1.0,4.0,0.5,0.0,0.0,0.0,5.737879518693417,10.546262626826428,3.2756437915128496,0.0,0.0,0.0,0.0,1.0,0.0,0.0,0.0,0.0
test929,46.0,8.0,1.0,4.0,0.5,0.0,0.0,0.0,5.972684110721866,8.968527657633805,3.0538817020719193,0.0,0.0,0.0,0.0,1.0,0.0,0.0,0.0,0.0
test932,45.0,8.0,1.0,4.0,0.5,0.0,0.0,0.0,6.874982088243671,10.143164383728529,3.566279054046847,0.0,1.0,0.0,0.0,0.0,0.0,0.0,0.0,0.0
test933,43.0,9.0,1.0,5.0,0.4444444444444444,0.0,0.0,0.0,3.720660329556691,4.408443669422418,2.7863550280367213,0.0,1.0,0.0,0.0,0.0,0.0,0.0,0.0,0.0
test934,48.0,8.0,1.0,5.0,0.375,0.0,0.0,0.0,6.615872720349129,11.177534403668284,3.726625720306101,0.0,0.0,0.0,1.0,0.0,0.0,0.0,0.0,0.0
test935,42.0,8.0,1.0,4.0,0.5,0.0,0.0,0.0,5.492332889607636,6.994975484623328,4.3008845890598275,0.0,0.0,0.0,1.0,0.0,0.0,0.0,0.0,0.0
test939,51.0,9.0,1.0,5.0,0.4444444444444444,0.0,0.0,0.0,4.9500254089391165,6.119082964578847,4.074815593237573,0.0,1.0,0.0,0.0,0.0,0.0,0.0,0.0,0.0
test944,77.0,14.0,0.8571428571428571,5.0,0.6428571428571428,0.0,0.0,0.0,5.499745681862185,6.420158284790863,3.9962264030402364,0.0,1.0,0.0,0.0,0.0,0.0,0.0,0.0,0.0
test945,46.0,10.0,1.0,5.0,0.5,0.0,0.021739130434782608,0.0,6.102771084284919,9.054075976571674,4.439555699844475,0.0,0.0,1.0,0.0,0.0,0.0,1.0,0.0,0.0
test946,36.0,7.0,1.0,6.0,0.1428571428571429,0.0,0.027777777777777776,0.0,5.751994193145529,8.600352477771114,3.461727120625455,0.0,0.0,1.0,0.0,0.0,0.0,0.0,0.0,0.0
test949,72.0,13.0,0.8461538461538461,6.0,0.5384615384615384,0.0,0.0,0.0,5.775058793929489,8.936824714392326,3.5455532618889385,0.0,1.0,0.0,0.0,0.0,0.0,0.0,0.0,0.0
test950,90.0,17.0,0.7647058823529411,7.0,0.5882352941176471,0.0,0.0,0.0,6.251075986893883,9.031993060283925,2.956295628609304,0.0,0.0,0.0,0.0,1.0,0.0,0.0,0.0,0.0
test951,57.0,10.0,0.9,5.0,0.5,0.0,0.0,0.0,5.973163040525321,8.050189243312401,3.924026276944952,0.0,0.0,0.0,0.0,0.0,0.0,0.0,1.0,0.0
test952,51.0,8.0,1.0,4.0,0.5,0.0,0.0,0.0,6.8025377207524365,9.224034085346297,4.5959341010813395,0.0,1.0,0.0,0.0,0.0,0.0,0.0,0.0,0.0
test954,57.0,10.0,1.0,4.0,0.6,0.0,0.0,0.0,6.826914484017687,7.8946201827041955,4.0530454058594305,0.0,1.0,0.0,0.0,0.0,0.0,0.0,0.0,0.0
test955,41.0,9.0,1.0,5.0,0.4444444444444444,0.0,0.0,0.0,3.989132587306247,5.188372505622978,3.4064785646786397,0.0,0.0,1.0,0.0,0.0,0.0,0.0,0.0,0.0
test956,58.0,9.0,1.0,6.0,0.33333333333333337,0.0,0.0,0.0,5.710554812458628,12.550583538038154,2.2182450660927935,0.0,0.0,0.0,0.0,0.0,0.0,0.0,1.0,0.0
test957,38.0,8.0,1.0,4.0,0.5,0.0,0.0,0.0,5.3989077622009995,7.101806505608069,3.5455532618889385,0.0,0.0,0.0,0.0,1.0,0.0,0.0,0.0,0.0
test958,44.0,8.0,0.875,3.0,0.625,0.0,0.0,0.0,5.865163517542681,8.865659263767146,3.6759293958780095,0.0,1.0,0.0,0.0,0.0,0.0,0.0,0.0,0.0
test959,40.0,8.0,1.0,4.0,0.5,0.125,0.0,0.0,4.800606430980996,9.379130391721562,2.319230227468961,0.0,0.0,0.0,1.0,0.0,0.0,0.0,0.0,0.0
test960,51.0,9.0,0.8888888888888888,4.0,0.5555555555555556,0.1111111111111111,0.0,0.0,5.363269113198562,6.677576596162725,4.514912693891973,0.0,0.0,0.0,1.0,0.0,0.0,0.0,0.0,0.0
test967,62.0,11.0,1.0,6.0,0.4545454545454546,0.0,0.0,0.0,5.424501996058005,7.43701171640251,2.393480405732666,0.0,0.0,0.0,1.0,0.0,0.0,0.0,0.0,0.0
test971,44.0,8.0,1.0,4.0,0.5,0.0,0.0,0.0,6.348438426797658,6.902907399271099,5.631888319017683,0.0,0.0,0.0,0.0,1.0,0.0,0.0,0.0,0.0
test973,37.0,8.0,1.0,4.0,0.5,0.0,0.0,0.0,7.031288949541204,8.62289441586561,4.3008845890598275,0.0,0.0,0.0,0.0,0.0,1.0,0.0,0.0,0.0
test974,44.0,9.0,1.0,5.0,0.4444444444444444,0.0,0.0,0.0,5.710695982123931,7.234271162504082,3.401900228556649,0.0,0.0,0.0,0.0,0.0,0.0,1.0,0.0,0.0
test986,43.0,9.0,1.0,4.0,0.5555555555555556,0.0,0.0,0.0,5.9910650830720495,8.881638298825036,2.577479098227116,0.0,1.0,0.0,0.0,0.0,0.0,0.0,0.0,0.0
test987,60.0,11.0,0.9090909090909091,6.0,0.4545454545454546,0.0,0.0,0.0,4.9453345868207155,6.6758006596296555,3.4501696454405764,0.0,0.0,1.0,0.0,0.0,0.0,0.0,0.0,0.0
test989,41.0,8.0,1.0,4.0,0.5,0.0,0.0,0.0,4.960959620542853,6.794674782690511,2.7863550280367213,0.0,0.0,0.0,0.0,1.0,0.0,0.0,0.0,0.0
test990,59.0,12.0,1.0,5.0,0.5833333333333333,0.0,0.0,0.0,5.91145443115327,10.105950787388094,3.8220296252147636,0.0,0.0,0.0,0.0,0.0,0.0,0.0,0.0,0.0
test991,32.0,8.0,0.75,5.0,0.375,0.0,0.0,0.0,9.081230890796753,11.351887790813063,6.902907399271099,0.2,0.0,0.0,0.0,0.0,0.0,0.0,0.0,0.0
test994,42.0,9.0,1.0,5.0,0.4444444444444444,0.0,0.0,0.0,5.845913453591818,8.227497089376424,3.902057421488641,0.0,0.0,0.0,1.0,0.0,0.0,0.0,0.0,0.0
test996,43.0,7.0,1.0,5.0,0.2857142857142857,0.0,0.023255813953488372,0.0,7.411079938602231,10.619825194003443,4.901517677117449,0.0,0.0,1.0,0.0,0.0,0.0,0.0,0.0,0.0
test997,32.0,8.0,1.0,3.0,0.625,0.125,0.0,0.0,4.71802708980416,4.949444264433473,4.342364154541321,0.0,1.0,0.0,0.0,0.0,0.0,0.0,0.0,0.0
test998,39.0,9.0,0.8888888888888888,6.0,0.33333333333333337,0.1111111111111111,0.0,0.0,3.890300577722844,5.450860395385699,2.319230227468961,0.0,0.0,1.0,0.0,0.0,0.0,0.0,0.0,0.0
test999,43.0,7.0,1.0,4.0,0.4285714285714286,0.0,0.023255813953488372,0.0,5.577370603157017,9.611700128716317,3.5455532618889385,0.0,0.0,0.0,0.0,1.0,0.0,0.0,0.0,0.0
test1003,48.0,9.0,1.0,6.0,0.33333333333333337,0.0,0.020833333333333332,0.0,4.371058910019238,6.128276866064277,2.017818076392981,0.0,0.0,1.0,0.0,0.0,0.0,0.0,0.0,0.0
test1005,37.0,8.0,1.0,5.0,0.375,0.0,0.0,0.0,4.500204632843958,7.586267778421349,2.9974264367119225,0.0,0.0,0.0,1.0,0.0,0.0,0.0,0.0,0.0
test1006,45.0,8.0,1.0,5.0,0.375,0.0,0.0,0.0,4.293541559242768,5.879550426021486,2.017818076392981,0.0,0.0,0.0,1.0,0.0,0.0,0.0,0.0,0.0
test1007,36.0,8.0,0.875,3.0,0.625,0.0,0.0,0.0,4.296160749251195,4.834638636944624,3.946874706524606,0.0,0.0,0.0,0.0,1.0,0.0,0.0,0.0,0.0
test1009,41.0,8.0,1.0,4.0,0.5,0.0,0.0,0.0,6.423939109328048,7.689140476975974,5.12915406474329,0.0,0.0,1.0,0.0,0.0,0.0,0.0,0.0,0.0
test1015,38.0,8.0,1.0,4.0,0.5,0.0,0.0,0.0,4.600535720947774,5.256385030475329,3.954725105438516,0.0,1.0,0.0,0.0,0.0,0.0,0.0,0.0,0.0
test1017,50.0,10.0,0.9,3.0,0.7,0.0,0.0,0.0,6.115387301862417,9.099760919089146,3.5455532618889385,0.0,1.0,0.0,0.0,0.0,0.0,0.0,0.0,0.0
test1024,37.0,8.0,1.0,5.0,0.375,0.0,0.0,0.0,5.771768227553185,10.984163010687745,3.4393135645304502,0.0,0.0,0.0,0.0,0.0,0.0,1.0,0.0,0.0
test1025,47.0,10.0,0.9,5.0,0.5,0.0,0.0,0.0,5.028863049296553,7.783921265364437,2.61524293407979,0.0,0.0,0.0,0.0,0.0,0.0,1.0,0.0,0.0
test1030,43.0,8.0,1.0,4.0,0.5,0.125,0.0,0.0,6.414434512981586,9.392463922591027,4.3065952644778775,0.0,0.0,0.0,0.0,1.0,0.0,0.0,0.0,0.0
test1032,34.0,8.0,1.0,4.0,0.5,0.125,0.0,0.0,4.421179809403859,7.5936451634119795,2.5870089694699985,0.0,0.0,0.0,1.0,0.0,0.0,0.0,0.0,0.0
test1034,49.0,8.0,1.0,4.0,0.5,0.0,0.0,0.0,5.669725160108477,7.245186031778893,4.80119301761742,0.0,1.0,0.0,0.0,0.0,0.0,0.0,0.0,0.0
test1037,35.0,8.0,0.875,2.0,0.75,0.0,0.0,0.0,4.906081415193879,6.403127900434894,3.409034929952863,0.0,0.0,0.0,0.0,0.0,1.0,0.0,0.0,0.0
test1047,42.0,10.0,1.0,4.0,0.6,0.0,0.0,0.0,5.217197554181182,7.09279134425804,4.075342365344003,0.0,0.0,0.0,0.0,0.0,0.0,1.0,0.0,0.0
test1052,65.0,12.0,1.0,5.0,0.5833333333333333,0.0,0.0,0.0,5.4846799207740276,8.165272828163083,2.017818076392981,0.0,1.0,0.0,1.0,0.0,0.0,0.0,0.0,0.0
test1054,39.0,8.0,1.0,4.0,0.5,0.0,0.0,0.0,5.685769216606543,9.885550722019635,2.8592833284943846,0.0,0.0,1.0,0.0,0.0,0.0,0.0,0.0,0.0
test1057,36.0,8.0,1.0,4.0,0.5,0.0,0.0,0.0,5.24444307833298,5.640567658245779,4.11957909555563,0.0,0.0,1.0,0.0,0.0,0.0,0.0,0.0,0.0
test1064,47.0,9.0,1.0,5.0,0.4444444444444444,0.0,0.0,0.0,6.518046890066254,8.53562400507062,3.5455532618889385,0.0,1.0,0.0,0.0,0.0,0.0,0.0,0.0,0.0
test1065,43.0,9.0,0.8888888888888888,5.0,0.4444444444444444,0.0,0.0,0.0,4.902911559148341,6.308257881757118,3.0369273608098353,0.0,1.0,0.0,0.0,0.0,0.0,0.0,0.0,0.0
test1070,45.0,8.0,1.0,4.0,0.5,0.0,0.0,0.0,4.568009809759528,5.385293451429614,3.8665298029538078,0.0,0.0,0.0,1.0,0.0,0.0,0.0,0.0,0.0
test1071,46.0,8.0,1.0,5.0,0.375,0.0,0.0,0.0,5.824244842936946,8.330302138432737,4.118455293776882,0.0,0.0,0.0,0.0,1.0,0.0,0.0,0.0,0.0
test1072,47.0,9.0,1.0,5.0,0.4444444444444444,0.1111111111111111,0.0,0.0,5.176087371239333,7.967228529483151,3.0369273608098353,0.0,1.0,0.0,0.0,0.0,0.0,0.0,0.0,0.0
test1075,42.0,8.0,1.0,4.0,0.5,0.0,0.0,0.0,6.780937092081596,9.144136800489855,3.625801180134286,0.0,0.0,0.0,1.0,0.0,0.0,0.0,0.0,0.0
test1076,46.0,8.0,1.0,3.0,0.625,0.0,0.0,0.0,4.552869039735476,5.97536089767315,3.8220296252147636,0.0,0.0,0.0,1.0,0.0,0.0,0.0,0.0,0.0
test1077,41.0,10.0,1.0,4.0,0.6,0.0,0.0,0.0,7.281454410384264,10.941145625604054,4.11957909555563,0.0,0.0,1.0,0.0,0.0,0.0,0.0,0.0,0.0
test1078,41.0,9.0,1.0,5.0,0.4444444444444444,0.0,0.0,0.0,6.0610572785232595,9.663140039921078,3.984068995236596,0.0,1.0,0.0,0.0,0.0,0.0,0.0,0.0,0.0
test1084,40.0,8.0,1.0,6.0,0.25,0.0,0.0,0.0,4.777949689733123,6.957830639281669,1.978019078330936,0.0,0.0,1.0,0.0,0.0,0.0,0.0,0.0,0.0
test1085,39.0,9.0,1.0,5.0,0.4444444444444444,0.0,0.0,0.0,7.073738619982724,8.68929996378761,5.12915406474329,0.0,0.0,1.0,0.0,0.0,0.0,0.0,0.0,0.0
test1089,35.0,8.0,1.0,4.0,0.5,0.0,0.0,0.0,4.139241472945388,6.412401886830784,2.393480405732666,0.0,0.0,1.0,0.0,0.0,0.0,0.0,0.0,0.0
test1090,77.0,13.0,0.8461538461538461,7.0,0.46153846153846156,0.0,0.0,0.0,4.779644575443441,8.489233497951092,2.017818076392981,0.0,0.0,1.0,0.0,0.0,0.0,0.0,0.0,0.0
test1092,37.0,9.0,0.8888888888888888,4.0,0.5555555555555556,0.0,0.0,0.0,5.441728138521895,6.103778259522079,4.767030628425021,0.0,1.0,0.0,0.0,0.0,0.0,0.0,0.0,0.0
test1095,42.0,8.0,1.0,5.0,0.375,0.0,0.047619047619047616,0.0,6.573968347489057,11.56319688448027,3.5455532618889385,0.0,0.0,0.0,0.0,0.0,0.0,0.0,0.0,0.0
test1096,40.0,8.0,1.0,5.0,0.375,0.125,0.0,0.0,5.4782445638551955,7.302728786056955,3.896497504740474,0.0,0.0,1.0,0.0,0.0,0.0,0.0,0.0,0.0
test1099,54.0,9.0,1.0,6.0,0.33333333333333337,0.0,0.0,0.0,6.0491802577120675,11.524730603652474,2.393480405732666,0.0,0.0,0.0,0.0,0.0,0.0,0.0,0.0,0.0
test1104,33.0,8.0,1.0,4.0,0.5,0.0,0.0,0.0,5.45021658618187,7.553015708714739,4.118455293776882,0.0,0.0,0.0,0.0,1.0,0.0,0.0,0.0,0.0
test1106,58.0,9.0,1.0,5.0,0.4444444444444444,0.0,0.0,0.0,5.435715583052419,8.3149526429018,2.017818076392981,0.0,0.0,0.0,1.0,0.0,0.0,0.0,0.0,0.0
test1108,38.0,8.0,1.0,3.0,0.625,0.0,0.0,0.0,3.9668616466842175,4.3008845890598275,3.672328198447704,0.0,0.0,0.0,1.0,0.0,0.0,0.0,0.0,0.0
test1109,42.0,9.0,1.0,5.0,0.4444444444444444,0.1111111111111111,0.0,0.0,5.329512009827423,8.547085448589627,2.319230227468961,0.0,0.0,1.0,0.0,0.0,0.0,0.0,0.0,0.0
test1114,39.0,8.0,1.0,5.0,0.375,0.0,0.0,0.0,4.879878072480734,6.4660841249629835,3.959680197950367,0.0,0.0,0.0,1.0,0.0,0.0,0.0,0.0,0.0
test1115,33.0,8.0,1.0,4.0,0.5,0.0,0.0,0.0,3.5673416208482616,4.678790513420972,2.8592833284943846,0.0,0.0,0.0,1.0,0.0,0.0,0.0,0.0,0.0
test1116,40.0,10.0,1.0,3.0,0.7,0.0,0.0,0.0,5.867272894468268,6.746876347582666,5.0310338544607704,0.0,0.0,1.0,0.0,0.0,0.0,0.0,0.0,0.0
test1118,55.0,10.0,1.0,6.0,0.4,0.0,0.0,0.0,5.679136246844038,7.665789979661003,3.967021265140648,0.0,1.0,0.0,0.0,0.0,0.0,0.0,0.0,0.0
test1119,36.0,8.0,1.0,4.0,0.5,0.0,0.0,0.0,4.868535732562011,6.424979230767136,2.7863550280367213,0.0,0.0,0.0,0.0,1.0,0.0,0.0,0.0,0.0
test1120,36.0,8.0,1.0,4.0,0.5,0.125,0.0,0.0,4.863218694126801,7.049755065359947,3.105491461343404,0.0,0.0,0.0,0.0,0.0,0.0,0.0,0.0,0.0
test1121,32.0,8.0,0.875,4.0,0.5,0.0,0.0,0.0,5.414665316335177,6.592158845008373,4.118455293776882,0.0,0.0,0.0,0.0,0.0,0.0,0.0,0.0,0.0
test1124,41.0,8.0,1.0,3.0,0.625,0.0,0.024390243902439025,0.0,6.2151736079222815,11.831460871074949,3.0538817020719193,0.0,0.0,0.0,0.0,1.0,0.0,0.0,0.0,0.0
test1125,41.0,8.0,1.0,6.0,0.25,0.0,0.024390243902439025,0.0,6.0607309772685385,7.2002231582120215,5.2721725556137145,0.0,0.0,0.0,0.0,0.0,0.0,0.0,0.0,0.0
test1130,44.0,8.0,1.0,5.0,0.375,0.0,0.0,0.0,4.4782265682987985,7.701435713833011,3.0348465581739132,0.0,0.0,0.0,0.0,0.0,0.0,0.0,0.0,0.0
test1136,48.0,9.0,0.8888888888888888,5.0,0.4444444444444444,0.0,0.0,0.0,3.9830217768659053,5.368271420553682,2.017818076392981,0.2,0.0,1.0,0.0,0.0,0.0,0.0,0.0,0.0
test1138,37.0,8.0,1.0,4.0,0.5,0.0,0.0,0.0,5.423268653736209,7.361435099543629,3.6430638120697285,0.0,0.0,0.0,0.0,1.0,0.0,0.0,0.0,0.0
test1143,51.0,8.0,1.0,6.0,0.25,0.0,0.0,0.0,7.61902031648432,8.42770266855112,6.150063843503651,0.0,0.0,1.0,0.0,0.0,0.0,0.0,0.0,0.0
test1144,51.0,8.0,1.0,5.0,0.375,0.0,0.0,0.0,5.741965822356476,8.746262969712916,3.726625720306101,0.0,0.0,0.0,1.0,0.0,0.0,0.0,0.0,0.0
test1147,33.0,8.0,1.0,4.0,0.5,0.0,0.0,0.0,4.156366235533836,4.759735152443212,3.5072364870210504,0.0,0.0,0.0,0.0,0.0,0.0,0.0,0.0,0.0
test1149,92.0,17.0,0.9411764705882353,9.0,0.47058823529411764,0.0,0.0,0.0,4.481163032580404,6.744022826305895,1.978019078330936,0.0,0.0,0.0,0.0,0.0,0.0,0.0,0.0,0.0
test1150,54.0,10.0,0.9,4.0,0.6,0.0,0.0,0.0,4.5497148527963605,5.43774149148905,3.5958759274929633,0.0,1.0,0.0,0.0,0.0,0.0,0.0,0.0,0.0
test1153,73.0,15.0,0.9333333333333333,8.0,0.4666666666666667,0.0,0.0,0.0,4.923291509347527,6.567177690992893,3.854522114115514,0.0,0.0,0.0,0.0,0.0,0.0,0.0,0.0,0.0
test1156,43.0,8.0,1.0,6.0,0.25,0.125,0.0,0.0,6.981180192659198,9.617286735424956,3.75583038293418,0.0,0.0,1.0,0.0,0.0,0.0,0.0,0.0,0.0
test1157,42.0,8.0,1.0,5.0,0.375,0.0,0.0,0.0,4.638989209883193,8.3149526429018,2.256543270872133,0.0,0.0,0.0,0.0,0.0,0.0,0.0,1.0,0.0
test1159,42.0,8.0,1.0,5.0,0.375,0.0,0.0,0.0,7.345563647340901,10.37702870478784,3.566279054046847,0.0,0.0,1.0,0.0,0.0,0.0,0.0,0.0,0.0
test1160,35.0,8.0,1.0,4.0,0.5,0.0,0.0,0.0,5.092834099197843,7.32511986984545,3.566279054046847,0.0,0.0,1.0,0.0,0.0,0.0,0.0,0.0,0.0
test1164,54.0,9.0,0.8888888888888888,4.0,0.5555555555555556,0.0,0.0,0.0,6.112891947568492,8.736928012776865,5.051976122079604,0.0,1.0,0.0,0.0,0.0,0.0,0.0,0.0,0.0
test1165,49.0,8.0,1.0,4.0,0.5,0.0,0.0,0.0,6.1428517250552535,7.520833847918584,4.815587344015373,0.0,0.0,0.0,0.0,1.0,0.0,0.0,0.0,0.0
test1166,49.0,8.0,1.0,6.0,0.25,0.0,0.0,0.0,4.12647956340443,5.965428733939314,2.017818076392981,0.0,0.0,0.0,1.0,0.0,0.0,0.0,0.0,0.0
test1171,55.0,10.0,1.0,6.0,0.4,0.0,0.0,0.0,4.269900925175691,5.434573951814706,2.393480405732666,0.0,0.0,0.0,1.0,0.0,0.0,0.0,0.0,0.0
test1173,47.0,8.0,1.0,5.0,0.375,0.0,0.0,0.0,5.5945842629943625,11.320635247308958,3.0369273608098353,0.0,0.0,0.0,0.0,0.0,0.0,0.0,1.0,0.0
test1175,39.0,8.0,1.0,4.0,0.5,0.0,0.0,0.0,3.835634068075623,4.236357243589563,3.3171796075161244,0.0,0.0,0.0,1.0,0.0,0.0,0.0,0.0,0.0
test1176,42.0,8.0,1.0,4.0,0.5,0.0,0.0,0.0,5.974632938136691,7.649998099963112,4.898712836932467,0.0,0.0,1.0,0.0,0.0,0.0,0.0,0.0,0.0
test1179,38.0,8.0,1.0,4.0,0.5,0.125,0.0,0.0,5.653508003088179,11.260916012607336,2.1976828267141455,0.0,1.0,0.0,0.0,0.0,0.0,0.0,0.0,0.0
test1180,43.0,8.0,0.875,4.0,0.5,0.0,0.0,0.0,5.40908304944695,5.82491826371287,4.562826676725233,0.0,0.0,0.0,0.0,1.0,0.0,0.0,0.0,0.0
test1181,38.0,8.0,0.875,3.0,0.625,0.0,0.0,0.0,5.274112574693333,6.649821381865012,2.7863550280367213,0.0,0.0,1.0,0.0,0.0,0.0,0.0,0.0,0.0
test1182,53.0,10.0,1.0,5.0,0.5,0.0,0.0,0.0,4.44405595215035,5.905218839659249,3.79828494020335,0.0,0.0,0.0,1.0,0.0,0.0,0.0,0.0,0.0
test1183,46.0,9.0,1.0,4.0,0.5555555555555556,0.0,0.0,0.0,5.631543589931495,8.360131665638711,3.3847506718132223,0.0,0.0,0.0,0.0,1.0,0.0,0.0,0.0,0.0
test1186,39.0,8.0,1.0,4.0,0.5,0.0,0.0,0.0,3.7696535767019466,5.709024293460935,2.017818076392981,0.0,0.0,0.0,1.0,0.0,0.0,0.0,0.0,0.0
test1187,62.0,11.0,1.0,6.0,0.4545454545454546,0.0,0.0,0.0,4.476026493302388,8.606450057639233,2.61524293407979,0.0,0.0,0.0,0.0,0.0,0.0,1.0,0.0,0.0
test1189,58.0,8.0,1.0,5.0,0.375,0.0,0.0,0.0,6.127130152268942,10.604673388982842,4.211573111621786,0.0,0.0,1.0,0.0,0.0,0.0,0.0,0.0,0.0
test1190,53.0,11.0,0.8181818181818182,5.0,0.5454545454545454,0.0,0.0,0.0,7.011129744800824,11.781450450500287,3.7540933307045767,0.0,1.0,0.0,0.0,0.0,0.0,0.0,0.0,0.0
test1194,78.0,15.0,0.8,8.0,0.4666666666666667,0.0,0.0,0.0,3.905691266138669,6.9527465454208945,2.5320418160152225,0.0,0.0,0.0,0.0,0.0,0.0,0.0,0.0,0.0
test1196,41.0,8.0,1.0,5.0,0.375,0.0,0.0,0.0,5.244763703514733,8.349038049490208,2.017818076392981,0.0,0.0,0.0,0.0,0.0,0.0,0.0,0.0,0.0
test1200,46.0,8.0,0.875,4.0,0.5,0.0,0.0,0.0,5.267400380351891,7.0506150955140106,3.954725105438516,0.0,0.0,0.0,0.0,0.0,0.0,0.0,0.0,0.0
test1201,46.0,9.0,1.0,5.0,0.4444444444444444,0.0,0.0,0.0,4.635738716228557,7.322293412339123,2.61524293407979,0.0,0.0,0.0,0.0,0.0,0.0,1.0,0.0,0.0
test1202,50.0,8.0,1.0,5.0,0.375,0.0,0.0,0.0,6.488582893162148,8.498341029028056,4.464383811193937,0.0,0.0,0.0,0.0,0.0,0.0,0.0,0.0,0.0
test1203,40.0,8.0,1.0,4.0,0.5,0.0,0.0,0.0,4.852528951590606,7.405846838367034,3.3171796075161244,0.0,0.0,0.0,0.0,1.0,0.0,0.0,0.0,0.0
test1205,42.0,8.0,1.0,4.0,0.5,0.0,0.0,0.0,5.866305152934276,8.379440391020141,3.5352533045615506,0.0,1.0,0.0,0.0,0.0,0.0,0.0,0.0,0.0
test1206,37.0,8.0,1.0,3.0,0.625,0.0,0.0,0.0,3.960780050098259,4.562826676725233,3.0186288845097167,0.0,0.0,0.0,1.0,0.0,0.0,0.0,0.0,0.0
test1208,42.0,9.0,0.8888888888888888,5.0,0.4444444444444444,0.0,0.0,0.0,4.624642486033751,9.562777329756585,2.017818076392981,0.0,0.0,0.0,1.0,0.0,0.0,0.0,0.0,0.0
test1210,39.0,9.0,0.8888888888888888,4.0,0.5555555555555556,0.0,0.0,0.0,4.127142818220757,6.489617476893954,2.017818076392981,0.0,1.0,0.0,0.0,0.0,0.0,0.0,0.0,0.0
test1211,60.0,12.0,0.9166666666666666,5.0,0.5833333333333333,0.0,0.0,0.0,5.171712378754753,6.746876347582666,3.4064785646786397,0.0,0.0,1.0,0.0,0.0,0.0,0.0,0.0,0.0
test1216,40.0,7.0,1.0,3.0,0.5714285714285714,0.0,0.025,0.0,7.740287711191455,13.297797939868376,4.90468255467127,0.0,0.0,0.0,1.0,0.0,0.0,0.0,0.0,0.0
test1221,47.0,9.0,0.8888888888888888,5.0,0.4444444444444444,0.0,0.0,0.0,3.81864095722036,7.511923576493703,2.017818076392981,0.0,0.0,1.0,0.0,0.0,0.0,0.0,0.0,0.0
test1232,50.0,10.0,1.0,5.0,0.5,0.0,0.0,0.0,5.1012554474915275,7.774117265267816,3.954725105438516,0.0,0.0,0.0,0.0,1.0,0.0,0.0,0.0,0.0
test1239,42.0,8.0,1.0,4.0,0.5,0.0,0.0,0.0,5.682779894595429,7.787510322604255,3.954725105438516,0.0,0.0,0.0,0.0,1.0,0.0,0.0,0.0,0.0
test1240,37.0,7.0,1.0,3.0,0.5714285714285714,0.0,0.02702702702702703,0.0,8.12393162535925,14.396410228536485,4.834638636944624,0.0,0.0,0.0,0.0,1.0,0.0,0.0,0.0,0.0
test1241,41.0,8.0,1.0,3.0,0.625,0.0,0.0,0.0,5.904870629155396,9.306758394122005,4.106968904284354,0.0,0.0,0.0,0.0,1.0,0.0,0.0,0.0,0.0
test1242,36.0,9.0,1.0,4.0,0.5555555555555556,0.0,0.0,0.0,4.672587866482779,5.555444144524114,4.176786780503787,0.0,1.0,0.0,0.0,0.0,0.0,0.0,0.0,0.0
test1243,79.0,15.0,0.8666666666666667,7.0,0.5333333333333333,0.0,0.0,0.0,5.5114678603318215,8.353777394854104,2.9974264367119225,0.0,0.0,0.0,0.0,0.0,1.0,0.0,0.0,0.0
test1246,41.0,8.0,1.0,4.0,0.5,0.0,0.0,0.0,4.668694494787941,5.150348849985891,4.36507197130736,0.0,0.0,0.0,1.0,0.0,0.0,0.0,0.0,0.0
test1247,37.0,8.0,1.0,4.0,0.5,0.0,0.0,0.0,5.084534189915721,8.019116547837198,1.978019078330936,0.0,1.0,0.0,0.0,0.0,0.0,0.0,0.0,0.0
test1251,47.0,8.0,1.0,5.0,0.375,0.0,0.0,0.0,4.177796265770686,4.937310541654984,3.1222793220898932,0.0,0.0,0.0,0.0,0.0,0.0,0.0,1.0,0.0
test1252,55.0,10.0,1.0,6.0,0.4,0.0,0.0,0.0,5.4429236432047645,8.582279696711419,2.017818076392981,0.0,0.0,0.0,1.0,0.0,0.0,0.0,0.0,0.0
test1256,52.0,10.0,1.0,5.0,0.5,0.0,0.0,0.0,6.459532413752585,9.54177918291681,3.5873356920600883,0.0,0.0,0.0,0.0,0.0,0.0,0.0,0.0,0.0
test1259,40.0,8.0,1.0,4.0,0.5,0.0,0.0,0.0,5.252952545996712,5.978890053604314,4.28391861783987,0.0,0.0,0.0,0.0,1.0,0.0,0.0,0.0,0.0
test1260,45.0,9.0,1.0,6.0,0.33333333333333337,0.1111111111111111,0.0,0.0,3.969546658670657,7.32511986984545,2.61524293407979,0.0,0.0,0.0,0.0,0.0,0.0,1.0,0.0,0.0
test1261,72.0,14.0,1.0,6.0,0.5714285714285714,0.14285714285714285,0.0,0.0,4.811570337695742,6.582145229535299,2.319230227468961,0.0,0.0,1.0,0.0,0.0,0.0,0.0,0.0,0.0
test1263,48.0,9.0,0.8888888888888888,4.0,0.5555555555555556,0.0,0.0,0.0,5.9814579119789135,7.6138403149774945,4.672507979751431,0.0,0.0,1.0,1.0,0.0,0.0,0.0,0.0,0.0
test1266,43.0,9.0,0.8888888888888888,4.0,0.5555555555555556,0.0,0.0,0.0,4.2419108063488125,6.036494823474771,3.5047268727681997,0.0,1.0,0.0,0.0,0.0,0.0,0.0,0.0,0.0
test1270,87.0,13.0,1.0,10.0,0.23076923076923073,0.0,0.011494252873563218,0.0,5.933765039578033,10.504589930425858,2.256543270872133,0.0,0.0,0.0,0.0,0.0,0.0,0.0,0.0,0.0
test1274,48.0,10.0,0.9,6.0,0.4,0.0,0.0,0.0,4.152699021530825,6.411720378399136,3.259648384088852,0.0,0.0,0.0,0.0,0.0,0.0,0.0,0.0,0.0
test1284,38.0,8.0,0.875,3.0,0.625,0.0,0.0,0.0,4.639368379487419,5.7587117841359685,3.105491461343404,0.0,1.0,0.0,0.0,0.0,0.0,0.0,0.0,0.0
test1285,37.0,8.0,0.875,4.0,0.5,0.0,0.0,0.0,4.945799274346614,6.451563517534489,4.3337418116480455,0.0,0.0,0.0,1.0,0.0,0.0,0.0,0.0,0.0
test1288,40.0,9.0,0.8888888888888888,4.0,0.5555555555555556,0.0,0.0,0.0,5.784570888002813,7.030597391327014,4.639317400052235,0.0,1.0,0.0,0.0,0.0,0.0,0.0,0.0,0.0
test1291,39.0,8.0,1.0,4.0,0.5,0.0,0.0,0.0,5.592840999844954,6.7953411162150825,4.118455293776882,0.0,0.0,0.0,0.0,1.0,0.0,0.0,0.0,0.0
test1301,45.0,8.0,1.0,5.0,0.375,0.0,0.0,0.0,5.024110546440047,7.5833319964962564,4.178002453102718,0.0,0.0,1.0,0.0,0.0,0.0,0.0,0.0,0.0
test1302,39.0,8.0,1.0,3.0,0.625,0.0,0.0,0.0,5.723265149185656,7.059690352268678,3.0538817020719193,0.0,0.0,0.0,0.0,1.0,0.0,0.0,0.0,0.0
test1303,45.0,8.0,1.0,4.0,0.5,0.0,0.0,0.0,4.592547438079834,5.259537008442176,2.8592833284943846,0.0,0.0,1.0,0.0,0.0,0.0,0.0,0.0,0.0
test1304,45.0,10.0,1.0,5.0,0.5,0.0,0.0,0.0,5.678518016091646,7.642972309938706,2.8592833284943846,0.0,0.0,0.0,1.0,0.0,0.0,0.0,0.0,0.0
test1305,35.0,8.0,0.875,4.0,0.5,0.0,0.0,0.0,3.8328292992504602,5.101698071340961,2.017818076392981,0.0,0.0,0.0,0.0,1.0,0.0,0.0,0.0,0.0
test1308,36.0,7.0,1.0,4.0,0.4285714285714286,0.0,0.027777777777777776,0.0,6.6160669037994815,9.476429302708361,4.694284350874548,0.0,0.0,1.0,0.0,0.0,0.0,0.0,0.0,0.0
test1309,44.0,10.0,0.9,6.0,0.4,0.0,0.0,0.0,4.312526931557107,6.759015132635377,2.2182450660927935,0.0,0.0,0.0,1.0,0.0,0.0,0.0,0.0,0.0
test1315,51.0,9.0,1.0,6.0,0.33333333333333337,0.0,0.0,0.0,5.534619266804138,6.48496402739936,4.797434465893935,0.0,0.0,0.0,0.0,1.0,0.0,0.0,0.0,0.0
test1321,95.0,12.0,0.8333333333333334,7.0,0.41666666666666663,0.0,0.0,0.0,6.443185631599852,10.73284858240684,3.755479542108657,0.0,0.0,0.0,0.0,0.0,0.0,0.0,0.0,0.0
test1324,47.0,8.0,1.0,4.0,0.5,0.0,0.0,0.0,6.738218455546177,9.190573714782614,4.180438240883404,0.0,0.0,1.0,0.0,0.0,0.0,0.0,0.0,0.0
test1329,50.0,8.0,1.0,5.0,0.375,0.0,0.0,0.0,4.784358495262104,6.7408617678810785,3.4064785646786397,0.0,0.0,0.0,0.0,1.0,0.0,0.0,0.0,0.0
test1330,42.0,8.0,1.0,4.0,0.5,0.0,0.0,0.0,6.95839541595584,9.357295463118362,5.212927310730185,0.0,0.0,0.0,0.0,0.0,1.0,0.0,0.0,0.0
test1333,45.0,8.0,1.0,5.0,0.375,0.0,0.0,0.0,5.417772033116238,7.025969701116293,4.166079988354988,0.0,1.0,0.0,0.0,0.0,0.0,0.0,0.0,0.0
test1334,58.0,11.0,1.0,6.0,0.4545454545454546,0.0,0.0,0.0,4.6971873846745575,8.786938433351526,3.2031805156736324,0.0,0.0,0.0,0.0,0.0,0.0,0.0,0.0,0.0
test1335,45.0,9.0,1.0,5.0,0.4444444444444444,0.0,0.0,0.0,5.021400539424666,7.649998099963112,2.017818076392981,0.0,0.0,1.0,0.0,0.0,0.0,0.0,0.0,0.0
test1338,54.0,12.0,0.9166666666666666,2.0,0.8333333333333334,0.0,0.0,0.0,5.98225754710543,6.147270789405452,5.817244304805409,0.0,1.0,1.0,0.0,0.0,0.0,0.0,0.0,0.0
test1345,45.0,9.0,0.8888888888888888,5.0,0.4444444444444444,0.0,0.0,0.0,5.678939497240689,9.140652476407245,3.4064785646786397,0.0,0.0,1.0,0.0,0.0,0.0,0.0,0.0,0.0
test1346,29.0,8.0,0.875,3.0,0.625,0.0,0.0,0.0,4.290388997694145,5.92749733129548,2.8871615145386977,0.0,1.0,0.0,0.0,0.0,0.0,0.0,0.0,0.0
test1347,39.0,8.0,1.0,4.0,0.5,0.0,0.0,0.0,5.326104920339615,7.327954338863358,3.2263554265285923,0.0,0.0,1.0,0.0,0.0,0.0,0.0,0.0,0.0
test1348,39.0,9.0,0.8888888888888888,5.0,0.4444444444444444,0.0,0.0,0.0,5.1865449240145,6.341146682209539,3.4064785646786397,0.0,0.0,1.0,0.0,0.0,0.0,0.0,0.0,0.0
test1349,37.0,9.0,1.0,4.0,0.5555555555555556,0.0,0.0,0.0,4.682528831059473,5.47691247383177,4.075342365344003,0.0,0.0,0.0,0.0,0.0,0.0,1.0,0.0,0.0
test1352,47.0,8.0,1.0,6.0,0.25,0.0,0.0,0.0,5.7295835013776895,8.098073914583582,3.984068995236596,0.0,0.0,0.0,0.0,0.0,0.0,0.0,0.0,0.0
test1354,39.0,8.0,1.0,5.0,0.375,0.0,0.0,0.0,5.244577407695918,6.341146682209539,3.4064785646786397,0.0,0.0,1.0,0.0,0.0,0.0,0.0,0.0,0.0
test1357,39.0,7.0,1.0,6.0,0.1428571428571429,0.14285714285714285,0.02564102564102564,0.0,4.281801416729943,6.2813875782789825,3.1222793220898932,0.0,0.0,1.0,0.0,0.0,0.0,0.0,0.0,0.0
test1362,40.0,7.0,1.0,4.0,0.4285714285714286,0.0,0.025,0.0,6.247014803706528,8.08467541938357,4.531507591315926,0.0,0.0,0.0,1.0,0.0,0.0,0.0,0.0,0.0
test1363,38.0,8.0,1.0,5.0,0.375,0.125,0.0,0.0,4.506335574824332,7.3708719138979655,2.7863550280367213,0.0,0.0,1.0,0.0,0.0,0.0,0.0,0.0,0.0
test1368,44.0,10.0,0.9,5.0,0.5,0.0,0.0,0.0,5.301683141436469,8.46770800316482,2.2182450660927935,0.0,0.0,1.0,0.0,0.0,0.0,0.0,0.0,0.0
test1370,55.0,11.0,1.0,5.0,0.5454545454545454,0.0,0.0,0.0,5.04744076720314,8.283465783890794,2.017818076392981,0.0,1.0,0.0,0.0,0.0,0.0,0.0,0.0,0.0
test1374,44.0,8.0,1.0,5.0,0.375,0.0,0.0,0.0,5.213898071013919,7.672978509018976,3.7255109879199426,0.0,0.0,0.0,1.0,0.0,0.0,0.0,0.0,0.0
test1375,41.0,9.0,0.8888888888888888,4.0,0.5555555555555556,0.0,0.0,0.0,4.379668665850424,5.3465907833954045,3.5713857296062494,0.0,0.0,0.0,1.0,0.0,0.0,0.0,0.0,0.0
test1376,59.0,11.0,1.0,6.0,0.4545454545454546,0.0,0.0,0.0,5.02085239069204,6.406962779937245,2.017818076392981,0.0,0.0,1.0,0.0,0.0,0.0,0.0,0.0,0.0
test1377,40.0,8.0,1.0,5.0,0.375,0.0,0.0,0.0,6.168600757743366,8.102990949690003,3.75583038293418,0.0,0.0,1.0,0.0,0.0,0.0,0.0,0.0,0.0
test1380,56.0,10.0,1.0,7.0,0.30000000000000004,0.0,0.017857142857142856,0.0,5.448225976100125,10.401272316397833,3.572420823354738,0.0,0.0,1.0,0.0,0.0,0.0,0.0,0.0,0.0
test1381,41.0,9.0,1.0,4.0,0.5555555555555556,0.0,0.0,0.0,4.810383385515002,7.780345043403669,2.935434413658972,0.0,1.0,0.0,0.0,0.0,0.0,0.0,0.0,0.0
test1384,56.0,8.0,1.0,5.0,0.375,0.0,0.0,0.0,5.940862162896929,9.657292070038656,3.8283550273237275,0.0,0.0,0.0,1.0,0.0,0.0,0.0,0.0,0.0
test1389,48.0,10.0,1.0,5.0,0.5,0.0,0.020833333333333332,0.0,8.375243713917879,11.451971249370045,5.318116637480635,0.0,1.0,0.0,0.0,0.0,0.0,0.0,0.0,0.0
test1391,51.0,10.0,1.0,5.0,0.5,0.0,0.0,0.0,5.277100532768224,6.47137323454031,4.418170863537249,0.0,1.0,0.0,0.0,0.0,0.0,0.0,0.0,0.0
test1392,39.0,9.0,1.0,2.0,0.7777777777777778,0.0,0.0,0.0,5.09919669410041,5.53576918676261,4.66262420143821,0.0,0.0,0.0,1.0,0.0,0.0,0.0,0.0,0.0
test1395,36.0,9.0,0.7777777777777778,3.0,0.6666666666666667,0.0,0.0,0.0,4.298900855604636,5.3268272942765655,3.105491461343404,0.0,0.0,1.0,0.0,0.0,0.0,0.0,0.0,0.0
test1396,41.0,8.0,1.0,4.0,0.5,0.0,0.0,0.0,5.994671536938417,7.756534394709949,4.28391861783987,0.0,0.0,0.0,0.0,1.0,0.0,0.0,0.0,0.0
test1397,44.0,8.0,1.0,5.0,0.375,0.0,0.0,0.0,4.852617769526873,6.4660841249629835,2.017818076392981,0.0,1.0,0.0,0.0,0.0,0.0,0.0,0.0,0.0
test1398,49.0,9.0,1.0,8.0,0.11111111111111116,0.2222222222222222,0.0,0.0,4.114085586568494,6.4660841249629835,2.4655137370168436,0.0,0.0,0.0,0.0,0.0,0.0,0.0,0.0,0.0
test1400,56.0,10.0,1.0,5.0,0.5,0.0,0.0,0.0,6.082963185556511,8.002262216282215,3.4215616872395604,0.0,0.0,0.0,0.0,0.0,0.0,1.0,0.0,0.0
test1401,43.0,8.0,1.0,3.0,0.625,0.0,0.0,0.0,6.301144784476665,8.344321059612069,4.106130833157814,0.0,0.0,1.0,0.0,0.0,0.0,0.0,0.0,0.0
test1402,44.0,8.0,1.0,4.0,0.5,0.125,0.0,0.0,7.056884789831879,11.125574664737574,4.477098540653472,0.0,0.0,0.0,1.0,0.0,0.0,0.0,0.0,0.0
test1405,34.0,8.0,1.0,3.0,0.625,0.125,0.0,0.0,6.463648541059243,9.302660027729724,4.746847651654005,0.0,1.0,0.0,0.0,0.0,0.0,0.0,0.0,0.0
test1408,36.0,8.0,1.0,4.0,0.5,0.0,0.0,0.0,5.600647894796703,11.320635247308958,2.2182450660927935,0.0,0.0,0.0,1.0,0.0,0.0,0.0,0.0,0.0
test1412,48.0,10.0,0.8,4.0,0.6,0.0,0.0,0.0,4.178058128349866,5.631888319017683,3.0538817020719193,0.0,0.0,0.0,0.0,1.0,0.0,0.0,0.0,0.0
test1416,39.0,8.0,0.875,4.0,0.5,0.0,0.0,0.0,5.865418228879985,9.302660027729724,4.092548281391945,0.0,0.0,1.0,0.0,0.0,0.0,0.0,0.0,0.0
test1417,40.0,8.0,1.0,4.0,0.5,0.125,0.0,0.0,6.234844139345531,8.637508454659205,2.5847860972386525,0.0,1.0,0.0,0.0,0.0,0.0,0.0,0.0,0.0
test1418,39.0,8.0,1.0,4.0,0.5,0.0,0.0,0.0,3.6588131621009903,4.5123263828758695,2.9478348580128078,0.0,0.0,0.0,0.0,1.0,0.0,0.0,0.0,0.0
test1421,49.0,10.0,0.9,4.0,0.6,0.0,0.0,0.0,5.329119099255146,7.518083760245161,4.376785438371315,0.0,0.0,0.0,1.0,0.0,0.0,0.0,0.0,0.0
test1426,40.0,8.0,1.0,4.0,0.5,0.0,0.0,0.0,5.213418275445801,6.308257881757118,4.092548281391945,0.0,0.0,0.0,1.0,0.0,0.0,0.0,0.0,0.0
test1428,39.0,8.0,1.0,4.0,0.5,0.0,0.0,0.0,4.732954461090506,6.797342784940133,3.8665298029538078,0.0,0.0,0.0,1.0,0.0,0.0,0.0,0.0,0.0
test1431,41.0,8.0,0.875,4.0,0.5,0.125,0.0,0.0,6.448753353311398,9.657292070038656,4.477098540653472,0.0,0.0,1.0,0.0,0.0,0.0,0.0,0.0,0.0
test1448,37.0,8.0,0.875,3.0,0.625,0.0,0.0,0.0,4.36953856021347,4.562826676725233,4.244904414855347,0.0,0.0,0.0,1.0,0.0,0.0,0.0,0.0,0.0
test1449,40.0,8.0,1.0,4.0,0.5,0.0,0.0,0.0,7.539175589388856,9.461936295405794,5.265365621043151,0.0,0.0,1.0,0.0,0.0,0.0,0.0,0.0,0.0
test1456,44.0,8.0,1.0,5.0,0.375,0.0,0.0,0.0,4.205669640481302,5.872638721760126,2.017818076392981,0.0,0.0,0.0,1.0,0.0,0.0,0.0,0.0,0.0
test1458,39.0,8.0,1.0,5.0,0.375,0.125,0.0,0.0,4.588214911066798,6.115699152873638,3.80493042596021,0.0,0.0,1.0,0.0,0.0,0.0,0.0,0.0,0.0
test1459,56.0,11.0,0.7272727272727273,5.0,0.5454545454545454,0.0,0.0,0.0,5.585610181300458,8.641723424018517,3.4275167783892204,0.0,0.0,0.0,0.0,0.0,0.0,0.0,0.0,0.0
test1461,74.0,10.0,1.0,6.0,0.4,0.0,0.013513513513513514,0.0,5.642019655551998,6.375811078639515,4.70432295029498,0.0,0.0,0.0,0.0,0.0,0.0,0.0,1.0,0.0
test1462,44.0,8.0,1.0,5.0,0.375,0.0,0.0,0.0,6.041606887354977,8.098073914583582,3.7494864551472444,0.0,0.0,1.0,0.0,0.0,0.0,0.0,0.0,0.0
test1463,49.0,8.0,1.0,5.0,0.375,0.0,0.02040816326530612,0.0,4.859290827961624,5.627835944394799,4.158535945870166,0.0,0.0,0.0,0.0,1.0,0.0,0.0,0.0,0.0
test1466,44.0,9.0,1.0,4.0,0.5555555555555556,0.0,0.0,0.0,5.708699152206201,7.116401975652297,4.3008845890598275,0.0,0.0,0.0,0.0,1.0,0.0,0.0,0.0,0.0
test1467,51.0,10.0,1.0,5.0,0.5,0.0,0.0,0.0,7.525511395865027,11.644874915494537,3.3847506718132223,0.0,0.0,0.0,0.0,1.0,0.0,0.0,0.0,0.0
test1468,46.0,8.0,1.0,4.0,0.5,0.0,0.0,0.0,6.430134999802563,7.239973614452301,6.101610869543912,0.0,0.0,1.0,0.0,0.0,0.0,0.0,0.0,0.0
test1470,57.0,11.0,1.0,5.0,0.5454545454545454,0.0,0.0,0.0,4.806731488764861,6.866824767745446,3.742285192237387,0.0,0.0,0.0,0.0,0.0,0.0,0.0,1.0,0.0
test1472,48.0,8.0,1.0,5.0,0.375,0.0,0.0,0.0,5.0217608441585435,7.320601364558099,3.2756437915128496,0.0,1.0,0.0,0.0,0.0,0.0,0.0,0.0,0.0
test1473,53.0,8.0,1.0,3.0,0.625,0.0,0.0,0.0,6.429251847471998,7.9459398063923095,4.55212435235072,0.0,1.0,0.0,0.0,0.0,0.0,0.0,0.0,0.0
test1479,59.0,11.0,1.0,5.0,0.5454545454545454,0.0,0.0,0.0,5.970396345076603,8.471263562466152,4.007261025897916,0.0,0.0,1.0,0.0,0.0,0.0,0.0,0.0,0.0
test1482,40.0,8.0,1.0,3.0,0.625,0.0,0.0,0.0,6.383106505696547,10.143164383728529,4.3008845890598275,0.0,0.0,0.0,0.0,1.0,0.0,0.0,0.0,0.0
test1484,48.0,8.0,1.0,6.0,0.25,0.0,0.0,0.0,5.1381401546640255,7.68669946681354,3.34484849115333,0.0,0.0,0.0,0.0,0.0,0.0,0.0,0.0,0.0
test1488,57.0,10.0,1.0,7.0,0.30000000000000004,0.0,0.0,0.0,3.9637889249677514,5.348235907150693,2.017818076392981,0.0,0.0,0.0,0.0,1.0,0.0,0.0,0.0,0.0
test1490,43.0,9.0,1.0,4.0,0.5555555555555556,0.0,0.0,0.0,4.657548863534204,6.40741491061071,3.1975245007052746,0.0,0.0,0.0,0.0,1.0,0.0,0.0,0.0,0.0
test1492,38.0,8.0,1.0,4.0,0.5,0.0,0.0,0.0,5.336699592614555,7.374433805464326,3.854522114115514,0.0,0.0,0.0,0.0,0.0,0.0,0.0,0.0,0.0
test1494,44.0,9.0,1.0,5.0,0.4444444444444444,0.0,0.0,0.0,4.833123663669548,6.276813186849718,2.61524293407979,0.0,0.0,0.0,0.0,0.0,0.0,1.0,0.0,0.0
test1502,44.0,8.0,1.0,5.0,0.375,0.0,0.0,0.0,6.291953710215171,8.980309826332066,3.946874706524606,0.0,0.0,0.0,0.0,1.0,0.0,0.0,0.0,0.0
test1504,45.0,8.0,1.0,4.0,0.5,0.0,0.0,0.0,6.328003575502955,7.803822419681732,3.801234893176763,0.0,1.0,0.0,0.0,0.0,0.0,0.0,0.0,0.0
test1505,61.0,11.0,0.9090909090909091,5.0,0.5454545454545454,0.0,0.0,0.0,4.203680985870202,4.933471068237792,3.5197413439229024,0.0,0.0,0.0,0.0,0.0,0.0,0.0,0.0,0.0
test1506,37.0,8.0,1.0,3.0,0.625,0.0,0.0,0.0,4.497479143332305,5.680530126240029,3.9037203469570763,0.0,0.0,1.0,0.0,0.0,0.0,0.0,0.0,0.0
test1511,41.0,8.0,1.0,5.0,0.375,0.0,0.0,0.0,6.699906769858005,10.438776711856287,4.483517047926262,0.0,0.0,1.0,0.0,0.0,0.0,0.0,0.0,0.0
test1515,36.0,8.0,0.875,4.0,0.5,0.0,0.0,0.0,4.557187464289806,6.455589097207113,3.3847506718132223,0.0,0.0,0.0,0.0,0.0,0.0,0.0,1.0,0.0
test1517,37.0,8.0,1.0,4.0,0.5,0.0,0.0,0.0,5.1463423649250615,7.774117265267816,3.8220296252147636,0.0,1.0,0.0,0.0,0.0,0.0,0.0,0.0,0.0
test1521,44.0,10.0,1.0,5.0,0.5,0.0,0.0,0.0,5.537567301366065,9.985634180576618,4.075342365344003,0.0,0.0,1.0,0.0,0.0,0.0,0.0,0.0,0.0
test1523,56.0,11.0,1.0,6.0,0.4545454545454546,0.0,0.0,0.0,5.7078007582956864,9.657292070038656,2.61524293407979,0.0,0.0,0.0,0.0,0.0,0.0,0.0,0.0,0.0
test1525,43.0,8.0,1.0,5.0,0.375,0.0,0.0,0.0,5.443057462431408,7.461364089318445,4.075342365344003,0.0,0.0,0.0,0.0,0.0,0.0,1.0,0.0,0.0
test1528,56.0,13.0,0.9230769230769231,4.0,0.6923076923076923,0.0,0.0,0.0,4.625455024344546,4.916984638640945,4.439555699844475,0.0,0.0,1.0,0.0,0.0,0.0,1.0,0.0,0.0
test1532,39.0,7.0,1.0,3.0,0.5714285714285714,0.0,0.02564102564102564,0.0,6.107231853075626,8.409121052838984,4.797615277285545,0.0,0.0,0.0,1.0,0.0,0.0,0.0,0.0,0.0
test1533,59.0,11.0,0.9090909090909091,5.0,0.5454545454545454,0.0,0.0,0.0,5.034354349995626,8.087098194644996,2.9478348580128078,0.0,0.0,0.0,1.0,0.0,0.0,0.0,0.0,0.0
test1536,36.0,9.0,1.0,5.0,0.4444444444444444,0.1111111111111111,0.0,0.0,4.500757763297233,5.962816060996562,3.2607463563514734,0.0,0.0,1.0,0.0,0.0,0.0,0.0,0.0,0.0
test1539,60.0,12.0,0.9166666666666666,9.0,0.25,0.0,0.0,0.0,5.119570328888175,8.892434625015259,2.935434413658972,0.0,0.0,0.0,0.0,0.0,0.0,0.0,1.0,0.0
test1540,35.0,8.0,1.0,5.0,0.375,0.125,0.0,0.0,4.2940948064775055,5.744511334267957,3.105491461343404,0.0,0.0,0.0,0.0,0.0,0.0,0.0,0.0,0.0
test1541,50.0,10.0,0.9,5.0,0.5,0.0,0.0,0.0,4.389959179471814,5.915120591466603,3.0730766855315736,0.0,0.0,1.0,0.0,0.0,0.0,0.0,0.0,0.0
test1543,42.0,8.0,1.0,4.0,0.5,0.0,0.0,0.0,4.5029428602234765,5.806896375540622,2.61524293407979,0.0,0.0,0.0,0.0,0.0,0.0,1.0,0.0,0.0
test1544,49.0,11.0,0.9090909090909091,5.0,0.5454545454545454,0.0,0.0,0.0,5.628453977042495,7.411385314063048,3.5455532618889385,0.0,0.0,0.0,0.0,0.0,0.0,0.0,0.0,0.0
test1549,39.0,8.0,1.0,4.0,0.5,0.0,0.0,0.0,4.898697692200052,6.091832866547803,4.28391861783987,0.0,0.0,0.0,0.0,1.0,0.0,0.0,0.0,0.0
test1551,49.0,10.0,1.0,5.0,0.5,0.0,0.0,0.0,6.173173986458689,8.258683174450251,4.835671234253057,0.0,0.0,0.0,0.0,0.0,0.0,0.0,0.0,0.0
test1552,50.0,9.0,1.0,5.0,0.4444444444444444,0.0,0.0,0.0,4.794951803666207,7.386399248850001,3.726625720306101,0.0,0.0,0.0,1.0,0.0,0.0,0.0,0.0,0.0
test1555,40.0,8.0,0.875,4.0,0.5,0.0,0.0,0.0,4.441664043627447,5.142148669502375,3.9670606674082536,0.0,0.0,1.0,0.0,0.0,0.0,0.0,0.0,0.0
test1556,34.0,8.0,1.0,3.0,0.625,0.0,0.0,0.0,6.330598214171683,8.119140368989584,4.531507591315926,0.0,0.0,1.0,0.0,0.0,0.0,0.0,0.0,0.0
test1559,57.0,13.0,1.0,6.0,0.5384615384615384,0.0,0.0,0.0,5.814457655897342,7.250951246908809,3.5495422069361093,0.0,0.0,1.0,0.0,0.0,0.0,0.0,0.0,0.0
test1562,48.0,9.0,1.0,4.0,0.5555555555555556,0.0,0.0,0.0,5.239601468489728,6.868616240815042,3.954725105438516,0.0,0.0,0.0,0.0,1.0,0.0,0.0,0.0,0.0
test1564,44.0,8.0,1.0,5.0,0.375,0.0,0.0,0.0,5.338478308357834,6.364050080611985,4.196838500284433,0.0,0.0,0.0,1.0,0.0,0.0,0.0,0.0,0.0
test1567,69.0,13.0,0.9230769230769231,7.0,0.46153846153846156,0.0,0.0,0.0,5.050417158156654,6.89957282782259,3.6099336757299163,0.0,1.0,0.0,0.0,0.0,0.0,0.0,0.0,0.0
test1570,43.0,9.0,1.0,6.0,0.33333333333333337,0.1111111111111111,0.0,0.0,5.494319618248244,14.396410228536485,2.319230227468961,0.0,0.0,0.0,0.0,1.0,0.0,0.0,0.0,0.0
test1572,51.0,8.0,1.0,3.0,0.625,0.0,0.0,0.0,5.164435238659823,5.9069994181327,4.362084490136887,0.0,0.0,0.0,0.0,0.0,0.0,1.0,0.0,0.0
test1573,39.0,8.0,0.875,4.0,0.5,0.0,0.0,0.0,4.466950566194591,7.32511986984545,3.2031805156736324,0.0,1.0,0.0,0.0,0.0,0.0,0.0,0.0,0.0
test1574,50.0,9.0,1.0,6.0,0.33333333333333337,0.0,0.0,0.0,4.919575861973726,6.939955673360276,2.256543270872133,0.0,0.0,0.0,0.0,0.0,0.0,0.0,0.0,0.0
test1577,45.0,8.0,1.0,5.0,0.375,0.0,0.0,0.0,4.115983413920686,6.598434445413377,2.2182450660927935,0.0,0.0,0.0,1.0,0.0,0.0,0.0,0.0,0.0
test1578,54.0,11.0,1.0,6.0,0.4545454545454546,0.0,0.0,0.0,6.347414526093611,9.768174769617398,4.937310541654984,0.0,0.0,1.0,0.0,0.0,0.0,1.0,0.0,0.0
test1583,42.0,7.0,1.0,4.0,0.4285714285714286,0.0,0.023809523809523808,0.0,8.314625026370035,10.491076211259136,6.253862002888527,0.0,0.0,1.0,0.0,0.0,0.0,0.0,0.0,0.0
test1585,48.0,10.0,1.0,4.0,0.6,0.0,0.020833333333333332,0.0,4.376410723902211,7.197229890823733,2.7863550280367213,0.0,0.0,0.0,1.0,0.0,0.0,0.0,0.0,0.0
test1586,41.0,8.0,1.0,5.0,0.375,0.0,0.0,0.0,5.513584921702334,6.4766904676119115,4.7558687763681995,0.0,0.0,1.0,0.0,0.0,0.0,0.0,0.0,0.0
test1587,37.0,8.0,1.0,4.0,0.5,0.125,0.0,0.0,4.7660916284617505,5.476199365988562,4.4891796897215235,0.0,0.0,1.0,0.0,0.0,0.0,0.0,0.0,0.0
test1589,51.0,9.0,1.0,4.0,0.5555555555555556,0.0,0.0,0.0,6.889432359525905,9.327506026316254,4.132373579624136,0.0,0.0,0.0,1.0,0.0,0.0,0.0,0.0,0.0
test1591,43.0,8.0,1.0,4.0,0.5,0.0,0.0,0.0,5.868289851173218,7.356165766508269,4.509475589341426,0.0,1.0,0.0,0.0,0.0,0.0,0.0,0.0,0.0
test1597,41.0,9.0,1.0,4.0,0.5555555555555556,0.0,0.0,0.0,5.290283592375776,9.907773858804346,3.2756437915128496,0.0,0.0,0.0,0.0,0.0,0.0,0.0,0.0,0.0
test1599,46.0,7.0,1.0,4.0,0.4285714285714286,0.0,0.021739130434782608,0.0,5.378374999438125,6.268316791142149,4.186357516547075,0.0,1.0,0.0,0.0,0.0,0.0,0.0,0.0,0.0
test1600,42.0,8.0,1.0,4.0,0.5,0.0,0.0,0.0,5.00057458137438,7.36260984270369,3.5713857296062494,0.0,0.0,0.0,0.0,1.0,0.0,0.0,0.0,0.0
test1605,47.0,11.0,1.0,6.0,0.4545454545454546,0.0,0.02127659574468085,0.0,5.391795564920624,8.283465783890794,3.72862606211656,0.0,0.0,1.0,0.0,0.0,0.0,1.0,0.0,0.0
test1606,47.0,9.0,1.0,4.0,0.5555555555555556,0.0,0.0,0.0,5.22439551715526,5.96615568948165,4.169813133345629,0.0,0.0,1.0,0.0,0.0,0.0,0.0,0.0,0.0
test1607,49.0,8.0,1.0,6.0,0.25,0.0,0.0,0.0,5.436040377902628,11.781450450500287,3.0730766855315736,0.0,0.0,0.0,0.0,0.0,0.0,0.0,0.0,0.0
test1608,54.0,10.0,1.0,4.0,0.6,0.0,0.0,0.0,5.365105255728451,6.025939816674339,3.861216596318512,0.0,0.0,0.0,0.0,1.0,0.0,0.0,0.0,0.0
test1609,37.0,8.0,0.875,3.0,0.625,0.0,0.0,0.0,3.9994734061202655,5.139663483746147,2.8592833284943846,0.3333333333333333,0.0,0.0,0.0,1.0,0.0,0.0,0.0,0.0
test1613,33.0,8.0,1.0,2.0,0.75,0.0,0.0,0.0,4.48926789229953,6.119252456104676,2.8592833284943846,0.0,0.0,0.0,1.0,0.0,0.0,0.0,0.0,0.0
test1615,47.0,8.0,1.0,4.0,0.5,0.0,0.0,0.0,6.100098681982468,7.405846838367034,4.55212435235072,0.0,0.0,0.0,0.0,0.0,0.0,0.0,1.0,0.0
test1617,47.0,9.0,1.0,5.0,0.4444444444444444,0.0,0.0,0.0,4.416546846769305,5.63418153938994,3.6226270182019484,0.0,0.0,0.0,0.0,1.0,0.0,0.0,0.0,0.0
test1621,42.0,8.0,1.0,4.0,0.5,0.0,0.0,0.0,4.121123111090615,6.66784774584181,2.017818076392981,0.0,1.0,0.0,0.0,0.0,0.0,0.0,0.0,0.0
test1623,45.0,10.0,0.9,6.0,0.4,0.0,0.0,0.0,5.177340943030575,8.139381414230341,3.4064785646786397,0.0,0.0,1.0,0.0,0.0,0.0,0.0,0.0,0.0
test1626,58.0,10.0,0.9,5.0,0.5,0.0,0.0,0.0,4.272543434725081,6.69280077080214,2.5320418160152225,0.0,0.0,0.0,1.0,0.0,0.0,0.0,0.0,0.0
test1628,47.0,8.0,1.0,6.0,0.25,0.0,0.0,0.0,3.9881493973597393,5.167280814663721,3.105491461343404,0.0,0.0,0.0,0.0,1.0,0.0,0.0,0.0,0.0
test1632,53.0,10.0,1.0,5.0,0.5,0.0,0.0,0.0,4.520368789874254,5.808510079962301,3.5481287149872007,0.0,0.0,0.0,0.0,0.0,0.0,0.0,0.0,0.0
test1634,47.0,8.0,1.0,5.0,0.375,0.0,0.0,0.0,7.038158833169331,10.001961073864047,3.3847506718132223,0.0,0.0,0.0,0.0,1.0,0.0,0.0,0.0,0.0
test1638,45.0,8.0,0.875,3.0,0.625,0.0,0.0,0.0,6.704385627226717,7.845806197383962,5.97433390227772,0.0,1.0,0.0,0.0,0.0,0.0,0.0,0.0,0.0
test1642,53.0,12.0,1.0,6.0,0.5,0.0,0.0,0.0,4.316009595278374,8.942514630170006,2.2182450660927935,0.0,0.0,0.0,1.0,0.0,0.0,0.0,0.0,0.0
test1645,80.0,13.0,0.9230769230769231,8.0,0.3846153846153846,0.0,0.0125,0.0,5.523775251273635,7.152420836520402,3.742285192237387,0.0,0.0,1.0,0.0,0.0,0.0,0.0,0.0,0.0
test1650,40.0,8.0,0.875,4.0,0.5,0.0,0.0,0.0,5.233414661229031,8.948237106444072,3.461727120625455,0.0,0.0,1.0,0.0,0.0,0.0,0.0,0.0,0.0
test1654,39.0,8.0,1.0,4.0,0.5,0.0,0.0,0.0,5.49583319726323,7.2900773521853885,3.5455532618889385,0.0,0.0,0.0,0.0,0.0,0.0,1.0,0.0,0.0
test1657,45.0,8.0,1.0,5.0,0.375,0.0,0.0,0.0,5.357733770980101,7.914833099260054,4.351061489305836,0.0,0.0,1.0,0.0,0.0,0.0,0.0,0.0,0.0
test1658,37.0,9.0,1.0,4.0,0.5555555555555556,0.0,0.0,0.0,6.046412751374712,7.009319992879728,4.834638636944624,0.0,0.0,1.0,0.0,0.0,0.0,0.0,0.0,0.0
test1662,34.0,8.0,1.0,5.0,0.375,0.125,0.0,0.0,3.7755806317925256,5.150348849985891,2.5847860972386525,0.0,0.0,0.0,1.0,0.0,0.0,0.0,0.0,0.0
test1663,40.0,9.0,0.8888888888888888,4.0,0.5555555555555556,0.0,0.0,0.0,4.661172376687775,6.4704094951572,2.7863550280367213,0.0,0.0,0.0,0.0,1.0,0.0,0.0,0.0,0.0
test1665,48.0,9.0,1.0,6.0,0.33333333333333337,0.1111111111111111,0.0,0.0,5.067830903054588,7.400949369135243,3.461727120625455,0.0,0.0,1.0,0.0,0.0,0.0,0.0,0.0,0.0
test1668,42.0,8.0,1.0,3.0,0.625,0.0,0.0,0.0,6.359191026797201,7.053199632813135,5.6461495579416905,0.0,0.0,1.0,0.0,0.0,0.0,0.0,0.0,0.0
test1672,50.0,9.0,1.0,4.0,0.5555555555555556,0.0,0.0,0.0,4.868702508464655,5.583814841653329,4.178002453102718,0.0,1.0,0.0,0.0,0.0,0.0,0.0,0.0,0.0
test1675,64.0,12.0,0.9166666666666666,6.0,0.5,0.0,0.0,0.0,4.827894066475471,7.094587886398553,3.672328198447704,0.0,1.0,0.0,0.0,0.0,0.0,0.0,0.0,0.0
test1680,46.0,8.0,0.875,4.0,0.5,0.0,0.021739130434782608,0.0,7.178560649462033,9.340164423188178,4.865267370775306,0.0,0.0,0.0,0.0,1.0,0.0,0.0,0.0,0.0
test1681,47.0,8.0,1.0,5.0,0.375,0.0,0.0,0.0,5.032524416444948,6.65184041918199,3.0057917669506113,0.0,1.0,0.0,0.0,0.0,0.0,0.0,0.0,0.0
test1682,43.0,9.0,1.0,4.0,0.5555555555555556,0.0,0.0,0.0,4.927193922970952,6.096130038683822,3.6248492723974506,0.0,0.0,0.0,0.0,0.0,0.0,0.0,0.0,0.0
test1686,39.0,8.0,1.0,4.0,0.5,0.0,0.0,0.0,5.306931721020888,7.3268195869685435,2.7863550280367213,0.0,0.0,1.0,0.0,0.0,0.0,0.0,0.0,0.0
test1687,50.0,10.0,1.0,6.0,0.4,0.1,0.0,0.0,5.003881177974699,8.102990949690003,1.978019078330936,0.0,1.0,0.0,0.0,0.0,0.0,0.0,0.0,0.0
test1688,43.0,8.0,1.0,5.0,0.375,0.0,0.0,0.0,5.148041889490314,6.401328327347733,4.176786780503787,0.0,0.0,0.0,0.0,0.0,1.0,0.0,0.0,0.0
test1689,61.0,10.0,1.0,6.0,0.4,0.0,0.03278688524590164,0.0,7.592422874752835,12.930073159743058,3.46322588086057,0.0,0.0,0.0,0.0,0.0,0.0,0.0,1.0,0.0
test1690,53.0,10.0,0.9,4.0,0.6,0.0,0.0,0.0,8.280620458938397,12.550583538038154,3.9154389040941355,0.0,0.0,1.0,1.0,0.0,0.0,0.0,0.0,0.0
test1691,42.0,8.0,1.0,4.0,0.5,0.0,0.0,0.0,3.680037376667355,4.565977356906268,2.256543270872133,0.0,0.0,0.0,1.0,0.0,0.0,0.0,0.0,0.0
test1695,38.0,8.0,1.0,5.0,0.375,0.0,0.0,0.0,4.94022976798722,7.244141372503947,3.6248492723974506,0.0,0.0,0.0,1.0,0.0,0.0,0.0,0.0,0.0
test1696,40.0,8.0,0.875,4.0,0.5,0.0,0.0,0.0,7.8244184326093915,10.124384489076933,3.7718604382298366,0.0,0.0,1.0,0.0,0.0,0.0,0.0,0.0,0.0
test1703,32.0,8.0,1.0,4.0,0.5,0.0,0.0,0.0,6.725347513390318,12.450500079481172,3.5855583327205514,0.0,0.0,1.0,0.0,0.0,0.0,0.0,0.0,0.0
test1708,39.0,8.0,1.0,4.0,0.5,0.0,0.0,0.0,5.848026418195133,7.298861377921693,3.4064785646786397,0.0,0.0,0.0,0.0,0.0,0.0,0.0,0.0,0.0
test1712,38.0,8.0,1.0,3.0,0.625,0.0,0.0,0.0,5.037072877962663,7.4903230066550455,3.5455532618889385,0.0,0.0,0.0,0.0,1.0,0.0,0.0,0.0,0.0
test1715,45.0,9.0,1.0,5.0,0.4444444444444444,0.0,0.0,0.0,4.9463216149747185,6.455589097207113,3.5713857296062494,0.0,0.0,0.0,0.0,0.0,1.0,0.0,0.0,0.0
test1716,41.0,9.0,1.0,5.0,0.4444444444444444,0.0,0.024390243902439025,0.0,5.707242207225813,10.001961073864047,2.393480405732666,0.0,0.0,1.0,0.0,0.0,0.0,0.0,0.0,0.0
test1721,35.0,8.0,0.875,3.0,0.625,0.0,0.0,0.0,4.768230768296178,6.01229139134559,3.5455532618889385,0.0,1.0,0.0,0.0,0.0,0.0,0.0,0.0,0.0
test1723,92.0,13.0,0.8461538461538461,8.0,0.3846153846153846,0.0,0.010869565217391304,0.0,4.474667038807856,8.610535865161813,2.5320418160152225,0.0,1.0,0.0,0.0,0.0,0.0,0.0,0.0,0.0
test1724,34.0,9.0,1.0,8.0,0.11111111111111116,0.0,0.0,0.0,5.8064577247057745,9.057270867468194,4.065185225968869,0.0,0.0,0.0,0.0,0.0,0.0,0.0,0.0,0.0
test1725,40.0,9.0,1.0,4.0,0.5555555555555556,0.0,0.0,0.0,5.654742343486557,8.082258499778032,4.028549451107706,0.0,0.0,1.0,0.0,0.0,0.0,0.0,0.0,0.0
test1727,49.0,9.0,1.0,4.0,0.5555555555555556,0.0,0.0,0.0,4.679015709301674,7.652351042225138,2.577479098227116,0.0,0.0,0.0,1.0,0.0,0.0,0.0,0.0,0.0
test1731,63.0,14.0,0.9285714285714286,5.0,0.6428571428571428,0.0,0.0,0.0,4.786606469500686,6.409678635403098,3.625801180134286,0.0,1.0,1.0,0.0,0.0,0.0,0.0,0.0,0.0
test1732,68.0,11.0,0.9090909090909091,7.0,0.36363636363636365,0.0,0.04411764705882353,0.0,9.204922186864417,12.550583538038154,6.283582749785111,0.0,0.0,0.0,0.0,0.0,0.0,1.0,0.0,0.0
test1733,38.0,7.0,1.0,6.0,0.1428571428571429,0.14285714285714285,0.02631578947368421,0.0,4.656409611433218,6.89883331956186,2.915859894607994,0.0,0.0,0.0,0.0,0.0,0.0,0.0,0.0,0.0
test1736,51.0,9.0,1.0,5.0,0.4444444444444444,0.0,0.0,0.0,4.8853374353662185,7.196731882845313,3.2756437915128496,0.0,1.0,0.0,0.0,0.0,0.0,0.0,0.0,0.0
test1738,45.0,8.0,1.0,4.0,0.5,0.0,0.0,0.0,7.424731635496308,10.560548584073903,4.3008845890598275,0.0,0.0,0.0,1.0,0.0,0.0,0.0,0.0,0.0
test1739,35.0,8.0,1.0,2.0,0.75,0.0,0.0,0.0,6.1743693733321905,8.047854157604554,4.3008845890598275,0.0,0.0,0.0,1.0,0.0,0.0,1.0,0.0,0.0
test1742,39.0,8.0,1.0,4.0,0.5,0.0,0.0,0.0,4.977942653504651,7.573849795617581,3.4064785646786397,0.0,1.0,0.0,0.0,0.0,0.0,0.0,0.0,0.0
test1752,46.0,8.0,1.0,5.0,0.375,0.0,0.0,0.0,4.828072104579545,8.483808529854228,3.1975245007052746,0.0,1.0,0.0,0.0,0.0,0.0,0.0,0.0,0.0
test1753,45.0,9.0,1.0,4.0,0.5555555555555556,0.0,0.0,0.0,7.312027680847036,8.842159487851248,6.577309760073208,0.0,0.0,1.0,0.0,0.0,0.0,0.0,0.0,0.0
test1758,39.0,7.0,1.0,4.0,0.4285714285714286,0.0,0.02564102564102564,0.0,4.8353004744699195,7.2047299259802795,3.4501696454405764,0.0,1.0,0.0,0.0,0.0,0.0,0.0,0.0,0.0
test1759,43.0,9.0,1.0,6.0,0.33333333333333337,0.0,0.023255813953488372,0.0,5.276873451902595,8.227497089376424,3.4064785646786397,0.0,0.0,0.0,0.0,0.0,0.0,0.0,0.0,0.0
test1762,52.0,9.0,1.0,4.0,0.5555555555555556,0.0,0.0,0.0,4.763203401113353,7.5024158648043855,3.0394175860223087,0.0,0.0,0.0,0.0,1.0,0.0,0.0,0.0,0.0
test1766,46.0,8.0,0.875,6.0,0.25,0.0,0.0,0.0,6.02891736828683,10.078922115000175,3.6226270182019484,0.0,0.0,1.0,0.0,0.0,0.0,0.0,0.0,0.0
test1769,37.0,8.0,0.875,3.0,0.625,0.0,0.0,0.0,5.490735013664856,8.179804127451622,3.5455532618889385,0.0,1.0,0.0,0.0,0.0,0.0,0.0,0.0,0.0
test1773,73.0,9.0,0.7777777777777778,7.0,0.2222222222222222,0.0,0.0,0.0,5.322243946853215,5.954012424977194,4.3499051691654325,0.0,0.0,0.0,0.0,0.0,0.0,0.0,0.0,0.0
test1774,48.0,8.0,1.0,4.0,0.5,0.0,0.0,0.0,5.386388043955953,8.942514630170006,2.7863550280367213,0.0,1.0,0.0,0.0,0.0,0.0,0.0,0.0,0.0
test1776,41.0,9.0,1.0,4.0,0.5555555555555556,0.0,0.0,0.0,7.002271876426736,10.018558965273085,4.937310541654984,0.0,0.0,1.0,0.0,0.0,0.0,0.0,0.0,0.0
test1777,59.0,9.0,1.0,6.0,0.33333333333333337,0.0,0.01694915254237288,0.0,5.879886729442776,8.149657676787728,4.531507591315926,0.0,0.0,0.0,1.0,0.0,0.0,0.0,0.0,0.0
test1780,41.0,8.0,1.0,4.0,0.5,0.0,0.0,0.0,5.129130426745241,5.777202111713518,4.531507591315926,0.0,0.0,0.0,1.0,0.0,0.0,0.0,0.0,0.0
test1782,46.0,8.0,0.875,6.0,0.25,0.0,0.0,0.0,6.73441392501896,8.251509542539115,4.11957909555563,0.0,0.0,1.0,0.0,0.0,0.0,0.0,0.0,0.0
test1783,42.0,8.0,1.0,4.0,0.5,0.0,0.0,0.0,5.967466691115991,8.284942889033807,4.3008845890598275,0.0,0.0,0.0,1.0,0.0,0.0,0.0,0.0,0.0
test1785,41.0,8.0,1.0,5.0,0.375,0.0,0.0,0.0,3.8835960966331475,5.203114291169562,2.837196138336423,0.0,0.0,0.0,0.0,1.0,0.0,0.0,0.0,0.0
test1789,40.0,10.0,1.0,4.0,0.6,0.0,0.0,0.0,4.871502236742596,6.341146682209539,3.4064785646786397,0.0,0.0,1.0,0.0,0.0,0.0,0.0,0.0,0.0
test1790,56.0,11.0,0.8181818181818182,6.0,0.4545454545454546,0.0,0.0,0.0,5.839263490564548,7.822264620562085,2.256543270872133,0.0,0.0,0.0,0.0,0.0,0.0,0.0,0.0,0.0
test1794,42.0,8.0,1.0,4.0,0.5,0.0,0.0,0.0,6.345495591421861,8.518674446756846,3.461727120625455,0.0,0.0,0.0,0.0,1.0,0.0,0.0,0.0,0.0
test1800,49.0,8.0,1.0,4.0,0.5,0.0,0.0,0.0,4.6822467647704435,5.162320778389461,4.454551682731145,0.0,0.0,0.0,0.0,1.0,0.0,0.0,0.0,0.0
test1806,43.0,8.0,1.0,5.0,0.375,0.0,0.0,0.0,6.776045427252354,10.330236543281082,3.158294485795374,0.0,0.0,1.0,0.0,0.0,0.0,0.0,0.0,0.0
test1809,45.0,8.0,1.0,5.0,0.375,0.0,0.022222222222222223,0.0,6.76700312335232,7.697320481687905,5.694287772243297,0.0,0.0,1.0,0.0,0.0,0.0,0.0,0.0,0.0
test1811,72.0,13.0,1.0,8.0,0.3846153846153846,0.0,0.0,0.0,5.690489388235282,10.13373035149517,3.0369273608098353,0.0,0.0,0.0,0.0,0.0,0.0,0.0,0.0,0.0
test1814,43.0,8.0,1.0,5.0,0.375,0.0,0.0,0.0,6.176202190633797,11.177534403668284,3.801234893176763,0.0,1.0,0.0,0.0,0.0,0.0,0.0,0.0,0.0
test1818,40.0,9.0,1.0,5.0,0.4444444444444444,0.1111111111111111,0.0,0.0,4.731992846282376,6.423599444415082,2.5870089694699985,0.0,0.0,0.0,0.0,0.0,0.0,1.0,0.0,0.0
test1819,43.0,8.0,0.875,3.0,0.625,0.0,0.0,0.0,5.7203297206413675,8.352195116042974,4.136286066129699,0.0,0.0,1.0,0.0,0.0,0.0,0.0,0.0,0.0
test1826,36.0,8.0,1.0,5.0,0.375,0.0,0.0,0.0,4.259514060620286,5.789315396524968,2.2182450660927935,0.0,0.0,1.0,0.0,0.0,0.0,0.0,0.0,0.0
test1827,40.0,9.0,1.0,4.0,0.5555555555555556,0.1111111111111111,0.0,0.0,3.963700162686122,5.631888319017683,2.5870089694699985,0.0,0.0,0.0,0.0,1.0,0.0,0.0,0.0,0.0
test1829,55.0,10.0,1.0,5.0,0.5,0.0,0.0,0.0,5.79284755185445,7.520833847918584,4.118455293776882,0.0,0.0,0.0,1.0,1.0,0.0,0.0,0.0,0.0
test1831,49.0,8.0,1.0,5.0,0.375,0.125,0.0,0.0,5.005276815138567,6.213944130723071,2.017818076392981,0.0,0.0,1.0,0.0,0.0,0.0,0.0,0.0,0.0
test1832,42.0,8.0,1.0,4.0,0.5,0.0,0.0,0.0,6.744954395466937,9.486209331762,4.531507591315926,0.0,0.0,0.0,1.0,0.0,0.0,0.0,0.0,0.0
test1837,56.0,10.0,0.9,5.0,0.5,0.0,0.0,0.0,5.260713867682982,5.962091528288443,4.26710270948274,0.0,0.0,1.0,0.0,0.0,0.0,0.0,0.0,0.0
test1839,42.0,8.0,1.0,4.0,0.5,0.0,0.0,0.0,4.975059320796447,5.706440893169825,3.75583038293418,0.0,0.0,1.0,0.0,1.0,0.0,0.0,0.0,0.0
test1849,38.0,8.0,1.0,3.0,0.625,0.0,0.0,0.0,6.225190489874055,8.962688224982246,3.9356811329263994,0.0,0.0,1.0,0.0,0.0,0.0,0.0,0.0,0.0
test1850,48.0,8.0,1.0,6.0,0.25,0.125,0.0,0.0,6.721752645741124,11.688360027434275,4.444307130250437,0.0,1.0,0.0,0.0,0.0,0.0,0.0,0.0,0.0
test1853,44.0,8.0,1.0,4.0,0.5,0.0,0.0,0.0,4.991186939113425,7.405846838367034,2.61524293407979,0.0,0.0,0.0,0.0,0.0,0.0,1.0,0.0,0.0
test1858,53.0,10.0,1.0,6.0,0.4,0.0,0.0,0.0,5.148158432264802,7.4288149491983315,2.2182450660927935,0.0,0.0,0.0,0.0,1.0,0.0,0.0,0.0,0.0
test1860,43.0,8.0,1.0,5.0,0.375,0.0,0.0,0.0,5.265303381338914,7.8001744448199855,3.4393135645304502,0.0,0.0,0.0,0.0,0.0,0.0,1.0,0.0,0.0
test1863,64.0,11.0,1.0,6.0,0.4545454545454546,0.0,0.0,0.0,4.78348381464395,6.5927029886757245,2.956295628609304,0.0,0.0,0.0,0.0,0.0,0.0,0.0,1.0,0.0
test1865,38.0,8.0,1.0,3.0,0.625,0.0,0.0,0.0,7.01314885424587,10.785492315892261,4.075342365344003,0.0,0.0,0.0,0.0,1.0,0.0,0.0,0.0,0.0
test1866,43.0,8.0,0.875,5.0,0.375,0.0,0.0,0.0,6.548054701280148,9.755229605025361,3.75583038293418,0.0,0.0,1.0,0.0,0.0,0.0,0.0,0.0,0.0
test1867,57.0,10.0,0.9,6.0,0.4,0.0,0.0,0.0,4.829774903555415,6.794674782690511,2.393480405732666,0.0,0.0,0.0,1.0,0.0,0.0,0.0,0.0,0.0
test1873,62.0,11.0,1.0,6.0,0.4545454545454546,0.0,0.0,0.0,4.813114490927119,6.104947264331225,2.956295628609304,0.0,0.0,0.0,0.0,0.0,0.0,0.0,0.0,0.0
test1880,41.0,9.0,1.0,4.0,0.5555555555555556,0.0,0.0,0.0,4.286620255261051,6.864679227855702,2.017818076392981,0.0,1.0,0.0,0.0,0.0,0.0,0.0,0.0,0.0
test1881,36.0,8.0,1.0,3.0,0.625,0.0,0.0,0.0,5.702310942379711,9.1337200396316,3.672328198447704,0.0,0.0,0.0,0.0,1.0,0.0,0.0,0.0,0.0
test1890,51.0,9.0,1.0,5.0,0.4444444444444444,0.0,0.0,0.0,5.570402053945616,11.417485073298876,3.5713857296062494,0.0,0.0,0.0,0.0,1.0,0.0,0.0,0.0,0.0
test1892,46.0,9.0,1.0,5.0,0.4444444444444444,0.0,0.0,0.0,5.231747597331787,8.953992518014692,2.7863550280367213,0.0,0.0,0.0,0.0,1.0,0.0,0.0,0.0,0.0
test1893,50.0,9.0,1.0,5.0,0.4444444444444444,0.0,0.0,0.0,4.5059171740855835,6.707954871986542,3.34484849115333,0.0,0.0,0.0,0.0,1.0,0.0,0.0,0.0,0.0
test1898,45.0,8.0,1.0,3.0,0.625,0.0,0.0,0.0,5.774132226712202,7.416334287974722,3.9449843285613175,0.0,1.0,0.0,0.0,0.0,0.0,0.0,0.0,0.0
test1900,48.0,9.0,1.0,4.0,0.5555555555555556,0.0,0.0,0.0,5.787169554990346,8.799223600146103,2.017818076392981,0.0,0.0,1.0,0.0,0.0,0.0,0.0,1.0,0.0
test1901,42.0,8.0,1.0,4.0,0.5,0.0,0.0,0.0,4.994461337146826,6.855434717574752,2.017818076392981,0.0,0.0,0.0,1.0,0.0,0.0,0.0,0.0,0.0
test1902,64.0,11.0,0.8181818181818182,6.0,0.4545454545454546,0.0,0.0,0.0,5.0388455051828585,6.308667507978924,4.350309729139742,0.0,0.0,0.0,0.0,0.0,0.0,1.0,0.0,0.0
test1903,45.0,8.0,0.875,3.0,0.625,0.0,0.0,0.0,6.207234809324646,7.498368641741988,4.301655142933524,0.0,1.0,0.0,0.0,0.0,0.0,0.0,0.0,0.0
test1904,41.0,8.0,0.875,3.0,0.625,0.0,0.0,0.0,4.1924624818053955,6.061778622718812,3.0538817020719193,0.0,0.0,0.0,0.0,1.0,0.0,0.0,0.0,0.0
test1908,45.0,8.0,1.0,4.0,0.5,0.0,0.0,0.0,5.348177844184564,6.288991416816511,3.75583038293418,0.0,0.0,0.0,0.0,1.0,0.0,0.0,0.0,0.0
test1911,49.0,9.0,1.0,4.0,0.5555555555555556,0.1111111111111111,0.0,0.0,4.486455559493382,5.471487827359017,3.105491461343404,0.0,0.0,1.0,0.0,0.0,0.0,0.0,0.0,0.0
test1913,45.0,9.0,0.8888888888888888,4.0,0.5555555555555556,0.1111111111111111,0.0,0.0,6.9906598490491785,9.915292691218372,5.195278795645613,0.0,0.0,0.0,0.0,0.0,0.0,0.0,1.0,0.0
test1915,45.0,8.0,1.0,4.0,0.5,0.0,0.0,0.0,4.978548029906278,8.286422179244397,3.3171796075161244,0.0,0.0,0.0,1.0,0.0,0.0,0.0,0.0,0.0
test1917,44.0,9.0,1.0,5.0,0.4444444444444444,0.0,0.0,0.0,6.544708580176085,10.984163010687745,2.837196138336423,0.0,0.0,1.0,0.0,0.0,0.0,0.0,0.0,0.0
test1918,47.0,10.0,0.9,5.0,0.5,0.1,0.0,0.0,7.317248681723949,8.191852465967795,6.49379952480953,0.0,0.0,1.0,0.0,0.0,0.0,0.0,0.0,0.0
test1919,57.0,13.0,0.9230769230769231,6.0,0.5384615384615384,0.0,0.0,0.0,5.694286417716771,9.224034085346297,3.5548378370905325,0.0,0.0,1.0,0.0,0.0,0.0,0.0,0.0,0.0
test1922,44.0,8.0,1.0,3.0,0.625,0.0,0.0,0.0,4.369784514003952,5.50825136053173,3.0538817020719193,0.0,0.0,0.0,0.0,1.0,0.0,0.0,0.0,0.0
test1927,39.0,9.0,0.8888888888888888,4.0,0.5555555555555556,0.0,0.0,0.0,5.051915483374486,7.282996712581158,3.5455532618889385,0.0,1.0,0.0,0.0,0.0,0.0,0.0,0.0,0.0
test1928,52.0,8.0,1.0,4.0,0.5,0.0,0.0,0.0,4.757213859712642,6.549820253245299,3.8220296252147636,0.0,0.0,1.0,0.0,0.0,0.0,0.0,0.0,0.0
test1930,58.0,8.0,0.875,4.0,0.5,0.0,0.0,0.0,3.886429380301589,4.935077702426354,3.2756437915128496,0.0,1.0,0.0,0.0,0.0,0.0,0.0,0.0,0.0
test1931,27.0,8.0,1.0,4.0,0.5,0.0,0.0,0.0,5.52875792219168,7.078091747726752,4.075342365344003,0.0,0.0,0.0,0.0,0.0,0.0,0.0,0.0,0.0
test1934,40.0,8.0,0.875,3.0,0.625,0.0,0.0,0.0,5.514861724971581,6.242293378736626,4.746847651654005,0.0,1.0,0.0,0.0,0.0,0.0,0.0,0.0,0.0
test1935,50.0,10.0,1.0,7.0,0.30000000000000004,0.0,0.0,0.0,4.61830296879203,6.963334879637905,3.156251951291409,0.0,0.0,0.0,0.0,0.0,0.0,0.0,0.0,0.0
test1936,48.0,8.0,1.0,6.0,0.25,0.0,0.0,0.0,4.771287233896916,7.121007095464686,3.34484849115333,0.0,0.0,0.0,1.0,0.0,0.0,0.0,0.0,0.0
test1937,35.0,8.0,1.0,5.0,0.375,0.125,0.0,0.0,5.197546862259877,8.02479838130463,2.7794521291526246,0.0,0.0,0.0,1.0,0.0,0.0,0.0,0.0,0.0
test1938,37.0,8.0,0.875,3.0,0.625,0.0,0.0,0.0,5.344857560908198,6.378223889636777,3.7494864551472444,0.0,0.0,1.0,0.0,0.0,0.0,0.0,0.0,0.0
test1939,56.0,9.0,1.0,5.0,0.4444444444444444,0.0,0.0,0.0,5.330110823151239,9.62290472772918,3.4935231724038402,0.0,1.0,0.0,0.0,0.0,0.0,0.0,0.0,0.0
test1940,39.0,8.0,1.0,5.0,0.375,0.0,0.02564102564102564,0.0,5.535084624720588,9.20902442269573,2.8257159804839636,0.0,0.0,1.0,0.0,0.0,0.0,0.0,0.0,0.0
test1942,44.0,9.0,1.0,4.0,0.5555555555555556,0.0,0.0,0.0,9.630908740683376,13.097127244406225,4.746847651654005,0.0,1.0,0.0,0.0,0.0,0.0,0.0,0.0,0.0
test1944,50.0,11.0,0.9090909090909091,6.0,0.4545454545454546,0.0,0.02,0.0,4.237482926688506,5.537473006569937,2.017818076392981,0.0,0.0,1.0,0.0,0.0,0.0,0.0,0.0,0.0
test1945,50.0,9.0,1.0,6.0,0.33333333333333337,0.0,0.0,0.0,4.861373922989147,5.906862337940573,4.178002453102718,0.0,0.0,0.0,0.0,0.0,0.0,0.0,0.0,0.0
test1948,41.0,8.0,1.0,5.0,0.375,0.0,0.0,0.0,4.171261548588283,5.887450842047352,3.5713857296062494,0.0,0.0,0.0,0.0,1.0,0.0,0.0,0.0,0.0
test1951,56.0,11.0,1.0,7.0,0.36363636363636365,0.09090909090909091,0.0,0.0,4.486937762278311,8.082258499778032,2.61524293407979,0.0,0.0,0.0,0.0,0.0,0.0,1.0,0.0,0.0
test1955,54.0,10.0,1.0,6.0,0.4,0.0,0.018518518518518517,0.0,5.604841326599491,8.81166157143832,3.5481287149872007,0.0,0.0,0.0,0.0,0.0,0.0,0.0,1.0,0.0
test1960,38.0,8.0,0.875,4.0,0.5,0.0,0.0,0.0,4.017514921154117,5.643196747992359,2.017818076392981,0.0,0.0,1.0,0.0,0.0,0.0,0.0,0.0,0.0
test1961,62.0,11.0,0.9090909090909091,5.0,0.5454545454545454,0.0,0.0,0.0,4.609193721618639,7.72395543113919,2.5320418160152225,0.0,0.0,0.0,0.0,1.0,0.0,0.0,0.0,0.0
test1963,38.0,8.0,0.875,3.0,0.625,0.125,0.0,0.0,4.966521813549517,6.387490365210095,3.5455532618889385,0.3333333333333333,1.0,0.0,0.0,0.0,0.0,0.0,0.0,0.0
test1964,42.0,8.0,1.0,5.0,0.375,0.0,0.0,0.0,6.180683719661267,10.619825194003443,3.6226270182019484,0.0,0.0,1.0,0.0,0.0,0.0,0.0,0.0,0.0
test1966,78.0,14.0,0.8571428571428571,7.0,0.5,0.0,0.01282051282051282,0.0,5.228309060630564,7.519457858709393,3.9037203469570763,0.0,0.0,0.0,0.0,0.0,0.0,0.0,0.0,0.0
test1967,55.0,13.0,0.6923076923076923,6.0,0.5384615384615384,0.0,0.0,0.0,4.284310120895367,5.101698071340961,2.61524293407979,0.0,0.0,0.0,0.0,0.0,0.0,1.0,0.0,0.0
test1970,51.0,11.0,1.0,3.0,0.7272727272727273,0.0,0.0,0.0,5.3127636768986095,7.304945467485546,4.268273591902923,0.0,1.0,1.0,0.0,0.0,0.0,0.0,0.0,0.0
test1972,39.0,8.0,1.0,5.0,0.375,0.125,0.02564102564102564,0.0,4.263568025186872,9.392463922591027,2.319230227468961,0.0,1.0,0.0,0.0,0.0,0.0,0.0,0.0,0.0
test1974,43.0,8.0,0.875,4.0,0.5,0.0,0.0,0.0,5.076209723186027,5.484880286799927,4.3008845890598275,0.0,0.0,1.0,0.0,0.0,0.0,0.0,0.0,0.0
test1979,57.0,9.0,1.0,4.0,0.5555555555555556,0.0,0.0,0.0,6.166880136909777,10.879902000363336,4.246388171895572,0.0,1.0,0.0,0.0,0.0,0.0,0.0,0.0,0.0
test1985,56.0,8.0,1.0,6.0,0.25,0.0,0.0,0.0,4.850831839592409,5.441521402350983,4.332434974717218,0.0,0.0,0.0,0.0,0.0,0.0,0.0,0.0,0.0
test1986,47.0,8.0,1.0,4.0,0.5,0.0,0.0,0.0,6.3158532332933515,9.496085955257913,4.390832502085394,0.0,0.0,0.0,0.0,1.0,0.0,0.0,0.0,0.0
test1987,51.0,8.0,1.0,4.0,0.5,0.0,0.0,0.0,6.039944544383345,8.676098451929073,2.5366921561256945,0.0,0.0,0.0,0.0,1.0,0.0,0.0,0.0,0.0
test1991,41.0,8.0,1.0,4.0,0.5,0.0,0.0,0.0,5.926035070067217,11.006386147472455,2.61524293407979,0.0,0.0,0.0,0.0,0.0,0.0,1.0,0.0,0.0
test1996,42.0,9.0,0.8888888888888888,3.0,0.6666666666666667,0.0,0.0,0.0,6.024311571857528,8.33495330960847,4.746847651654005,0.0,1.0,0.0,0.0,0.0,0.0,0.0,0.0,0.0
test1997,40.0,8.0,1.0,5.0,0.375,0.0,0.0,0.0,6.28269230293126,9.224034085346297,3.861216596318512,0.0,0.0,1.0,0.0,0.0,0.0,0.0,0.0,0.0
test2000,41.0,7.0,1.0,4.0,0.4285714285714286,0.0,0.024390243902439025,0.0,6.101209799290681,10.087850745744477,3.664319913589271,0.0,0.0,0.0,1.0,0.0,0.0,0.0,0.0,0.0
test2002,45.0,9.0,0.8888888888888888,4.0,0.5555555555555556,0.0,0.0,0.0,6.353538671130401,7.641417704106758,5.74334671525785,0.0,1.0,0.0,0.0,0.0,0.0,0.0,0.0,0.0
test2003,51.0,10.0,0.9,5.0,0.5,0.0,0.0,0.0,4.688840759466204,5.978890053604314,2.7863550280367213,0.0,0.0,0.0,0.0,1.0,0.0,0.0,0.0,0.0
test2004,38.0,8.0,1.0,4.0,0.5,0.125,0.0,0.0,6.196210147376086,8.700435936328097,3.9154389040941355,0.0,0.0,1.0,0.0,0.0,0.0,0.0,0.0,0.0
test2007,57.0,9.0,0.8888888888888888,6.0,0.33333333333333337,0.0,0.0,0.0,6.418709595698844,9.92286848502683,3.5352533045615506,0.0,0.0,0.0,0.0,0.0,0.0,0.0,0.0,0.0
test2009,37.0,8.0,1.0,4.0,0.5,0.0,0.0,0.0,5.439172252336849,8.020250334806725,4.118455293776882,0.0,0.0,0.0,0.0,1.0,0.0,0.0,0.0,0.0
test2010,36.0,8.0,1.0,4.0,0.5,0.0,0.0,0.0,7.332456378606479,12.930073159743058,5.020414185118721,0.0,0.0,1.0,0.0,0.0,0.0,0.0,0.0,0.0
test2013,47.0,8.0,1.0,5.0,0.375,0.0,0.0,0.0,6.052109713143042,8.552865811505125,4.001575532072011,0.0,0.0,0.0,0.0,0.0,0.0,0.0,1.0,0.0
test2015,45.0,10.0,1.0,5.0,0.5,0.0,0.0,0.0,4.029164545772006,5.81049975916126,2.393480405732666,0.0,0.0,1.0,0.0,0.0,0.0,0.0,0.0,0.0
test2017,65.0,11.0,1.0,7.0,0.36363636363636365,0.0,0.0,0.0,5.591307824545263,8.273186691916147,3.0348465581739132,0.0,0.0,0.0,0.0,1.0,0.0,0.0,0.0,0.0
test2021,61.0,11.0,1.0,6.0,0.4545454545454546,0.0,0.0,0.0,4.665048119306754,6.9574386361406235,2.9974264367119225,0.0,1.0,0.0,0.0,0.0,0.0,0.0,0.0,0.0
test2023,59.0,11.0,1.0,6.0,0.4545454545454546,0.0,0.0,0.0,5.99185842447,9.651478100173236,3.954725105438516,0.0,0.0,0.0,0.0,0.0,0.0,0.0,0.0,0.0
test2024,43.0,8.0,1.0,5.0,0.375,0.0,0.0,0.0,6.7446991141588315,9.140652476407245,3.984068995236596,0.0,0.0,1.0,0.0,0.0,0.0,0.0,0.0,0.0
test2027,54.0,8.0,1.0,4.0,0.5,0.0,0.0,0.0,7.305266684256223,10.285536364363175,3.927599397298165,0.0,0.0,0.0,1.0,0.0,0.0,0.0,0.0,0.0
test2029,42.0,7.0,1.0,5.0,0.2857142857142857,0.0,0.023809523809523808,0.0,6.970522884270649,10.018558965273085,5.12915406474329,0.2,0.0,1.0,0.0,0.0,0.0,0.0,0.0,0.0
test2033,52.0,9.0,0.8888888888888888,4.0,0.5555555555555556,0.0,0.0,0.0,5.967763689567695,7.28353960075953,5.46697494473306,0.0,1.0,0.0,0.0,0.0,0.0,0.0,0.0,0.0
test2036,67.0,13.0,1.0,7.0,0.46153846153846156,0.07692307692307693,0.0,0.0,6.522248416331349,11.204563076056203,3.6099336757299163,0.0,0.0,1.0,0.0,0.0,0.0,0.0,0.0,0.0
test2037,49.0,8.0,1.0,6.0,0.25,0.0,0.0,0.0,5.491479250133316,8.669562480949288,3.5713857296062494,0.0,0.0,0.0,0.0,1.0,0.0,0.0,0.0,0.0
test2046,31.0,8.0,1.0,5.0,0.375,0.25,0.0,0.0,4.2300064179312065,6.844522958480133,2.4655137370168436,0.0,0.0,0.0,0.0,0.0,0.0,0.0,0.0,0.0
test2053,33.0,7.0,1.0,3.0,0.5714285714285714,0.14285714285714285,0.030303030303030304,0.0,5.876610023341275,7.970461290919236,2.5870089694699985,0.0,0.0,1.0,0.0,0.0,0.0,0.0,0.0,0.0
test2054,76.0,14.0,0.9285714285714286,8.0,0.4285714285714286,0.0,0.0,0.0,5.477599633509727,7.865046810176806,2.017818076392981,0.0,0.0,1.0,0.0,0.0,0.0,0.0,0.0,0.0
test2057,96.0,16.0,0.9375,8.0,0.5,0.0,0.0,0.0,5.032853055610346,6.856497040620833,4.20853351924937,0.0,1.0,0.0,0.0,0.0,0.0,0.0,0.0,0.0
test2062,51.0,9.0,1.0,6.0,0.33333333333333337,0.0,0.0,0.0,4.327026444008438,5.764401362691666,3.498258320907172,0.0,0.0,0.0,1.0,0.0,0.0,0.0,0.0,0.0
test2063,52.0,8.0,0.875,5.0,0.375,0.0,0.0,0.0,6.451862102632288,8.425999090626336,2.256543270872133,0.0,0.0,0.0,0.0,0.0,0.0,0.0,0.0,0.0
test2064,48.0,10.0,1.0,7.0,0.30000000000000004,0.1,0.0,0.0,5.882857703242961,9.953758972046169,4.186357516547075,0.0,0.0,0.0,1.0,0.0,0.0,0.0,0.0,0.0
test2067,39.0,8.0,1.0,4.0,0.5,0.0,0.0,0.0,5.667504582414583,10.86029352897496,2.2182450660927935,0.0,0.0,1.0,0.0,0.0,0.0,0.0,0.0,0.0
test2068,41.0,9.0,1.0,5.0,0.4444444444444444,0.0,0.0,0.0,6.466993045444258,8.264459363795304,4.928305900895807,0.0,1.0,0.0,0.0,0.0,0.0,0.0,0.0,0.0
test2071,87.0,16.0,0.875,9.0,0.4375,0.0,0.0,0.0,6.779017088997126,10.285536364363175,2.577479098227116,0.0,0.0,0.0,0.0,0.0,0.0,0.0,0.0,0.0
test2074,68.0,11.0,1.0,7.0,0.36363636363636365,0.0,0.0,0.0,5.633811551761978,8.496512874953995,4.178002453102718,0.0,0.0,1.0,0.0,0.0,0.0,0.0,0.0,0.0
test2075,54.0,10.0,1.0,4.0,0.6,0.0,0.0,0.0,6.425461068184836,8.047854157604554,5.280197402618342,0.0,0.0,1.0,0.0,0.0,0.0,0.0,0.0,0.0
test2076,38.0,8.0,1.0,6.0,0.25,0.0,0.02631578947368421,0.0,6.489056187451418,11.006386147472455,3.1975245007052746,0.0,0.0,0.0,0.0,0.0,0.0,0.0,0.0,0.0
test2083,34.0,7.0,1.0,3.0,0.5714285714285714,0.0,0.029411764705882353,0.0,6.618607667032009,11.204563076056203,4.11957909555563,0.0,0.0,1.0,0.0,0.0,0.0,0.0,0.0,0.0
test2084,45.0,9.0,1.0,4.0,0.5555555555555556,0.0,0.0,0.0,5.825501070119485,7.053199632813135,5.096137749059696,0.0,1.0,0.0,0.0,0.0,0.0,0.0,0.0,0.0
test2086,51.0,10.0,1.0,6.0,0.4,0.1,0.0,0.0,3.9232620693358187,7.1643998968717275,2.5870089694699985,0.0,0.0,0.0,1.0,0.0,0.0,0.0,0.0,0.0
test2087,39.0,8.0,1.0,4.0,0.5,0.0,0.0,0.0,4.775369068763894,5.764401362691666,3.672328198447704,0.0,0.0,0.0,1.0,0.0,0.0,0.0,0.0,0.0
test2088,37.0,9.0,1.0,4.0,0.5555555555555556,0.0,0.0,0.0,5.9196747096258004,7.2493756163307355,5.0690871410746885,0.0,0.0,1.0,0.0,0.0,0.0,0.0,0.0,0.0
test2093,80.0,12.0,1.0,6.0,0.5,0.0,0.0,0.0,6.322606990222126,10.73284858240684,4.402518450126338,0.0,0.0,0.0,0.0,0.0,0.0,0.0,0.0,0.0
test2094,37.0,8.0,1.0,4.0,0.5,0.125,0.0,0.0,4.375659124415501,5.631888319017683,2.4655137370168436,0.0,0.0,0.0,1.0,0.0,0.0,0.0,0.0,0.0
test2100,44.0,9.0,0.8888888888888888,3.0,0.6666666666666667,0.0,0.0,0.0,4.952525800313144,5.643091451582869,4.092548281391945,0.0,0.0,1.0,0.0,0.0,0.0,0.0,0.0,0.0
test2101,47.0,8.0,1.0,4.0,0.5,0.0,0.0,0.0,5.120405290448994,8.115390364595042,3.7327011297760913,0.0,1.0,0.0,0.0,0.0,0.0,0.0,0.0,0.0
test2102,50.0,10.0,0.9,5.0,0.5,0.0,0.0,0.0,5.4759746582634445,7.322293412339123,4.4276500493841615,0.0,1.0,0.0,0.0,0.0,0.0,0.0,0.0,0.0
test2106,38.0,8.0,1.0,5.0,0.375,0.0,0.0,0.0,5.755628810021897,7.280828102352032,4.3499051691654325,0.0,1.0,0.0,0.0,0.0,0.0,0.0,0.0,0.0
test2107,44.0,10.0,1.0,4.0,0.6,0.0,0.0,0.0,5.125551129822494,6.235987223689654,4.055560616678728,0.0,0.0,0.0,1.0,0.0,0.0,0.0,0.0,0.0
test2108,50.0,10.0,1.0,4.0,0.6,0.0,0.0,0.0,6.034090298649347,7.768809866697066,4.746031570516024,0.0,0.0,0.0,1.0,0.0,0.0,0.0,0.0,0.0
test2111,50.0,8.0,1.0,6.0,0.25,0.0,0.0,0.0,6.7258823739926115,10.162303723939226,4.001575532072011,0.0,0.0,0.0,0.0,1.0,0.0,0.0,0.0,0.0
test2113,73.0,10.0,1.0,7.0,0.30000000000000004,0.0,0.0,0.0,6.043051777511735,11.487689331972124,2.5878965273558787,0.0,0.0,0.0,0.0,0.0,0.0,0.0,1.0,0.0
test2116,56.0,11.0,1.0,7.0,0.36363636363636365,0.0,0.0,0.0,5.090177107002222,6.974435092720342,3.4215616872395604,0.0,0.0,0.0,0.0,0.0,0.0,1.0,0.0,0.0
test2121,49.0,10.0,1.0,5.0,0.5,0.0,0.0,0.0,5.1602245992231115,6.848381258601472,2.7863550280367213,0.0,0.0,0.0,0.0,1.0,0.0,0.0,0.0,0.0
test2122,49.0,10.0,1.0,5.0,0.5,0.0,0.0,0.0,4.812636515358724,5.889873617308777,3.664319913589271,0.0,0.0,0.0,0.0,0.0,0.0,0.0,0.0,0.0
test2125,77.0,11.0,0.8181818181818182,8.0,0.2727272727272727,0.0,0.025974025974025976,0.0,5.676144853154669,8.114143481640479,4.362084490136887,0.0,0.0,0.0,1.0,0.0,0.0,0.0,0.0,0.0
test2128,36.0,8.0,1.0,3.0,0.625,0.0,0.0,0.0,5.548887174234909,6.746876347582666,3.4064785646786397,0.0,0.0,1.0,0.0,0.0,0.0,0.0,0.0,0.0
test2130,39.0,8.0,1.0,4.0,0.5,0.0,0.0,0.0,4.3652812930853715,6.386161314178266,2.017818076392981,0.0,0.0,0.0,1.0,0.0,0.0,0.0,0.0,0.0
test2132,36.0,8.0,1.0,4.0,0.5,0.0,0.0,0.0,6.323748348361218,9.433565598276578,4.196838500284433,0.0,0.0,0.0,1.0,0.0,0.0,0.0,0.0,0.0
test2138,51.0,11.0,0.7272727272727273,4.0,0.6363636363636364,0.0,0.0,0.0,5.9714482576181815,7.5936451634119795,4.938558948797799,0.0,0.0,0.0,0.0,1.0,0.0,0.0,0.0,0.0
test2139,47.0,8.0,1.0,5.0,0.375,0.0,0.0,0.0,6.633619449230247,10.37702870478784,4.3008845890598275,0.0,0.0,0.0,0.0,1.0,0.0,0.0,0.0,0.0
test2140,41.0,9.0,1.0,5.0,0.4444444444444444,0.0,0.0,0.0,4.4172151652018545,5.075871064262228,3.7494864551472444,0.0,0.0,1.0,0.0,0.0,0.0,0.0,0.0,0.0
test2141,44.0,8.0,1.0,3.0,0.625,0.0,0.0,0.0,6.091119067011566,7.202724410141374,5.130603614376319,0.0,1.0,0.0,0.0,0.0,0.0,0.0,0.0,0.0
test2142,52.0,11.0,1.0,5.0,0.5454545454545454,0.0,0.0,0.0,7.0950195366581195,8.91161329504583,4.938558948797799,0.0,0.0,0.0,0.0,0.0,1.0,0.0,0.0,0.0
test2146,58.0,12.0,0.9166666666666666,6.0,0.5,0.0,0.0,0.0,5.01378590861494,6.1479683219125905,3.41609597940417,0.0,0.0,0.0,0.0,0.0,0.0,0.0,0.0,0.0
test2148,56.0,12.0,0.8333333333333334,5.0,0.5833333333333333,0.0,0.0,0.0,5.440011743179411,8.451862601216256,3.5455532618889385,0.0,1.0,0.0,0.0,0.0,0.0,0.0,0.0,0.0
test2149,39.0,8.0,0.875,3.0,0.625,0.0,0.0,0.0,6.775047361132245,8.741584598606815,4.056508147248258,0.0,0.0,0.0,0.0,1.0,0.0,0.0,0.0,0.0
test2156,37.0,8.0,1.0,3.0,0.625,0.0,0.0,0.0,5.736102728334536,6.2218012471892115,5.00761688421008,0.0,0.0,0.0,0.0,1.0,0.0,0.0,0.0,0.0
test2158,49.0,10.0,0.9,6.0,0.4,0.0,0.0,0.0,4.308939821599844,6.123328894870654,2.935434413658972,0.0,1.0,0.0,0.0,0.0,0.0,0.0,0.0,0.0
test2160,40.0,10.0,0.8,4.0,0.6,0.0,0.0,0.0,4.655573212514013,6.99010435666397,3.4064785646786397,0.0,0.0,1.0,0.0,0.0,0.0,0.0,0.0,0.0
test2163,71.0,12.0,1.0,5.0,0.5833333333333333,0.0,0.0,0.0,4.9544909796171055,6.728940058055732,2.992284519971596,0.0,0.0,1.0,0.0,0.0,0.0,0.0,0.0,0.0
test2166,45.0,8.0,1.0,4.0,0.5,0.0,0.0,0.0,6.337706400839572,9.651478100173236,3.6759293958780095,0.0,0.0,1.0,0.0,0.0,0.0,0.0,0.0,0.0
test2177,43.0,8.0,0.875,7.0,0.125,0.0,0.0,0.0,5.836691844954593,9.00126867735291,4.244904414855347,0.0,0.0,0.0,0.0,0.0,0.0,0.0,0.0,0.0
test2180,42.0,8.0,1.0,4.0,0.5,0.0,0.0,0.0,5.996164599882021,7.35674987867441,4.986372361777074,0.0,0.0,1.0,0.0,0.0,0.0,0.0,0.0,0.0
test2182,49.0,9.0,1.0,5.0,0.4444444444444444,0.0,0.0,0.0,4.117421988721746,6.822365223164286,2.7863550280367213,0.0,0.0,0.0,0.0,1.0,0.0,0.0,0.0,0.0
test2183,50.0,8.0,1.0,4.0,0.5,0.0,0.0,0.0,6.177063500245182,10.143164383728529,4.28391861783987,0.0,0.0,0.0,0.0,1.0,0.0,0.0,0.0,0.0
test2184,48.0,8.0,1.0,4.0,0.5,0.0,0.0,0.0,4.6491209947422485,5.96615568948165,2.8592833284943846,0.0,0.0,1.0,0.0,0.0,0.0,0.0,0.0,0.0
test2185,47.0,9.0,1.0,5.0,0.4444444444444444,0.0,0.0,0.0,4.321006524180692,6.456538652174603,2.017818076392981,0.0,0.0,1.0,0.0,0.0,0.0,0.0,0.0,0.0
test2191,39.0,8.0,1.0,4.0,0.5,0.0,0.0,0.0,5.073496118425037,8.202685341030717,3.5713857296062494,0.0,0.0,0.0,0.0,1.0,0.0,0.0,0.0,0.0
test2193,48.0,11.0,0.9090909090909091,5.0,0.5454545454545454,0.0,0.0,0.0,3.5218975666775285,4.067709408310289,2.577479098227116,0.0,0.0,0.0,0.0,0.0,0.0,0.0,0.0,0.0
test2195,44.0,9.0,1.0,5.0,0.4444444444444444,0.0,0.0,0.0,5.3352910713603245,8.289387340794232,3.7538226860911403,0.0,1.0,0.0,0.0,0.0,0.0,0.0,0.0,0.0
test2201,41.0,8.0,1.0,5.0,0.375,0.0,0.0,0.0,4.776698961734133,5.564357636663675,3.4215616872395604,0.0,0.0,0.0,0.0,0.0,0.0,1.0,0.0,0.0
test2203,56.0,7.0,1.0,4.0,0.4285714285714286,0.0,0.017857142857142856,0.0,5.7615251717502645,6.86969266718378,4.9249114470488795,0.0,0.0,0.0,0.0,0.0,0.0,0.0,0.0,0.0
test2206,35.0,7.0,1.0,3.0,0.5714285714285714,0.0,0.02857142857142857,0.0,5.106135886493581,5.472197582079847,4.745430673444485,0.0,0.0,1.0,0.0,0.0,0.0,0.0,0.0,0.0
test2207,45.0,9.0,1.0,5.0,0.4444444444444444,0.0,0.0,0.0,4.313919569593179,6.2424850965286245,3.4327220944858152,0.0,0.0,0.0,0.0,1.0,0.0,0.0,0.0,0.0
test2210,37.0,8.0,1.0,5.0,0.375,0.125,0.0,0.0,3.8812277091098877,5.687440321555538,2.1976828267141455,0.0,0.0,0.0,0.0,1.0,0.0,0.0,0.0,0.0
test2211,61.0,8.0,1.0,7.0,0.125,0.0,0.0,0.0,6.210814511351914,9.57882045459716,3.18034213395349,0.0,0.0,0.0,0.0,0.0,0.0,0.0,0.0,0.0
test2214,45.0,8.0,1.0,5.0,0.375,0.0,0.0,0.0,4.7998680295483265,8.959781246190937,2.5320418160152225,0.0,0.0,0.0,0.0,0.0,0.0,1.0,0.0,0.0
test2215,71.0,12.0,0.9166666666666666,6.0,0.5,0.08333333333333333,0.0,0.0,6.276640458897386,7.9459398063923095,4.571478988906133,0.0,1.0,0.0,0.0,0.0,0.0,0.0,0.0,0.0
test2218,41.0,8.0,1.0,5.0,0.375,0.125,0.0,0.0,6.799387540202443,9.639950595002167,4.464383811193937,0.0,0.0,0.0,0.0,0.0,0.0,0.0,0.0,0.0
test2220,42.0,8.0,1.0,4.0,0.5,0.0,0.0,0.0,4.926544769097259,5.7949371650736605,4.155581769163341,0.0,0.0,0.0,0.0,1.0,0.0,0.0,0.0,0.0
test2224,40.0,8.0,0.625,3.0,0.625,0.0,0.0,0.0,5.352657586639167,5.843528194711741,4.865267370775306,0.0,0.0,0.0,0.0,0.0,0.0,0.0,0.0,0.0
test2226,52.0,11.0,1.0,3.0,0.7272727272727273,0.0,0.0,0.0,5.754601790261074,6.47137323454031,4.826276446761266,0.0,0.0,1.0,1.0,0.0,0.0,0.0,0.0,0.0
test2233,42.0,8.0,1.0,5.0,0.375,0.125,0.0,0.0,4.270003988824833,5.657514523602442,3.7732228252124367,0.0,0.0,1.0,0.0,0.0,0.0,0.0,0.0,0.0
test2237,44.0,10.0,0.9,4.0,0.6,0.0,0.0,0.0,4.480708913019849,5.195346081340699,4.051243506943189,0.0,1.0,0.0,0.0,0.0,0.0,0.0,0.0,0.0
test2246,34.0,8.0,1.0,4.0,0.5,0.0,0.029411764705882353,0.0,5.940673480924868,10.341730922706816,3.2607463563514734,0.0,0.0,0.0,0.0,0.0,0.0,1.0,0.0,0.0
test2247,41.0,8.0,1.0,5.0,0.375,0.0,0.0,0.0,5.795713278765331,8.878957332071778,4.118455293776882,0.0,0.0,0.0,0.0,0.0,0.0,0.0,0.0,0.0
test2248,37.0,8.0,1.0,3.0,0.625,0.0,0.0,0.0,5.840231873246967,7.851539610127395,4.3008845890598275,0.0,0.0,0.0,1.0,0.0,0.0,0.0,0.0,0.0
test2249,44.0,8.0,1.0,4.0,0.5,0.0,0.0,0.0,4.243267246060416,5.530957402782863,3.34484849115333,0.0,0.0,0.0,1.0,0.0,0.0,0.0,0.0,0.0
test2252,64.0,9.0,1.0,6.0,0.33333333333333337,0.0,0.0,0.0,5.5836268109256295,8.191852465967795,3.5958759274929633,0.0,0.0,0.0,0.0,0.0,0.0,0.0,1.0,0.0
test2254,34.0,8.0,1.0,4.0,0.5,0.0,0.0,0.0,4.875152586932142,6.746876347582666,3.4064785646786397,0.0,0.0,1.0,0.0,0.0,0.0,0.0,0.0,0.0
test2255,40.0,8.0,1.0,4.0,0.5,0.0,0.0,0.0,4.186093060410291,4.99829099575306,2.61524293407979,0.0,0.0,0.0,0.0,0.0,0.0,1.0,0.0,0.0
test2256,38.0,8.0,1.0,4.0,0.5,0.0,0.0,0.0,6.390385006151092,8.743921048267834,3.849464813727778,0.0,0.0,0.0,0.0,0.0,0.0,0.0,0.0,0.0
test2260,44.0,9.0,1.0,5.0,0.4444444444444444,0.0,0.0,0.0,3.613421922489521,6.181493987432243,2.017818076392981,0.0,0.0,1.0,0.0,0.0,0.0,0.0,0.0,0.0
test2264,52.0,8.0,1.0,5.0,0.375,0.0,0.0,0.0,5.703037765686142,6.510704837293466,4.491107657476797,0.0,0.0,0.0,1.0,0.0,0.0,0.0,0.0,0.0
test2266,64.0,12.0,1.0,6.0,0.5,0.0,0.0,0.0,6.600563010204207,10.635210112842923,3.75583038293418,0.0,1.0,1.0,0.0,0.0,0.0,0.0,0.0,0.0
test2269,43.0,9.0,1.0,5.0,0.4444444444444444,0.0,0.0,0.0,4.923764988684937,8.020250334806725,3.2263554265285923,0.0,1.0,0.0,0.0,0.0,0.0,0.0,0.0,0.0
test2273,40.0,8.0,1.0,4.0,0.5,0.0,0.0,0.0,4.520628205459116,6.610273790753413,3.5455532618889385,0.0,0.0,0.0,0.0,1.0,0.0,0.0,0.0,0.0
test2275,47.0,8.0,1.0,4.0,0.5,0.0,0.0,0.0,5.931396323749159,7.700611311477994,3.80493042596021,0.0,0.0,0.0,1.0,0.0,0.0,0.0,0.0,0.0
test2281,84.0,15.0,0.8,8.0,0.4666666666666667,0.0,0.0,0.0,4.048050984337204,5.569235457173701,2.2182450660927935,0.0,1.0,0.0,0.0,0.0,0.0,0.0,0.0,0.0
test2283,83.0,14.0,1.0,9.0,0.3571428571428571,0.0,0.0,0.0,4.673673519855519,9.396948235038355,2.017818076392981,0.0,0.0,1.0,0.0,0.0,0.0,0.0,0.0,0.0
test2284,40.0,8.0,1.0,3.0,0.625,0.0,0.0,0.0,6.0018609393740165,9.010387281569344,3.75583038293418,0.0,0.0,1.0,0.0,0.0,0.0,0.0,0.0,0.0
test2285,70.0,12.0,1.0,7.0,0.41666666666666663,0.0,0.0,0.0,5.93898171575467,8.900609057454817,3.954725105438516,0.0,0.0,0.0,0.0,0.0,0.0,0.0,1.0,0.0
test2286,47.0,9.0,1.0,5.0,0.4444444444444444,0.0,0.0,0.0,5.125859656347365,8.931166990672468,3.3847506718132223,0.0,0.0,0.0,0.0,1.0,0.0,0.0,0.0,0.0
test2287,61.0,10.0,1.0,5.0,0.5,0.0,0.0,0.0,5.823538069769915,8.884326472486837,3.552635508770326,0.0,0.0,0.0,0.0,0.0,0.0,0.0,0.0,0.0
test2293,38.0,8.0,1.0,4.0,0.5,0.0,0.0,0.0,5.015735106996504,5.8137414551613364,3.908186956799809,0.0,0.0,0.0,1.0,0.0,0.0,0.0,0.0,0.0
test2294,36.0,8.0,1.0,3.0,0.625,0.0,0.0,0.0,4.657852238521975,6.341146682209539,3.7552404030082744,0.0,0.0,1.0,0.0,0.0,0.0,0.0,0.0,0.0
test2297,57.0,11.0,0.9090909090909091,4.0,0.6363636363636364,0.0,0.0,0.0,5.046940066495576,5.780216704615104,4.3008845890598275,0.0,0.0,0.0,0.0,1.0,0.0,0.0,0.0,0.0
test2299,49.0,10.0,0.9,3.0,0.7,0.0,0.0,0.0,7.443752303731187,10.532177886944687,5.780216704615104,0.0,0.0,1.0,0.0,0.0,0.0,0.0,0.0,0.0
test2304,44.0,8.0,1.0,4.0,0.5,0.0,0.0,0.0,5.727912310364056,7.358504265089303,4.3008845890598275,0.0,0.0,0.0,0.0,1.0,0.0,0.0,0.0,0.0
test2308,50.0,9.0,1.0,4.0,0.5555555555555556,0.0,0.0,0.0,6.992679480328531,10.477742680389671,4.8289316865939815,0.0,1.0,0.0,0.0,0.0,0.0,0.0,0.0,0.0
test2309,50.0,11.0,0.9090909090909091,5.0,0.5454545454545454,0.0,0.0,0.0,6.097789701100264,8.233095424501844,4.232547568080821,0.0,0.0,1.0,0.0,0.0,0.0,0.0,0.0,0.0
test2310,44.0,8.0,1.0,4.0,0.5,0.0,0.0,0.0,4.9746298222062215,6.892936858770395,4.106968904284354,0.0,0.0,0.0,0.0,1.0,0.0,0.0,0.0,0.0
test2312,85.0,15.0,0.8,8.0,0.4666666666666667,0.0,0.0,0.0,4.8923370610776775,7.561584129577106,2.837196138336423,0.0,0.0,1.0,0.0,0.0,0.0,0.0,0.0,0.0
test2313,42.0,10.0,0.9,5.0,0.5,0.1,0.0,0.0,5.45849181218001,9.361624474207947,2.7794521291526246,0.0,0.0,1.0,0.0,0.0,0.0,0.0,0.0,0.0
test2318,36.0,8.0,1.0,5.0,0.375,0.0,0.0,0.0,5.011617579630382,7.9448871747161665,3.2607463563514734,0.0,0.0,0.0,0.0,0.0,0.0,0.0,0.0,0.0
test2320,83.0,13.0,1.0,8.0,0.3846153846153846,0.0,0.0,0.0,5.329165817564817,8.507532270203605,3.1953821181042987,0.0,0.0,1.0,0.0,0.0,0.0,0.0,0.0,0.0
test2328,42.0,8.0,1.0,3.0,0.625,0.0,0.0,0.0,6.1963384565303015,9.40145274715946,4.3337418116480455,0.0,1.0,0.0,0.0,0.0,0.0,0.0,0.0,0.0
test2330,48.0,8.0,1.0,4.0,0.5,0.0,0.0,0.0,6.888298845886644,8.865659263767146,5.478161637500784,0.0,0.0,0.0,0.0,1.0,0.0,0.0,0.0,0.0
test2331,50.0,8.0,1.0,6.0,0.25,0.0,0.04,0.0,6.037848124021541,11.006386147472455,3.755479542108657,0.0,1.0,0.0,0.0,0.0,0.0,0.0,0.0,0.0
test2333,63.0,12.0,1.0,5.0,0.5833333333333333,0.0,0.0,0.0,6.919872675407102,10.070072499723192,4.562826676725233,0.0,0.0,1.0,0.0,0.0,0.0,0.0,0.0,0.0
test2338,38.0,8.0,1.0,5.0,0.375,0.0,0.0,0.0,4.920730981388283,7.504445635460673,3.5873356920600883,0.0,0.0,0.0,0.0,0.0,0.0,1.0,0.0,0.0
test2341,50.0,8.0,1.0,4.0,0.5,0.0,0.0,0.0,8.593669075568336,11.260916012607336,4.531507591315926,0.0,0.0,0.0,1.0,0.0,0.0,0.0,0.0,0.0
test2346,50.0,9.0,1.0,7.0,0.2222222222222222,0.0,0.02,0.0,5.307686661605556,10.035437003060437,2.7863550280367213,0.0,0.0,1.0,0.0,0.0,0.0,0.0,0.0,0.0
test2347,33.0,8.0,1.0,3.0,0.625,0.0,0.0,0.0,6.90776065900474,8.945371774970784,5.0310338544607704,0.0,0.0,1.0,0.0,0.0,0.0,0.0,0.0,0.0
test2353,41.0,9.0,0.8888888888888888,4.0,0.5555555555555556,0.0,0.0,0.0,4.352062303609237,6.388599258648186,2.7863550280367213,0.0,0.0,0.0,0.0,1.0,0.0,0.0,0.0,0.0
test2356,47.0,8.0,1.0,4.0,0.5,0.0,0.0,0.0,5.537889976382283,6.527135945077122,4.080316459740827,0.0,0.0,0.0,0.0,0.0,0.0,0.0,0.0,0.0
test2360,41.0,9.0,1.0,4.0,0.5555555555555556,0.0,0.0,0.0,6.949694634492562,8.68929996378761,5.631888319017683,0.0,0.0,0.0,0.0,1.0,0.0,0.0,0.0,0.0
test2363,42.0,8.0,1.0,5.0,0.375,0.0,0.0,0.0,5.602383884948738,8.629131442321157,3.5713857296062494,0.0,0.0,0.0,0.0,1.0,0.0,0.0,0.0,0.0
test2364,52.0,10.0,0.9,6.0,0.4,0.0,0.0,0.0,6.980400326033894,13.097127244406225,3.7601782506199743,0.0,0.0,0.0,0.0,0.0,0.0,0.0,0.0,0.0
test2366,44.0,9.0,1.0,6.0,0.33333333333333337,0.0,0.0,0.0,4.785845060779131,6.539961566572693,3.5821471248143126,0.0,0.0,1.0,0.0,0.0,0.0,0.0,0.0,0.0
test2367,70.0,11.0,0.8181818181818182,5.0,0.5454545454545454,0.0,0.0,0.0,5.601353506523412,8.760430857231647,2.017818076392981,0.0,0.0,1.0,0.0,0.0,0.0,0.0,0.0,0.0
test2368,49.0,9.0,1.0,5.0,0.4444444444444444,0.0,0.0,0.0,4.498441742024094,7.025130598906371,2.017818076392981,0.0,0.0,1.0,0.0,0.0,0.0,0.0,0.0,0.0
test2369,44.0,8.0,1.0,4.0,0.5,0.0,0.0,0.0,5.485099009875379,9.705062346307342,2.017818076392981,0.0,0.0,1.0,1.0,0.0,0.0,0.0,0.0,0.0
test2371,43.0,9.0,1.0,3.0,0.6666666666666667,0.0,0.0,0.0,6.650019270633156,8.74861038863122,5.3406595216163675,0.0,1.0,0.0,1.0,0.0,0.0,0.0,0.0,0.0
test2372,35.0,8.0,0.875,3.0,0.625,0.0,0.0,0.0,5.033611719831913,6.60392368658796,3.156251951291409,0.0,1.0,0.0,0.0,0.0,0.0,0.0,0.0,0.0
test2373,49.0,11.0,0.9090909090909091,5.0,0.5454545454545454,0.0,0.0,0.0,7.7390519540238625,11.781450450500287,2.577479098227116,0.0,0.0,0.0,0.0,0.0,1.0,0.0,0.0,0.0
test2374,38.0,8.0,1.0,5.0,0.375,0.125,0.0,0.0,5.0532997457056315,6.714388717709611,3.8668505642299804,0.0,0.0,1.0,0.0,0.0,0.0,0.0,0.0,0.0
test2378,49.0,9.0,1.0,5.0,0.4444444444444444,0.0,0.0,0.0,4.826094021662458,6.116713094658858,3.5775456948025597,0.0,0.0,0.0,0.0,0.0,1.0,0.0,0.0,0.0
test2381,56.0,12.0,1.0,6.0,0.5,0.0,0.0,0.0,4.80609784228806,7.2578078138551065,3.4215616872395604,0.0,0.0,0.0,0.0,0.0,0.0,1.0,0.0,0.0
test2382,47.0,8.0,1.0,5.0,0.375,0.0,0.0,0.0,6.076302820286342,8.729983540424053,4.823581841307279,0.0,1.0,0.0,0.0,0.0,0.0,0.0,0.0,0.0
test2386,37.0,8.0,1.0,4.0,0.5,0.0,0.0,0.0,6.104545116706332,14.396410228536485,2.2182450660927935,0.0,0.0,0.0,0.0,1.0,0.0,0.0,0.0,0.0
test2392,41.0,8.0,1.0,4.0,0.5,0.0,0.0,0.0,5.587174114721224,6.521037590514853,3.3171796075161244,0.0,1.0,0.0,0.0,0.0,0.0,0.0,0.0,0.0
test2395,39.0,8.0,0.875,3.0,0.625,0.0,0.0,0.0,5.325133888245655,6.759336572689575,4.438765985048403,0.0,0.0,0.0,1.0,0.0,0.0,0.0,0.0,0.0
test2396,37.0,7.0,1.0,6.0,0.1428571428571429,0.0,0.02702702702702703,0.0,6.974107265574314,14.396410228536485,3.4088658053414465,0.0,0.0,1.0,0.0,0.0,0.0,0.0,0.0,0.0
test2402,45.0,9.0,0.8888888888888888,4.0,0.5555555555555556,0.0,0.0,0.0,5.378504169476544,7.059690352268678,3.6063834982765357,0.0,1.0,0.0,0.0,0.0,0.0,0.0,0.0,0.0
test2405,45.0,9.0,1.0,5.0,0.4444444444444444,0.0,0.0,0.0,7.197631807418913,10.86029352897496,3.75583038293418,0.0,0.0,1.0,0.0,0.0,0.0,0.0,0.0,0.0
test2407,50.0,9.0,0.8888888888888888,4.0,0.5555555555555556,0.0,0.0,0.0,6.698181915097178,7.5024158648043855,5.46274604983555,0.0,0.0,0.0,0.0,1.0,0.0,0.0,0.0,0.0
test2408,45.0,9.0,1.0,4.0,0.5555555555555556,0.0,0.0,0.0,4.064935159266845,5.054369305570637,2.9974264367119225,0.0,0.0,0.0,0.0,0.0,0.0,0.0,1.0,0.0
test2415,45.0,8.0,1.0,4.0,0.5,0.0,0.0,0.0,6.721973624087722,11.781450450500287,4.005560170962174,0.0,0.0,0.0,1.0,0.0,0.0,0.0,0.0,0.0
test2416,34.0,8.0,0.875,4.0,0.5,0.0,0.0,0.0,4.810161138441332,6.515731868113719,3.849464813727778,0.0,0.0,1.0,1.0,0.0,0.0,0.0,0.0,0.0
test2420,45.0,7.0,1.0,5.0,0.2857142857142857,0.0,0.022222222222222223,0.0,6.2751924127119505,9.340164423188178,3.75583038293418,0.0,0.0,1.0,0.0,0.0,0.0,0.0,0.0,0.0
test2421,60.0,11.0,0.9090909090909091,5.0,0.5454545454545454,0.0,0.0,0.0,5.831883455252253,6.3524257973149325,5.46697494473306,0.0,1.0,0.0,0.0,0.0,0.0,0.0,0.0,0.0
test2429,33.0,8.0,1.0,4.0,0.5,0.0,0.0,0.0,5.452687210687319,6.341146682209539,4.985881095391648,0.25,0.0,1.0,0.0,0.0,0.0,0.0,0.0,0.0
test2433,54.0,10.0,0.9,3.0,0.7,0.0,0.018518518518518517,0.0,7.050004433889266,9.977569620739887,5.057588694911763,0.0,1.0,0.0,0.0,0.0,0.0,0.0,0.0,0.0
test2438,37.0,8.0,1.0,5.0,0.375,0.0,0.0,0.0,5.20243488513494,7.991181770505644,3.2607463563514734,0.0,0.0,0.0,1.0,0.0,0.0,0.0,0.0,0.0
test2440,43.0,8.0,1.0,6.0,0.25,0.0,0.0,0.0,7.978178141171288,11.88410460456037,2.2182450660927935,0.0,0.0,0.0,0.0,0.0,0.0,0.0,0.0,0.0
test2446,36.0,8.0,1.0,3.0,0.625,0.0,0.0,0.0,5.558349615369283,7.628300232067867,3.7494864551472444,0.0,1.0,0.0,0.0,0.0,0.0,0.0,0.0,0.0
test2447,44.0,8.0,1.0,4.0,0.5,0.0,0.0,0.0,5.774219390293261,7.32511986984545,3.566279054046847,0.0,0.0,1.0,0.0,0.0,0.0,0.0,0.0,0.0
test2448,43.0,8.0,0.875,3.0,0.625,0.0,0.0,0.0,6.027411809301332,7.2684490422274814,5.245430693955451,0.0,1.0,0.0,0.0,0.0,0.0,0.0,0.0,0.0
test2450,44.0,8.0,0.875,4.0,0.5,0.0,0.0,0.0,4.59223405089318,5.849852428490344,2.7863550280367213,0.0,0.0,0.0,0.0,0.0,0.0,0.0,0.0,0.0
test2454,36.0,8.0,0.875,1.0,0.875,0.0,0.0,0.0,11.05237126071428,11.05237126071428,11.05237126071428,0.0,1.0,0.0,0.0,0.0,0.0,0.0,0.0,0.0
test2462,51.0,9.0,1.0,5.0,0.4444444444444444,0.0,0.0,0.0,5.557292623847689,7.822264620562085,4.815587344015373,0.0,0.0,0.0,1.0,0.0,0.0,0.0,0.0,0.0
test2465,52.0,11.0,1.0,5.0,0.5454545454545454,0.0,0.0,0.0,4.360095196472547,6.689797314572289,1.978019078330936,0.0,0.0,0.0,0.0,0.0,0.0,1.0,0.0,0.0
test2468,42.0,8.0,1.0,4.0,0.5,0.0,0.023809523809523808,0.0,6.30765069145516,10.899902667070005,4.3008845890598275,0.0,0.0,0.0,1.0,0.0,0.0,0.0,0.0,0.0
test2474,44.0,8.0,0.875,3.0,0.625,0.0,0.0,0.0,5.366553770091641,5.735232139925654,5.130603614376319,0.0,1.0,0.0,0.0,0.0,0.0,0.0,0.0,0.0
test2476,36.0,8.0,0.875,2.0,0.75,0.0,0.0,0.0,6.713773617838468,7.636768335018566,5.790778900658371,0.0,1.0,0.0,0.0,0.0,0.0,0.0,0.0,0.0
test2478,42.0,8.0,1.0,3.0,0.625,0.0,0.0,0.0,6.815850695677351,9.53144317358615,4.562826676725233,0.0,1.0,0.0,0.0,0.0,0.0,0.0,0.0,0.0
test2480,63.0,10.0,1.0,6.0,0.4,0.0,0.0,0.0,4.697617348294701,6.036182786651895,2.5320418160152225,0.0,0.0,1.0,0.0,0.0,0.0,0.0,0.0,0.0
test2482,38.0,8.0,1.0,4.0,0.5,0.125,0.0,0.0,3.9154786844674208,4.5623620757376395,2.7863550280367213,0.0,0.0,0.0,0.0,1.0,0.0,0.0,0.0,0.0
test2485,39.0,8.0,1.0,2.0,0.75,0.0,0.0,0.0,7.213821464505857,8.277579085508062,6.150063843503651,0.0,0.0,0.0,1.0,0.0,0.0,0.0,0.0,1.0
test2488,66.0,12.0,1.0,8.0,0.33333333333333337,0.0,0.0,0.0,4.161524949448106,6.455589097207113,2.5320418160152225,0.0,0.0,1.0,0.0,0.0,0.0,0.0,0.0,0.0
test2489,43.0,9.0,1.0,5.0,0.4444444444444444,0.0,0.0,0.0,4.041563875243647,6.6614140345137045,2.5320418160152225,0.0,0.0,0.0,1.0,0.0,0.0,0.0,0.0,0.0
test2492,34.0,8.0,0.875,3.0,0.625,0.0,0.0,0.0,3.0173723070699157,3.4064785646786397,2.7863550280367213,0.0,0.0,1.0,0.0,0.0,0.0,0.0,0.0,0.0
test2493,45.0,8.0,1.0,4.0,0.5,0.0,0.0,0.0,6.001093443785027,8.40577936217708,4.3008845890598275,0.0,0.0,0.0,1.0,0.0,0.0,0.0,0.0,0.0
test2496,69.0,13.0,0.8461538461538461,7.0,0.46153846153846156,0.0,0.0,0.0,4.243286657297482,7.341097385196734,2.393480405732666,0.0,0.0,0.0,1.0,0.0,0.0,0.0,0.0,0.0
test2500,43.0,8.0,1.0,5.0,0.375,0.0,0.0,0.0,4.411906004203621,6.904393007715176,3.2607463563514734,0.0,0.0,0.0,0.0,1.0,0.0,0.0,0.0,0.0
test2501,45.0,8.0,1.0,5.0,0.375,0.0,0.0,0.0,4.879166298917989,6.822365223164286,2.7863550280367213,0.0,0.0,0.0,1.0,0.0,0.0,0.0,0.0,0.0
test2502,49.0,11.0,1.0,6.0,0.4545454545454546,0.0,0.0,0.0,4.523258348672082,5.747779501752303,1.978019078330936,0.0,0.0,0.0,0.0,0.0,0.0,1.0,0.0,0.0
test2510,56.0,10.0,1.0,5.0,0.5,0.0,0.0,0.0,6.361850766276254,9.40145274715946,2.256543270872133,0.0,0.0,0.0,0.0,0.0,0.0,0.0,0.0,0.0
test2512,41.0,7.0,1.0,4.0,0.4285714285714286,0.0,0.024390243902439025,0.0,5.9476097957051035,6.907370862139796,4.839670863149738,0.0,0.0,1.0,0.0,0.0,0.0,0.0,0.0,0.0
test2513,39.0,8.0,0.875,4.0,0.5,0.0,0.0,0.0,4.4495479597990135,5.072651889524746,3.5775456948025597,0.0,0.0,0.0,0.0,1.0,0.0,0.0,0.0,0.0
test2515,46.0,9.0,1.0,6.0,0.33333333333333337,0.0,0.0,0.0,4.476899841637462,6.305803641850524,2.935434413658972,0.0,0.0,1.0,0.0,0.0,0.0,0.0,0.0,0.0
test2518,43.0,8.0,1.0,4.0,0.5,0.0,0.0,0.0,4.045861277723889,4.705270544301285,3.2725009008185193,0.0,0.0,0.0,0.0,0.0,0.0,0.0,0.0,0.0
test2523,40.0,8.0,1.0,5.0,0.375,0.25,0.0,0.0,5.859978134853641,8.945371774970784,4.484937972096338,0.0,0.0,1.0,0.0,0.0,0.0,0.0,0.0,0.0
test2524,39.0,8.0,1.0,3.0,0.625,0.0,0.0,0.0,5.162347058804954,8.753321822552541,2.935434413658972,0.0,0.0,0.0,0.0,1.0,0.0,0.0,0.0,0.0
test2525,50.0,8.0,1.0,5.0,0.375,0.0,0.0,0.0,7.059649066673812,10.026962376069465,4.562826676725233,0.0,0.0,0.0,0.0,1.0,0.0,0.0,0.0,0.0
test2526,44.0,10.0,0.9,5.0,0.5,0.0,0.0,0.0,4.887359431118211,6.465365045353859,3.3171796075161244,0.0,1.0,0.0,0.0,0.0,0.0,0.0,0.0,0.0
test2527,46.0,8.0,1.0,5.0,0.375,0.0,0.021739130434782608,0.0,6.227257595474361,9.96956957807281,3.664319913589271,0.0,0.0,1.0,0.0,0.0,0.0,0.0,0.0,0.0
test2538,33.0,8.0,1.0,3.0,0.625,0.0,0.0,0.0,6.670490679942685,7.7812379006058405,5.978890053604314,0.0,0.0,0.0,0.0,1.0,0.0,0.0,0.0,0.0
test2540,41.0,8.0,1.0,4.0,0.5,0.0,0.0,0.0,6.878528458625237,9.227821968663234,4.5157990223346625,0.0,1.0,0.0,0.0,0.0,0.0,0.0,0.0,0.0
test2541,39.0,8.0,1.0,3.0,0.625,0.0,0.0,0.0,5.242603534259124,6.410812422372625,4.301655142933524,0.0,1.0,0.0,0.0,0.0,0.0,0.0,0.0,0.0
test2542,41.0,9.0,0.6666666666666666,2.0,0.7777777777777778,0.0,0.0,0.0,7.637560436956072,8.06787838379598,7.207242490116163,0.0,0.0,1.0,0.0,0.0,0.0,0.0,0.0,0.0
test2543,45.0,9.0,1.0,5.0,0.4444444444444444,0.1111111111111111,0.0,0.0,4.611215020632544,5.587094836642446,3.755479542108657,0.0,0.0,1.0,0.0,0.0,0.0,0.0,0.0,0.0
test2549,42.0,9.0,1.0,5.0,0.4444444444444444,0.0,0.0,0.0,4.553405557686677,6.9736381211698895,3.2607463563514734,0.0,0.0,0.0,1.0,0.0,0.0,0.0,0.0,0.0
test2551,45.0,8.0,1.0,4.0,0.5,0.0,0.0,0.0,7.040824774472892,12.930073159743058,3.5455532618889385,0.0,0.0,0.0,0.0,0.0,0.0,1.0,0.0,0.0
test2555,41.0,9.0,0.8888888888888888,5.0,0.4444444444444444,0.0,0.0,0.0,5.679436599715524,6.8114677885731325,3.6759293958780095,0.0,0.0,0.0,0.0,0.0,0.0,0.0,0.0,0.0
test2557,37.0,7.0,1.0,4.0,0.4285714285714286,0.0,0.02702702702702703,0.0,5.825789823660909,9.794578943813908,3.0109962172002924,0.0,0.0,1.0,0.0,0.0,0.0,0.0,0.0,0.0
test2561,39.0,8.0,1.0,5.0,0.375,0.0,0.0,0.0,4.675983749178151,5.450860395385699,4.07063322750189,0.0,0.0,0.0,0.0,0.0,0.0,0.0,0.0,0.0
test2564,46.0,10.0,1.0,6.0,0.4,0.1,0.0,0.0,4.548593117629205,8.942514630170006,3.2031805156736324,0.0,0.0,0.0,1.0,0.0,0.0,0.0,0.0,0.0
test2567,40.0,7.0,1.0,5.0,0.2857142857142857,0.14285714285714285,0.025,0.0,4.882143092567462,7.468525578259182,3.7732228252124367,0.0,0.0,1.0,0.0,0.0,0.0,0.0,0.0,0.0
test2568,42.0,8.0,1.0,4.0,0.5,0.0,0.0,0.0,4.721122753330001,6.212268464719367,3.6248492723974506,0.0,1.0,0.0,0.0,0.0,0.0,0.0,0.0,0.0
test2570,49.0,10.0,0.8,4.0,0.6,0.0,0.0,0.0,4.9019336348922895,8.036259824823636,2.017818076392981,0.0,1.0,0.0,0.0,0.0,0.0,0.0,0.0,0.0
test2574,48.0,8.0,1.0,5.0,0.375,0.0,0.0,0.0,5.159433874826675,7.941735911604177,3.5548378370905325,0.0,0.0,0.0,0.0,1.0,0.0,0.0,0.0,0.0
test2579,41.0,8.0,1.0,4.0,0.5,0.0,0.0,0.0,6.40831090522596,11.151217095350912,4.155581769163341,0.0,0.0,0.0,0.0,1.0,0.0,0.0,0.0,0.0
test2580,54.0,10.0,0.9,5.0,0.5,0.0,0.0,0.0,5.901792012358477,9.961633028477076,3.6048325358200914,0.0,0.0,0.0,0.0,1.0,0.0,0.0,0.0,0.0
test2581,46.0,8.0,1.0,5.0,0.375,0.0,0.0,0.0,4.703976001739085,5.46274604983555,3.6099336757299163,0.0,1.0,0.0,0.0,0.0,0.0,0.0,0.0,0.0
test2587,36.0,7.0,1.0,6.0,0.1428571428571429,0.14285714285714285,0.027777777777777776,0.0,4.378986534484011,5.386677591041575,3.672328198447704,0.0,0.0,1.0,0.0,0.0,0.0,0.0,0.0,0.0
test2588,52.0,10.0,1.0,6.0,0.4,0.0,0.0,0.0,5.1434224672734175,5.782392852484708,3.5895888568871404,0.0,1.0,0.0,0.0,0.0,0.0,0.0,0.0,0.0
test2589,74.0,12.0,1.0,7.0,0.41666666666666663,0.0,0.0,0.0,5.597600031576151,9.158196786058154,3.2725009008185193,0.0,1.0,0.0,0.0,0.0,0.0,0.0,0.0,0.0
test2597,44.0,10.0,1.0,4.0,0.6,0.0,0.0,0.0,5.644426176829146,7.996706646437614,3.4064785646786397,0.0,0.0,1.0,0.0,0.0,0.0,0.0,0.0,0.0
test2598,48.0,9.0,1.0,6.0,0.33333333333333337,0.0,0.0,0.0,6.406240568902064,10.699231971607855,3.962461105495286,0.0,0.0,0.0,0.0,1.0,0.0,0.0,0.0,0.0
test2599,37.0,8.0,1.0,3.0,0.625,0.0,0.0,0.0,4.766272118881245,6.003043296323916,2.61524293407979,0.0,0.0,0.0,0.0,0.0,0.0,1.0,0.0,0.0
test2600,45.0,9.0,1.0,4.0,0.5555555555555556,0.0,0.0,0.0,4.607955810446517,7.231689849764628,3.4064785646786397,0.0,0.0,1.0,0.0,0.0,0.0,0.0,0.0,0.0
test2604,38.0,8.0,1.0,4.0,0.5,0.0,0.0,0.0,5.323210688787921,9.787912252455719,3.5713857296062494,0.0,0.0,0.0,1.0,0.0,0.0,0.0,0.0,0.0
test2609,51.0,9.0,1.0,5.0,0.4444444444444444,0.0,0.0,0.0,4.370245131539642,6.141188045589683,2.992284519971596,0.0,1.0,0.0,0.0,0.0,0.0,0.0,0.0,0.0
test2614,42.0,8.0,1.0,4.0,0.5,0.0,0.0,0.0,4.582465925559816,6.090185012504325,3.954725105438516,0.0,0.0,0.0,0.0,1.0,0.0,0.0,0.0,0.0
test2615,49.0,9.0,1.0,6.0,0.33333333333333337,0.0,0.0,0.0,5.477727284055686,8.22470963112557,2.017818076392981,0.0,0.0,0.0,0.0,1.0,0.0,0.0,0.0,0.0
test2618,39.0,8.0,1.0,5.0,0.375,0.0,0.0,0.0,5.358750240785918,8.67391504494813,2.9478348580128078,0.0,0.0,1.0,0.0,0.0,0.0,0.0,0.0,0.0
test2619,47.0,8.0,1.0,4.0,0.5,0.0,0.0,0.0,5.040072420135623,6.331878580059387,3.779082741548665,0.0,0.0,0.0,0.0,0.0,0.0,1.0,0.0,0.0
test2620,41.0,8.0,1.0,4.0,0.5,0.0,0.0,0.0,4.580351855247255,6.524590442875353,2.017818076392981,0.0,0.0,1.0,0.0,0.0,0.0,0.0,0.0,0.0
test2621,86.0,17.0,0.9411764705882353,7.0,0.5882352941176471,0.0,0.0,0.0,4.465319666576469,7.899635238350623,2.017818076392981,0.0,1.0,0.0,1.0,1.0,0.0,0.0,0.0,0.0
test2623,48.0,9.0,0.8888888888888888,4.0,0.5555555555555556,0.0,0.0,0.0,4.751445214452248,6.506701328880913,2.61524293407979,0.0,0.0,0.0,0.0,0.0,0.0,1.0,0.0,0.0
test2626,55.0,10.0,1.0,5.0,0.5,0.0,0.0,0.0,5.096529311322705,7.026809508010077,3.9111820292647637,0.0,1.0,0.0,0.0,0.0,0.0,0.0,0.0,0.0
test2631,44.0,9.0,1.0,4.0,0.5555555555555556,0.0,0.0,0.0,8.673916694894018,10.307636711363841,5.12915406474329,0.0,0.0,1.0,0.0,0.0,0.0,0.0,0.0,0.0
test2634,41.0,8.0,1.0,3.0,0.625,0.0,0.0,0.0,4.599539598562557,6.341146682209539,3.1975245007052746,0.0,1.0,1.0,0.0,0.0,0.0,0.0,0.0,0.0
test2642,44.0,8.0,1.0,4.0,0.5,0.0,0.0,0.0,5.4308424871074426,6.605576351886307,2.61524293407979,0.0,0.0,0.0,0.0,0.0,0.0,1.0,0.0,0.0
test2644,41.0,8.0,1.0,4.0,0.5,0.0,0.0,0.0,4.497335380950197,7.468525578259182,3.156251951291409,0.0,0.0,0.0,0.0,0.0,0.0,0.0,1.0,0.0
test2645,79.0,15.0,0.9333333333333333,8.0,0.4666666666666667,0.0,0.0,0.0,4.389443871139104,8.485613584495958,2.5539915859254996,0.0,0.0,0.0,0.0,0.0,0.0,0.0,0.0,0.0
test2655,53.0,9.0,1.0,5.0,0.4444444444444444,0.0,0.018867924528301886,0.0,5.2024971389059225,9.961633028477076,2.5320418160152225,0.0,1.0,0.0,0.0,0.0,0.0,0.0,0.0,0.0
test2658,58.0,9.0,1.0,5.0,0.4444444444444444,0.0,0.0,0.0,4.956500988633557,5.503936260189399,4.28486569010462,0.0,0.0,0.0,1.0,0.0,0.0,0.0,0.0,0.0
test2660,39.0,8.0,0.875,5.0,0.375,0.125,0.0,0.0,3.969010234053504,6.948464717158454,2.864424241627515,0.0,0.0,0.0,0.0,0.0,0.0,0.0,0.0,0.0
test2664,41.0,8.0,1.0,4.0,0.5,0.0,0.0,0.0,5.815687186579705,6.789360038408169,4.3008845890598275,0.0,0.0,0.0,0.0,1.0,0.0,0.0,0.0,0.0
test2667,41.0,9.0,1.0,5.0,0.4444444444444444,0.1111111111111111,0.0,0.0,4.3283659953967035,7.463312141882553,2.319230227468961,0.0,0.0,0.0,0.0,0.0,0.0,0.0,0.0,0.0
test2673,49.0,10.0,1.0,5.0,0.5,0.0,0.0,0.0,4.577279268869434,6.464167727203159,2.017818076392981,0.0,0.0,0.0,1.0,0.0,0.0,0.0,0.0,0.0
test2675,52.0,9.0,1.0,5.0,0.4444444444444444,0.0,0.0,0.0,7.359263855838472,9.907773858804346,5.259537008442176,0.0,0.0,0.0,0.0,1.0,0.0,0.0,0.0,0.0
test2676,42.0,8.0,1.0,4.0,0.5,0.0,0.0,0.0,4.74591148669699,7.604065801065676,2.017818076392981,0.0,0.0,0.0,0.0,1.0,0.0,0.0,0.0,0.0
test2677,42.0,8.0,1.0,5.0,0.375,0.0,0.0,0.0,5.326109901439069,8.138104274848574,3.4088658053414465,0.0,0.0,0.0,1.0,0.0,0.0,0.0,0.0,0.0
test2679,37.0,8.0,1.0,2.0,0.75,0.0,0.0,0.0,6.173324539433489,7.231689849764628,5.11495922910235,0.0,0.0,0.0,1.0,0.0,0.0,0.0,0.0,0.0
test2681,41.0,10.0,0.9,6.0,0.4,0.1,0.0,0.0,4.991695758160007,6.75805143195045,1.978019078330936,0.0,0.0,0.0,0.0,0.0,0.0,0.0,0.0,0.0
test2685,60.0,11.0,1.0,7.0,0.36363636363636365,0.0,0.0,0.0,5.339127993408135,8.31039336448728,2.577479098227116,0.0,0.0,0.0,0.0,0.0,0.0,0.0,0.0,0.0
test2689,53.0,9.0,0.8888888888888888,5.0,0.4444444444444444,0.0,0.0,0.0,4.958349434488882,6.154443668304683,3.672328198447704,0.0,1.0,0.0,0.0,0.0,0.0,0.0,0.0,0.0
test2690,42.0,8.0,1.0,4.0,0.5,0.0,0.0,0.0,5.28899201305546,7.194245556353141,4.3008845890598275,0.0,0.0,0.0,0.0,1.0,0.0,0.0,0.0,0.0
test2692,43.0,9.0,1.0,4.0,0.5555555555555556,0.1111111111111111,0.0,0.0,4.341231038900353,6.403578300172269,2.319230227468961,0.25,0.0,0.0,1.0,0.0,0.0,0.0,0.0,0.0
test2694,64.0,9.0,1.0,5.0,0.4444444444444444,0.0,0.0,0.0,4.81607914591922,7.7609012138762905,3.2725009008185193,0.0,0.0,0.0,0.0,0.0,0.0,1.0,0.0,0.0
test2702,37.0,7.0,1.0,4.0,0.4285714285714286,0.0,0.02702702702702703,0.0,5.588026730022465,9.073400249398077,3.5455532618889385,0.0,0.0,0.0,0.0,1.0,0.0,0.0,0.0,0.0
test2703,40.0,8.0,1.0,4.0,0.5,0.0,0.0,0.0,4.663284037015594,6.89883331956186,2.017818076392981,0.0,0.0,0.0,1.0,0.0,0.0,0.0,0.0,0.0
test2707,50.0,12.0,0.9166666666666666,6.0,0.5,0.08333333333333333,0.04,0.0,5.099282060375306,7.8259942286149125,2.90642250018591,0.0,0.0,0.0,1.0,1.0,0.0,0.0,0.0,0.0
test2710,75.0,12.0,0.9166666666666666,7.0,0.41666666666666663,0.0,0.0,0.0,5.599549124239452,6.274434828776863,4.565977356906268,0.0,1.0,0.0,0.0,0.0,0.0,0.0,0.0,0.0
test2713,52.0,9.0,1.0,4.0,0.5555555555555556,0.0,0.019230769230769232,0.0,4.676693294394151,6.907370862139796,2.7863550280367213,0.0,1.0,0.0,0.0,0.0,0.0,0.0,0.0,0.0
test2715,40.0,8.0,1.0,4.0,0.5,0.0,0.0,0.0,5.808959629802663,9.073400249398077,3.6759293958780095,0.0,0.0,1.0,0.0,0.0,0.0,0.0,0.0,0.0
test2719,34.0,8.0,1.0,2.0,0.75,0.0,0.0,0.0,5.223638757683677,6.341146682209539,4.106130833157814,0.0,1.0,1.0,0.0,0.0,0.0,0.0,0.0,0.0
test2721,50.0,9.0,1.0,4.0,0.5555555555555556,0.0,0.0,0.0,5.640774786962801,8.38759704309389,2.61524293407979,0.0,0.0,0.0,0.0,0.0,0.0,1.0,0.0,0.0
test2722,48.0,9.0,1.0,5.0,0.4444444444444444,0.0,0.0,0.0,4.939886789679921,8.087098194644996,3.672328198447704,0.0,0.0,0.0,1.0,0.0,0.0,0.0,0.0,0.0
test2723,39.0,8.0,1.0,5.0,0.375,0.0,0.0,0.0,4.833167654367967,8.968527657633805,2.017818076392981,0.0,0.0,0.0,0.0,1.0,0.0,0.0,0.0,0.0
test2724,36.0,8.0,1.0,4.0,0.5,0.0,0.0,0.0,5.977835984076364,8.002262216282215,4.332434974717218,0.0,1.0,0.0,0.0,0.0,0.0,0.0,0.0,0.0
test2732,52.0,11.0,1.0,5.0,0.5454545454545454,0.0,0.0,0.0,5.203353426601795,7.77323074038706,2.9478348580128078,0.0,0.0,0.0,1.0,0.0,0.0,0.0,0.0,0.0
test2733,35.0,8.0,1.0,6.0,0.25,0.0,0.0,0.0,4.737566901559798,6.4546404430389686,2.017818076392981,0.0,0.0,1.0,0.0,0.0,0.0,0.0,0.0,0.0
test2734,39.0,8.0,1.0,4.0,0.5,0.0,0.0,0.0,4.737181514749694,6.103778259522079,3.0348465581739132,0.0,1.0,0.0,0.0,0.0,0.0,0.0,0.0,0.0
test2735,47.0,9.0,0.8888888888888888,4.0,0.5555555555555556,0.0,0.0,0.0,4.849089201728157,7.2668456212532755,2.017818076392981,0.0,1.0,0.0,0.0,0.0,0.0,0.0,0.0,0.0
test2737,39.0,8.0,1.0,3.0,0.625,0.0,0.0,0.0,4.711933244288638,5.016805396065863,4.169813133345629,0.0,0.0,1.0,0.0,0.0,0.0,0.0,0.0,0.0
test2740,46.0,8.0,1.0,4.0,0.5,0.125,0.0,0.0,5.775107562318168,7.579674347941517,4.272168643981456,0.0,0.0,0.0,0.0,1.0,0.0,0.0,0.0,0.0
test2744,51.0,9.0,1.0,5.0,0.4444444444444444,0.0,0.0,0.0,4.02123811643437,4.898012854403449,3.1222793220898932,0.0,0.0,1.0,0.0,0.0,0.0,0.0,0.0,0.0
test2750,54.0,10.0,1.0,4.0,0.6,0.0,0.0,0.0,4.643485232830942,6.413538767353416,2.61524293407979,0.0,0.0,0.0,0.0,0.0,0.0,1.0,0.0,0.0
test2753,48.0,8.0,0.75,5.0,0.375,0.0,0.0,0.0,4.571950960253957,5.053901892982886,3.5047268727681997,0.0,1.0,0.0,0.0,0.0,0.0,0.0,0.0,0.0
test2755,46.0,10.0,1.0,5.0,0.5,0.0,0.0,0.0,6.911810698114832,9.266511513613413,4.28391861783987,0.0,0.0,0.0,0.0,1.0,0.0,0.0,0.0,0.0
test2756,60.0,9.0,1.0,5.0,0.4444444444444444,0.0,0.0,0.0,5.223070062107856,10.052604806682801,3.3442776092839392,0.0,0.0,0.0,0.0,0.0,0.0,0.0,0.0,0.0
test2759,39.0,8.0,1.0,5.0,0.375,0.0,0.0,0.0,5.733283017987156,7.973704537005355,3.4935231724038402,0.0,0.0,0.0,0.0,0.0,0.0,0.0,0.0,0.0
test2760,43.0,9.0,1.0,3.0,0.6666666666666667,0.0,0.0,0.0,5.741340766349008,7.4763970521588465,3.4064785646786397,0.0,0.0,1.0,0.0,0.0,0.0,0.0,0.0,0.0
test2762,58.0,11.0,1.0,5.0,0.5454545454545454,0.0,0.0,0.0,6.785913169779891,9.1337200396316,4.464383811193937,0.0,0.0,1.0,0.0,0.0,0.0,0.0,0.0,0.0
test2764,41.0,9.0,1.0,5.0,0.4444444444444444,0.1111111111111111,0.0,0.0,5.019021525127044,6.744973095620356,3.5455532618889385,0.0,0.0,0.0,0.0,1.0,0.0,0.0,0.0,0.0
test2765,42.0,9.0,1.0,4.0,0.5555555555555556,0.0,0.0,0.0,5.312232374140164,6.817242261140409,3.924026276944952,0.0,0.0,0.0,0.0,0.0,0.0,0.0,1.0,0.0
test2767,42.0,9.0,1.0,3.0,0.6666666666666667,0.0,0.0,0.0,5.341523873865512,8.051358834089005,3.672328198447704,0.0,0.0,0.0,0.0,1.0,0.0,0.0,0.0,0.0
test2770,45.0,9.0,1.0,5.0,0.4444444444444444,0.1111111111111111,0.0,0.0,4.654392906630974,5.631888319017683,3.978154833001743,0.0,0.0,0.0,0.0,1.0,0.0,0.0,0.0,0.0
test2772,37.0,8.0,1.0,5.0,0.375,0.125,0.0,0.0,5.732989899071641,8.582279696711419,3.75583038293418,0.0,0.0,1.0,0.0,0.0,0.0,0.0,0.0,0.0
test2775,42.0,8.0,1.0,4.0,0.5,0.0,0.0,0.0,7.52371327500513,11.029114398550012,5.466621852969671,0.0,0.0,0.0,0.0,1.0,0.0,0.0,0.0,0.0
test2778,47.0,8.0,1.0,4.0,0.5,0.0,0.0,0.0,4.938247705742136,7.748721854973156,3.3171796075161244,0.0,0.0,0.0,0.0,1.0,0.0,0.0,0.0,0.0
test2782,43.0,10.0,1.0,5.0,0.5,0.0,0.0,0.0,5.405270302931404,9.144136800489855,3.0730766855315736,0.0,1.0,0.0,0.0,0.0,0.0,0.0,0.0,0.0
test2785,56.0,10.0,1.0,8.0,0.19999999999999996,0.0,0.0,0.0,4.712648459817272,6.789360038408169,3.5455532618889385,0.0,0.0,0.0,0.0,0.0,0.0,0.0,0.0,0.0
test2786,53.0,8.0,1.0,4.0,0.5,0.0,0.0,0.0,5.925393120849709,7.65156611282848,4.005560170962174,0.0,1.0,0.0,0.0,0.0,0.0,0.0,0.0,0.0
test2787,75.0,12.0,1.0,8.0,0.33333333333333337,0.0,0.0,0.0,5.133203841544107,10.438776711856287,2.577479098227116,0.0,0.0,0.0,0.0,0.0,0.0,0.0,1.0,0.0
test2795,44.0,9.0,1.0,5.0,0.4444444444444444,0.0,0.0,0.0,4.851662804392509,7.257278713313663,3.5713857296062494,0.0,0.0,0.0,0.0,1.0,0.0,0.0,0.0,0.0
test2796,37.0,8.0,1.0,4.0,0.5,0.0,0.0,0.0,5.607034069549043,9.073400249398077,3.9356811329263994,0.0,0.0,1.0,0.0,0.0,0.0,0.0,0.0,0.0
test2797,54.0,10.0,1.0,5.0,0.5,0.1,0.0,0.0,4.08098120046409,6.42176268577678,2.5320418160152225,0.0,0.0,1.0,0.0,0.0,0.0,0.0,0.0,0.0
test2798,43.0,8.0,1.0,5.0,0.375,0.0,0.0,0.0,6.318866594442019,9.374725098253645,3.5455532618889385,0.0,0.0,1.0,0.0,0.0,0.0,0.0,0.0,0.0
test2803,45.0,8.0,0.75,6.0,0.25,0.0,0.0,0.0,4.800995199385318,6.287586358375802,3.672328198447704,0.0,0.0,0.0,0.0,0.0,0.0,0.0,0.0,0.0
test2804,46.0,10.0,1.0,2.0,0.8,0.0,0.0,0.0,6.805238979080997,8.292361320681358,5.318116637480635,0.0,1.0,1.0,0.0,0.0,0.0,0.0,0.0,0.0
test2810,52.0,13.0,0.7692307692307693,4.0,0.6923076923076923,0.0,0.0,0.0,5.5791751976716375,6.4187851297518925,4.343942482989039,0.0,0.0,0.0,0.0,0.0,0.0,0.0,0.0,0.0
test2814,45.0,8.0,1.0,5.0,0.375,0.0,0.022222222222222223,0.0,7.47086308092968,9.953758972046169,4.445864169014324,0.0,0.0,0.0,0.0,0.0,0.0,0.0,0.0,0.0
test2818,52.0,10.0,1.0,5.0,0.5,0.0,0.0,0.0,5.775517265081336,8.179804127451622,4.001575532072011,0.0,0.0,0.0,1.0,0.0,0.0,0.0,0.0,0.0
test2820,40.0,8.0,1.0,5.0,0.375,0.0,0.0,0.0,4.675546664497577,5.657194113474741,3.0369273608098353,0.0,0.0,0.0,0.0,0.0,0.0,0.0,0.0,0.0
test2822,37.0,8.0,1.0,3.0,0.625,0.0,0.0,0.0,5.309972860135669,6.690997614791415,3.854522114115514,0.0,1.0,0.0,0.0,0.0,0.0,0.0,0.0,0.0
test2823,37.0,7.0,1.0,4.0,0.4285714285714286,0.0,0.02702702702702703,0.0,6.857352040283172,8.562574625632086,4.3008845890598275,0.0,0.0,0.0,0.0,1.0,0.0,0.0,0.0,0.0
test2828,50.0,10.0,1.0,7.0,0.30000000000000004,0.1,0.0,0.0,6.155972081689318,9.286432491107966,2.1976828267141455,0.0,0.0,0.0,0.0,0.0,0.0,0.0,0.0,0.0
test2829,37.0,8.0,1.0,4.0,0.5,0.0,0.0,0.0,5.920300152269601,7.716392369878785,4.418170863537249,0.0,0.0,0.0,0.0,0.0,0.0,1.0,0.0,0.0
test2830,42.0,8.0,1.0,3.0,0.625,0.0,0.0,0.0,5.214604470575973,6.766758355708418,3.4393135645304502,0.0,0.0,0.0,0.0,0.0,0.0,1.0,0.0,0.0
test2836,54.0,10.0,0.7,6.0,0.4,0.0,0.0,0.0,4.950869149281568,6.420845570041284,3.794812829860667,0.0,0.0,0.0,0.0,0.0,0.0,0.0,0.0,0.0
test2837,59.0,13.0,0.9230769230769231,7.0,0.46153846153846156,0.0,0.01694915254237288,0.0,6.212741651759164,8.529942171603189,4.232547568080821,0.0,0.0,1.0,0.0,0.0,0.0,0.0,0.0,0.0
test2840,37.0,8.0,1.0,4.0,0.5,0.0,0.0,0.0,4.638343710077377,6.5279008609736735,3.3171796075161244,0.0,0.0,0.0,1.0,0.0,0.0,0.0,0.0,0.0
test2841,40.0,9.0,1.0,5.0,0.4444444444444444,0.1111111111111111,0.0,0.0,3.9429472088061233,8.186479719665405,2.319230227468961,0.0,0.0,0.0,1.0,0.0,0.0,0.0,0.0,0.0
test2842,45.0,9.0,1.0,5.0,0.4444444444444444,0.0,0.0,0.0,4.849170675493599,6.341146682209539,3.4064785646786397,0.0,0.0,1.0,0.0,0.0,0.0,0.0,0.0,0.0
test2849,47.0,9.0,1.0,6.0,0.33333333333333337,0.0,0.0,0.0,5.60628922759178,6.400878939630924,4.463056477644145,0.0,0.0,0.0,1.0,0.0,0.0,0.0,0.0,0.0
test2850,42.0,8.0,1.0,5.0,0.375,0.0,0.0,0.0,5.044605911004011,5.964847549760223,2.935434413658972,0.0,0.0,1.0,0.0,0.0,0.0,0.0,0.0,0.0
test2851,43.0,8.0,1.0,5.0,0.375,0.0,0.023255813953488372,0.0,5.402851806691666,11.733822401511032,2.2182450660927935,0.0,0.0,0.0,1.0,0.0,0.0,0.0,0.0,0.0
test2858,49.0,10.0,0.9,4.0,0.6,0.0,0.0,0.0,6.20353963165091,6.755486094644917,5.081319527028172,0.0,1.0,0.0,0.0,0.0,0.0,0.0,0.0,0.0
test2863,39.0,8.0,0.875,3.0,0.625,0.0,0.0,0.0,6.379494611770814,7.7189070401058535,4.152731173953313,0.0,0.0,0.0,0.0,1.0,0.0,0.0,0.0,0.0
test2867,38.0,8.0,0.875,3.0,0.625,0.0,0.0,0.0,3.590919283348376,4.2523977268553725,3.2031805156736324,0.0,0.0,0.0,1.0,0.0,0.0,0.0,0.0,0.0
test2874,45.0,9.0,1.0,5.0,0.4444444444444444,0.0,0.022222222222222223,0.0,6.837720884345565,9.442933348280178,4.028549451107706,0.0,0.0,0.0,0.0,0.0,0.0,1.0,0.0,0.0
test2875,39.0,7.0,0.8571428571428571,3.0,0.5714285714285714,0.0,0.02564102564102564,0.0,6.321216779792082,6.741177424449356,5.954156123784742,0.0,0.0,0.0,0.0,0.0,0.0,0.0,0.0,0.0
test2876,45.0,8.0,1.0,4.0,0.5,0.0,0.0,0.0,5.101443741066868,7.5024158648043855,3.5455532618889385,0.0,0.0,0.0,0.0,1.0,0.0,0.0,0.0,0.0
test2878,49.0,10.0,0.9,5.0,0.5,0.0,0.0,0.0,4.6076090467483946,8.784499407752167,2.017818076392981,0.0,0.0,0.0,1.0,0.0,0.0,0.0,0.0,0.0
test2879,38.0,8.0,0.875,3.0,0.625,0.0,0.0,0.0,6.704992295175085,14.396410228536485,2.8592833284943846,0.0,0.0,1.0,0.0,0.0,0.0,1.0,0.0,0.0
test2884,47.0,10.0,1.0,2.0,0.8,0.0,0.0,0.0,5.027607182368844,5.701517255404697,4.353697109332991,0.0,0.0,0.0,0.0,1.0,0.0,0.0,0.0,0.0
test2885,34.0,8.0,0.875,3.0,0.625,0.0,0.0,0.0,6.217378182289721,9.212755770308588,4.463056477644145,0.0,1.0,0.0,1.0,0.0,0.0,0.0,0.0,0.0
test2886,35.0,8.0,1.0,3.0,0.625,0.0,0.0,0.0,4.518788122117441,5.0876433255054065,4.136286066129699,0.0,0.0,1.0,0.0,0.0,0.0,0.0,0.0,0.0
test2887,44.0,8.0,1.0,4.0,0.5,0.0,0.0,0.0,5.163290577709597,6.48496402739936,4.176786780503787,0.0,0.0,0.0,0.0,1.0,0.0,0.0,0.0,0.0
test2889,48.0,9.0,1.0,5.0,0.4444444444444444,0.0,0.0,0.0,4.171229201501365,5.665558325017254,2.8592833284943846,0.0,0.0,0.0,1.0,0.0,0.0,0.0,0.0,0.0
test2894,44.0,9.0,1.0,4.0,0.5555555555555556,0.0,0.0,0.0,4.565662669630085,6.231994822949406,2.393480405732666,0.0,0.0,1.0,0.0,0.0,0.0,0.0,0.0,0.0
test2899,41.0,8.0,1.0,4.0,0.5,0.0,0.0,0.0,5.484292656923105,6.242293378736626,4.82043186765463,0.0,0.0,0.0,0.0,0.0,0.0,0.0,0.0,0.0
test2901,39.0,8.0,1.0,5.0,0.375,0.0,0.0,0.0,4.159579704069506,6.681435312734555,2.935434413658972,0.0,1.0,0.0,0.0,0.0,0.0,0.0,0.0,0.0
test2902,38.0,9.0,0.8888888888888888,4.0,0.5555555555555556,0.0,0.0,0.0,6.289938007175406,8.865659263767146,4.502484915504049,0.0,0.0,1.0,0.0,0.0,0.0,0.0,0.0,0.0
test2908,47.0,9.0,1.0,5.0,0.4444444444444444,0.0,0.0,0.0,4.358839422383239,7.96938254216306,2.61524293407979,0.0,0.0,0.0,0.0,0.0,0.0,1.0,0.0,0.0
test2909,50.0,7.0,1.0,5.0,0.2857142857142857,0.0,0.02,0.0,4.708371056771485,6.860401908912394,3.556979654927614,0.0,1.0,0.0,0.0,0.0,0.0,0.0,0.0,0.0
test2911,44.0,10.0,1.0,6.0,0.4,0.0,0.0,0.0,4.252663548266393,5.6566603246289295,3.2263554265285923,0.0,0.0,0.0,0.0,0.0,0.0,0.0,0.0,0.0
test2914,35.0,8.0,1.0,3.0,0.625,0.0,0.0,0.0,6.441909724254615,7.985687251188003,5.637631260561441,0.0,0.0,1.0,0.0,0.0,0.0,0.0,0.0,0.0
test2915,41.0,8.0,1.0,5.0,0.375,0.0,0.0,0.0,6.07229803368311,9.374725098253645,3.4088658053414465,0.0,0.0,0.0,1.0,0.0,0.0,0.0,0.0,0.0
test2916,46.0,8.0,1.0,5.0,0.375,0.0,0.0,0.0,5.245825558724194,7.0343996772767525,3.861216596318512,0.0,0.0,0.0,0.0,0.0,0.0,0.0,0.0,0.0
test2921,32.0,8.0,1.0,5.0,0.375,0.0,0.0,0.0,6.452994104757897,8.616696048913271,3.4088658053414465,0.0,0.0,0.0,0.0,0.0,1.0,0.0,0.0,0.0
test2922,42.0,8.0,1.0,4.0,0.5,0.0,0.0,0.0,6.612208766258233,8.834447367364909,4.43854497661761,0.0,0.0,1.0,0.0,0.0,0.0,0.0,0.0,0.0
test2923,41.0,8.0,1.0,5.0,0.375,0.125,0.0,0.0,5.1864302305573915,8.265908639411293,3.5713857296062494,0.0,0.0,0.0,0.0,1.0,0.0,0.0,0.0,0.0
test2924,33.0,8.0,1.0,4.0,0.5,0.0,0.0,0.0,5.283838461476371,8.73925359522034,3.3171796075161244,0.0,0.0,1.0,0.0,0.0,0.0,0.0,0.0,0.0
test2925,53.0,9.0,0.8888888888888888,5.0,0.4444444444444444,0.0,0.0,0.0,5.265454761450367,9.154663213476843,3.2756437915128496,0.0,0.0,0.0,0.0,0.0,0.0,0.0,1.0,0.0
test2929,40.0,8.0,1.0,6.0,0.25,0.0,0.0,0.0,6.18313183505818,9.216501093038751,4.232547568080821,0.0,0.0,0.0,0.0,0.0,0.0,0.0,0.0,0.0
test2931,48.0,9.0,1.0,4.0,0.5555555555555556,0.0,0.0,0.0,4.967950505511533,5.762145365534411,4.3008845890598275,0.0,0.0,0.0,0.0,1.0,0.0,0.0,0.0,0.0
test2932,52.0,9.0,1.0,6.0,0.33333333333333337,0.0,0.0,0.0,5.438427466472589,7.864075936314136,3.973999922646912,0.0,0.0,0.0,0.0,0.0,0.0,0.0,0.0,0.0
test2935,40.0,9.0,1.0,4.0,0.5555555555555556,0.0,0.0,0.0,4.993558802583924,7.6997875882024225,2.61524293407979,0.0,0.0,0.0,0.0,0.0,0.0,1.0,0.0,0.0
test2936,43.0,8.0,1.0,4.0,0.5,0.0,0.0,0.0,5.917062170058175,8.078644038011667,3.3847506718132223,0.0,0.0,0.0,0.0,1.0,0.0,0.0,0.0,0.0
test2937,38.0,8.0,1.0,4.0,0.5,0.0,0.0,0.0,5.190615582970998,6.467043702822388,3.5455532618889385,0.0,1.0,0.0,0.0,0.0,0.0,0.0,0.0,0.0
test2939,83.0,12.0,1.0,7.0,0.41666666666666663,0.0,0.012048192771084338,0.0,6.380189070760262,8.274648680480645,4.302894778364025,0.0,1.0,0.0,0.0,0.0,0.0,0.0,0.0,0.0
test2940,45.0,8.0,1.0,5.0,0.375,0.0,0.0,0.0,5.967808638287823,7.732426468664526,4.346962590556823,0.0,0.0,1.0,0.0,0.0,0.0,0.0,0.0,0.0
test2941,43.0,10.0,1.0,5.0,0.5,0.1,0.0,0.0,5.287953641306602,8.058405251970369,2.7794521291526246,0.0,0.0,0.0,0.0,0.0,0.0,0.0,0.0,0.0
test2943,39.0,8.0,1.0,6.0,0.25,0.0,0.0,0.0,4.845751003384936,6.006671692473363,2.7863550280367213,0.0,0.0,0.0,0.0,0.0,0.0,0.0,0.0,0.0
test2949,57.0,9.0,1.0,5.0,0.4444444444444444,0.0,0.0,0.0,5.941759933236185,7.366142375078956,4.343942482989039,0.0,1.0,0.0,0.0,0.0,0.0,0.0,0.0,0.0
test2951,48.0,8.0,1.0,5.0,0.375,0.0,0.0,0.0,5.08867245148187,8.125421796678186,3.0348465581739132,0.0,0.0,0.0,0.0,0.0,0.0,0.0,0.0,0.0
test2954,37.0,9.0,1.0,2.0,0.7777777777777778,0.0,0.0,0.0,5.827668749681875,6.908489847709745,4.746847651654005,0.0,1.0,0.0,0.0,0.0,0.0,0.0,0.0,0.0
test2959,46.0,10.0,0.8,5.0,0.5,0.0,0.0,0.0,5.077239977892179,5.806896375540622,3.87716963034811,0.0,0.0,0.0,0.0,1.0,0.0,0.0,0.0,0.0
test2961,43.0,8.0,1.0,5.0,0.375,0.0,0.023255813953488372,0.0,5.828273719086684,10.13373035149517,2.256543270872133,0.0,0.0,0.0,0.0,0.0,0.0,0.0,1.0,0.0
test2963,54.0,11.0,0.9090909090909091,6.0,0.4545454545454546,0.0,0.0,0.0,3.7122670616829,4.5623620757376395,2.017818076392981,0.0,0.0,1.0,0.0,0.0,0.0,0.0,0.0,0.0
test2964,41.0,8.0,1.0,3.0,0.625,0.0,0.0,0.0,5.508382408292893,8.91161329504583,2.61524293407979,0.0,0.0,0.0,0.0,0.0,0.0,1.0,0.0,0.0
test2969,44.0,7.0,1.0,5.0,0.2857142857142857,0.0,0.022727272727272728,0.0,7.797453207781134,11.204563076056203,5.927917205339437,0.0,0.0,0.0,1.0,0.0,0.0,0.0,0.0,0.0
test2970,50.0,8.0,1.0,5.0,0.375,0.0,0.0,0.0,5.932210088434794,8.729983540424053,2.5320418160152225,0.0,0.0,0.0,1.0,0.0,0.0,0.0,0.0,0.0
test2971,35.0,8.0,1.0,4.0,0.5,0.0,0.0,0.0,6.28929651789246,6.737081640525791,5.564357636663675,0.0,0.0,0.0,1.0,0.0,0.0,0.0,0.0,0.0
test2972,50.0,11.0,1.0,7.0,0.36363636363636365,0.18181818181818182,0.0,0.0,4.6935839139428746,6.697020822279749,2.2182450660927935,0.0,0.0,1.0,0.0,0.0,0.0,0.0,0.0,0.0
test2973,44.0,9.0,1.0,5.0,0.4444444444444444,0.0,0.0,0.0,6.65730731514023,9.158196786058154,4.427431483798004,0.0,1.0,0.0,0.0,0.0,0.0,0.0,0.0,0.0
test2974,42.0,8.0,1.0,4.0,0.5,0.0,0.0,0.0,5.852024393776697,10.13373035149517,2.256543270872133,0.0,0.0,0.0,1.0,0.0,0.0,0.0,0.0,0.0
test2977,49.0,9.0,1.0,4.0,0.5555555555555556,0.0,0.0,0.0,6.265175998562903,7.272737443331878,5.155314359640311,0.0,0.0,1.0,0.0,0.0,0.0,0.0,0.0,0.0
test2984,50.0,10.0,1.0,5.0,0.5,0.0,0.02,0.0,5.647009521992084,8.27172683764228,3.4393135645304502,0.0,0.0,0.0,0.0,0.0,0.0,1.0,0.0,0.0
test2985,50.0,9.0,1.0,4.0,0.5555555555555556,0.0,0.0,0.0,7.221037059868896,11.733822401511032,3.3171796075161244,0.0,0.0,1.0,0.0,0.0,0.0,0.0,0.0,0.0
test2986,54.0,9.0,1.0,5.0,0.4444444444444444,0.0,0.0,0.0,9.686663710169412,13.885584604770495,3.934173930504286,0.0,0.0,0.0,0.0,0.0,0.0,0.0,1.0,0.0
test2989,53.0,11.0,1.0,6.0,0.4545454545454546,0.0,0.0,0.0,4.7641989217947005,6.902536341752927,2.577479098227116,0.0,0.0,1.0,0.0,0.0,0.0,0.0,0.0,0.0
test2992,37.0,8.0,1.0,4.0,0.5,0.0,0.0,0.0,4.600987490934311,5.575317186645633,3.5455532618889385,0.0,0.0,0.0,0.0,0.0,0.0,0.0,0.0,0.0
test2996,37.0,8.0,0.875,4.0,0.5,0.0,0.0,0.0,4.534769291532824,5.747779501752303,3.0538817020719193,0.0,0.0,1.0,0.0,0.0,0.0,0.0,0.0,0.0
test2998,40.0,8.0,1.0,5.0,0.375,0.0,0.0,0.0,6.1326532924311286,7.868939759132215,5.12915406474329,0.0,0.0,1.0,0.0,0.0,0.0,0.0,0.0,0.0
test3001,41.0,8.0,1.0,3.0,0.625,0.0,0.0,0.0,5.033598532926811,6.09464046541932,4.3008845890598275,0.0,0.0,0.0,0.0,1.0,0.0,0.0,0.0,0.0
test3003,53.0,10.0,0.9,5.0,0.5,0.0,0.0,0.0,3.942228615926832,5.625040043225866,2.017818076392981,0.0,0.0,1.0,0.0,0.0,0.0,0.0,0.0,0.0
test3004,39.0,8.0,1.0,4.0,0.5,0.0,0.0,0.0,4.108021366895842,5.530957402782863,3.0369273608098353,0.0,1.0,0.0,0.0,0.0,0.0,0.0,0.0,0.0
test3008,67.0,11.0,1.0,7.0,0.36363636363636365,0.0,0.0,0.0,5.092105100948778,6.300100397956793,3.100178327510304,0.0,0.0,0.0,0.0,0.0,0.0,1.0,0.0,0.0
test3009,86.0,12.0,0.9166666666666666,9.0,0.25,0.0,0.0,0.0,4.532809411465843,5.91719585507803,2.2182450660927935,0.0,0.0,0.0,0.0,0.0,0.0,0.0,0.0,0.0
test3011,38.0,9.0,0.8888888888888888,3.0,0.6666666666666667,0.0,0.0,0.0,3.8382194288705214,4.562826676725233,2.8592833284943846,0.0,0.0,0.0,1.0,0.0,0.0,0.0,0.0,0.0
test3014,43.0,8.0,1.0,7.0,0.125,0.0,0.046511627906976744,0.0,5.860822127682345,7.930265504298866,3.7601782506199743,0.0,0.0,0.0,0.0,0.0,0.0,0.0,0.0,0.0
test3017,39.0,8.0,1.0,5.0,0.375,0.0,0.0,0.0,5.154605726021792,7.723112260768832,3.566279054046847,0.0,0.0,1.0,0.0,0.0,0.0,0.0,0.0,0.0
test3019,55.0,12.0,0.9166666666666666,5.0,0.5833333333333333,0.0,0.0,0.0,5.164030442585732,7.642972309938706,2.017818076392981,0.0,1.0,0.0,0.0,0.0,0.0,0.0,0.0,0.0
test3020,42.0,7.0,1.0,4.0,0.4285714285714286,0.0,0.023809523809523808,0.0,6.121701753970604,9.57344409756078,3.4064785646786397,0.0,1.0,0.0,0.0,0.0,0.0,0.0,0.0,0.0
test3023,42.0,10.0,1.0,3.0,0.7,0.0,0.0,0.0,5.169180645886325,7.121468775989968,3.5455532618889385,0.0,0.0,0.0,0.0,1.0,0.0,0.0,0.0,0.0
test3024,44.0,9.0,0.8888888888888888,3.0,0.6666666666666667,0.0,0.0,0.0,6.036581449280607,6.803707965559743,5.384398851500074,0.0,1.0,0.0,0.0,0.0,0.0,0.0,0.0,0.0
test3026,50.0,8.0,0.875,4.0,0.5,0.0,0.0,0.0,5.737721173808478,6.671080190619351,5.167280814663721,0.0,0.0,0.0,0.0,0.0,0.0,0.0,0.0,0.0
test3027,44.0,8.0,1.0,5.0,0.375,0.0,0.0,0.0,4.724047268867663,6.486186521439141,3.2031805156736324,0.0,0.0,0.0,1.0,0.0,0.0,0.0,0.0,0.0
test3031,68.0,10.0,0.9,5.0,0.5,0.0,0.0,0.0,4.9241758231920265,7.231689849764628,2.017818076392981,0.0,0.0,0.0,0.0,0.0,0.0,0.0,1.0,0.0
test3032,44.0,9.0,1.0,4.0,0.5555555555555556,0.0,0.0,0.0,5.83880432504559,8.065501674418133,4.007261025897916,0.0,0.0,0.0,0.0,0.0,0.0,1.0,0.0,0.0
test3033,50.0,11.0,1.0,5.0,0.5454545454545454,0.0,0.0,0.0,4.6390159505665425,7.331366341036163,2.7863550280367213,0.0,0.0,1.0,0.0,0.0,0.0,0.0,0.0,0.0
test3034,56.0,10.0,1.0,4.0,0.6,0.0,0.0,0.0,6.2992903959277315,10.115125163664135,2.8592833284943846,0.0,1.0,0.0,0.0,1.0,0.0,0.0,0.0,0.0
test3036,52.0,9.0,0.8888888888888888,4.0,0.5555555555555556,0.0,0.0,0.0,6.100792101924285,7.57022660324816,4.531507591315926,0.0,0.0,0.0,0.0,1.0,0.0,0.0,0.0,0.0
test3040,47.0,8.0,1.0,4.0,0.5,0.0,0.0,0.0,5.367163906910377,6.566647257350964,4.040075802458218,0.0,0.0,0.0,0.0,1.0,0.0,0.0,0.0,0.0
test3041,50.0,9.0,1.0,5.0,0.4444444444444444,0.0,0.0,0.0,5.049801071982953,6.50720089177378,3.0369273608098353,0.0,0.0,0.0,0.0,0.0,0.0,0.0,0.0,0.0
test3044,40.0,8.0,1.0,3.0,0.625,0.0,0.0,0.0,6.2537157643306065,7.258337194492138,4.945662846624345,0.0,0.0,1.0,0.0,0.0,0.0,0.0,0.0,0.0
test3045,42.0,8.0,1.0,5.0,0.375,0.0,0.0,0.0,5.467142595243961,6.080680639442569,3.861216596318512,0.0,0.0,0.0,0.0,0.0,0.0,0.0,0.0,0.0
test3047,59.0,9.0,1.0,5.0,0.4444444444444444,0.0,0.0,0.0,6.221461868647992,8.953992518014692,4.299619966697169,0.0,0.0,0.0,0.0,0.0,0.0,0.0,0.0,0.0
test3048,41.0,9.0,1.0,4.0,0.5555555555555556,0.0,0.0,0.0,5.103767859807768,7.3245539388739225,3.5495422069361093,0.0,0.0,1.0,0.0,0.0,0.0,0.0,0.0,0.0
test3053,65.0,9.0,1.0,5.0,0.4444444444444444,0.0,0.0,0.0,7.227130413037981,9.892903696324895,5.224221807709881,0.0,0.0,0.0,0.0,0.0,0.0,0.0,0.0,0.0
test3054,38.0,8.0,1.0,3.0,0.625,0.0,0.0,0.0,7.307646729180895,10.061300513650355,4.8289316865939815,0.0,1.0,0.0,0.0,0.0,0.0,0.0,0.0,0.0
test3055,45.0,8.0,0.875,6.0,0.25,0.0,0.0,0.0,4.657891103469509,6.634665243877573,2.2182450660927935,0.0,0.0,1.0,0.0,0.0,0.0,0.0,0.0,0.0
test3058,64.0,10.0,0.9,7.0,0.30000000000000004,0.0,0.0,0.0,4.770947143598728,6.394385410320376,3.0057917669506113,0.0,0.0,0.0,0.0,0.0,0.0,0.0,0.0,0.0
test3059,40.0,7.0,0.8571428571428571,4.0,0.4285714285714286,0.0,0.025,0.0,6.113799522575593,7.602570473684243,4.001575532072011,0.0,0.0,0.0,0.0,0.0,0.0,0.0,0.0,0.0
test3060,71.0,13.0,0.8461538461538461,7.0,0.46153846153846156,0.07692307692307693,0.028169014084507043,0.0,4.554388654339783,5.839035247487416,2.90642250018591,0.0,0.0,0.0,0.0,0.0,0.0,0.0,0.0,0.0
test3062,35.0,8.0,1.0,4.0,0.5,0.0,0.0,0.0,4.969507980979909,5.747779501752303,3.3171796075161244,0.0,0.0,0.0,1.0,0.0,0.0,0.0,0.0,0.0
test3064,39.0,8.0,1.0,3.0,0.625,0.0,0.0,0.0,6.1634607036425955,7.665789979661003,4.396385975952328,0.0,0.0,0.0,0.0,0.0,0.0,0.0,0.0,0.0
test3067,55.0,8.0,1.0,6.0,0.25,0.0,0.0,0.0,5.150582888514532,8.483808529854228,3.4501696454405764,0.0,1.0,0.0,0.0,0.0,0.0,0.0,0.0,0.0
test3068,63.0,13.0,0.9230769230769231,7.0,0.46153846153846156,0.0,0.031746031746031744,0.0,4.806308370805517,8.959781246190937,2.393480405732666,0.0,0.0,0.0,1.0,0.0,0.0,0.0,0.0,0.0
test3070,35.0,8.0,1.0,4.0,0.5,0.0,0.0,0.0,6.068739908715778,7.2939108727618365,3.4215616872395604,0.0,0.0,0.0,0.0,0.0,0.0,1.0,0.0,0.0
test3075,70.0,12.0,0.8333333333333334,7.0,0.41666666666666663,0.0,0.014285714285714285,0.0,7.443079537383653,11.733822401511032,3.552635508770326,0.0,0.0,0.0,0.0,0.0,0.0,0.0,0.0,0.0
test3076,40.0,9.0,1.0,4.0,0.5555555555555556,0.0,0.0,0.0,4.949794079741013,6.664041006252098,3.0057917669506113,0.0,0.0,0.0,0.0,0.0,0.0,0.0,0.0,0.0
test3077,47.0,9.0,1.0,4.0,0.5555555555555556,0.0,0.0,0.0,6.036255447047147,7.5024158648043855,4.724371453761005,0.0,0.0,0.0,0.0,1.0,0.0,0.0,0.0,0.0
test3078,40.0,8.0,1.0,4.0,0.5,0.0,0.0,0.0,6.067421850621336,7.616867180701271,2.61524293407979,0.0,0.0,0.0,0.0,0.0,0.0,1.0,0.0,0.0
test3079,45.0,8.0,1.0,3.0,0.625,0.0,0.0,0.0,5.589098266407604,6.939955673360276,3.8220296252147636,0.0,0.0,1.0,0.0,0.0,0.0,0.0,0.0,0.0
test3081,42.0,8.0,1.0,4.0,0.5,0.0,0.0,0.0,4.853780201681907,7.059690352268678,2.017818076392981,0.0,0.0,0.0,1.0,1.0,0.0,0.0,0.0,0.0
test3083,47.0,8.0,1.0,4.0,0.5,0.0,0.0,0.0,7.166813622590416,10.477742680389671,3.625801180134286,0.0,1.0,0.0,0.0,0.0,0.0,0.0,0.0,0.0
test3086,56.0,10.0,0.9,4.0,0.6,0.0,0.0,0.0,4.832464794983411,6.576506116847528,3.2756437915128496,0.0,1.0,0.0,0.0,0.0,0.0,0.0,0.0,0.0
test3087,50.0,11.0,0.9090909090909091,3.0,0.7272727272727273,0.0,0.0,0.0,6.524369458707884,8.157434773666,5.392971032328648,0.0,1.0,0.0,0.0,0.0,0.0,1.0,0.0,0.0
test3089,59.0,11.0,1.0,4.0,0.6363636363636364,0.0,0.0,0.0,6.5001612015286625,9.383555177701917,4.3008845890598275,0.0,0.0,0.0,1.0,1.0,0.0,0.0,0.0,0.0
test3093,64.0,12.0,0.9166666666666666,6.0,0.5,0.0,0.0,0.0,4.359855368650519,4.975835943867665,3.672328198447704,0.0,1.0,0.0,0.0,0.0,0.0,0.0,0.0,0.0
test3095,31.0,6.0,1.0,4.0,0.33333333333333337,0.16666666666666666,0.06451612903225806,0.0,4.682323078483242,6.119252456104676,3.644546825424844,0.0,0.0,1.0,0.0,0.0,0.0,0.0,0.0,0.0
test3098,47.0,10.0,1.0,5.0,0.5,0.1,0.0,0.0,4.224527235344799,7.681835249683179,2.017818076392981,0.0,0.0,0.0,1.0,0.0,0.0,0.0,0.0,0.0
test3103,60.0,8.0,1.0,8.0,0.0,0.0,0.0,0.0,7.095296287205558,9.808047160864776,4.7815607608419475,0.0,0.0,0.0,0.0,0.0,0.0,0.0,0.0,0.0
test3107,47.0,9.0,0.8888888888888888,4.0,0.5555555555555556,0.0,0.0,0.0,5.6617420701257855,7.545225301042743,3.75583038293418,0.0,0.0,1.0,0.0,0.0,0.0,0.0,0.0,0.0
test3108,43.0,9.0,1.0,4.0,0.5555555555555556,0.0,0.0,0.0,6.626307334188956,7.34976295068773,6.076774066556981,0.0,0.0,1.0,0.0,0.0,0.0,0.0,0.0,0.0
test3111,39.0,8.0,1.0,4.0,0.5,0.0,0.0,0.0,6.035961001436403,8.382695072493684,3.158294485795374,0.0,0.0,0.0,1.0,0.0,0.0,0.0,0.0,0.0
test3112,66.0,12.0,0.8333333333333334,6.0,0.5,0.0,0.0,0.0,5.54029328525652,9.57882045459716,2.8592833284943846,0.0,0.0,0.0,0.0,0.0,0.0,0.0,0.0,0.0
test3117,51.0,11.0,0.9090909090909091,8.0,0.2727272727272727,0.0,0.0392156862745098,0.0,5.117319118306062,10.105950787388094,3.0057917669506113,0.0,1.0,0.0,0.0,0.0,0.0,0.0,0.0,0.0
test3120,70.0,11.0,0.9090909090909091,7.0,0.36363636363636365,0.0,0.0,0.0,4.577525886350954,5.540794322965283,3.667498013633576,0.14285714285714285,0.0,0.0,0.0,0.0,0.0,0.0,1.0,0.0
test3125,40.0,7.0,1.0,5.0,0.2857142857142857,0.0,0.0,0.0,7.688099130142885,8.998247527018734,6.746876347582666,0.0,0.0,1.0,0.0,0.0,0.0,0.0,0.0,0.0
test3126,46.0,9.0,1.0,4.0,0.5555555555555556,0.0,0.0,0.0,6.069859985720408,8.533726471294429,4.28391861783987,0.0,0.0,0.0,0.0,1.0,0.0,0.0,0.0,0.0
test3127,34.0,8.0,1.0,3.0,0.625,0.0,0.0,0.0,5.636212960943555,7.9448871747161665,3.3171796075161244,0.0,0.0,1.0,0.0,0.0,0.0,0.0,0.0,0.0
test3128,43.0,9.0,0.8888888888888888,5.0,0.4444444444444444,0.0,0.0,0.0,6.1383812389807435,7.2265471282219975,4.985881095391648,0.0,0.0,1.0,0.0,0.0,0.0,0.0,0.0,0.0
test3134,46.0,8.0,1.0,4.0,0.5,0.0,0.0,0.0,5.528178408649444,6.036182786651895,4.8275333131402975,0.0,0.0,0.0,0.0,1.0,0.0,0.0,0.0,0.0
test3135,49.0,8.0,1.0,4.0,0.5,0.0,0.0,0.0,5.9545649708989625,8.702678089733785,4.705724059048287,0.0,0.0,1.0,0.0,0.0,0.0,0.0,0.0,0.0
test3139,85.0,15.0,0.8,7.0,0.5333333333333333,0.0,0.0,0.0,6.766699722745986,14.396410228536485,2.393480405732666,0.0,0.0,1.0,0.0,0.0,0.0,0.0,0.0,0.0
test3141,66.0,12.0,0.9166666666666666,5.0,0.5833333333333333,0.08333333333333333,0.0,0.0,5.610960629621083,8.953992518014692,4.291356926672997,0.0,0.0,0.0,0.0,0.0,1.0,0.0,0.0,0.0
test3146,44.0,8.0,1.0,4.0,0.5,0.0,0.0,0.0,4.674782732614442,5.54967351057355,3.924026276944952,0.0,0.0,0.0,0.0,0.0,0.0,0.0,1.0,0.0
test3147,61.0,10.0,1.0,5.0,0.5,0.0,0.0,0.0,5.688106075938874,7.336506272397763,3.5958759274929633,0.0,0.0,1.0,0.0,0.0,0.0,0.0,0.0,0.0
test3154,36.0,8.0,1.0,4.0,0.5,0.0,0.0,0.0,3.7929666642562245,4.642718961090916,3.0538817020719193,0.0,0.0,0.0,0.0,1.0,0.0,0.0,0.0,0.0
test3155,69.0,12.0,1.0,5.0,0.5833333333333333,0.0,0.0,0.0,5.740656260239133,6.58808717814543,3.3794600897487492,0.0,0.0,0.0,0.0,0.0,1.0,1.0,0.0,0.0
test3159,41.0,9.0,0.7777777777777778,4.0,0.5555555555555556,0.0,0.0,0.0,7.01499570002461,11.451971249370045,4.293511864768234,0.0,0.0,1.0,0.0,0.0,0.0,0.0,0.0,0.0
test3160,45.0,9.0,1.0,4.0,0.5555555555555556,0.0,0.0,0.0,3.7604655444958732,5.392233387839829,2.7863550280367213,0.0,0.0,1.0,0.0,0.0,0.0,0.0,0.0,0.0
test3163,37.0,8.0,0.875,2.0,0.75,0.0,0.0,0.0,5.982749712667292,6.353710731638849,5.611788693695735,0.0,0.0,1.0,0.0,0.0,0.0,0.0,0.0,0.0
test3167,41.0,8.0,0.875,4.0,0.5,0.0,0.0,0.0,4.93999383559207,5.61721181145845,4.429588004198705,0.0,0.0,0.0,1.0,0.0,0.0,0.0,0.0,0.0
test3168,41.0,8.0,1.0,3.0,0.625,0.0,0.0,0.0,6.156246134526191,7.8505817556480295,5.141957281941982,0.0,0.0,1.0,0.0,0.0,0.0,0.0,0.0,0.0
test3172,48.0,8.0,1.0,4.0,0.5,0.0,0.0,0.0,8.005969732171975,10.105950787388094,5.030748433748706,0.0,0.0,0.0,1.0,0.0,0.0,0.0,0.0,0.0
test3173,38.0,8.0,1.0,4.0,0.5,0.0,0.0,0.0,6.0442940877416405,9.224034085346297,4.132373579624136,0.0,0.0,1.0,0.0,0.0,0.0,0.0,0.0,0.0
test3174,39.0,8.0,0.875,3.0,0.625,0.0,0.0,0.0,5.555417714398033,7.648432541913409,3.908186956799809,0.0,0.0,1.0,0.0,0.0,0.0,0.0,0.0,0.0
test3178,48.0,9.0,1.0,5.0,0.4444444444444444,0.0,0.0,0.0,5.178124655103068,7.189785687712003,3.6430638120697285,0.0,0.0,1.0,0.0,0.0,0.0,0.0,0.0,0.0
test3183,62.0,12.0,0.9166666666666666,5.0,0.5833333333333333,0.0,0.0,0.0,5.530234910604459,7.7504527078500995,3.801234893176763,0.0,1.0,0.0,0.0,0.0,0.0,0.0,0.0,0.0
test3184,80.0,17.0,0.8235294117647058,7.0,0.5882352941176471,0.0,0.0,0.0,4.715670464622397,7.333076717735905,3.5455532618889385,0.0,1.0,0.0,0.0,0.0,0.0,0.0,1.0,0.0
test3189,40.0,8.0,0.875,3.0,0.625,0.0,0.0,0.0,6.44157121777155,8.839582166836948,4.5189757969960525,0.0,0.0,1.0,0.0,0.0,0.0,0.0,0.0,0.0
test3195,40.0,8.0,1.0,4.0,0.5,0.0,0.0,0.0,3.4359252444428643,5.0008912738433695,2.5320418160152225,0.0,0.0,0.0,0.0,0.0,0.0,0.0,0.0,0.0
test3201,38.0,9.0,0.8888888888888888,3.0,0.6666666666666667,0.0,0.0,0.0,5.179278064453614,6.687999561279118,4.136286066129699,0.0,0.0,1.0,0.0,0.0,0.0,0.0,0.0,0.0
test3203,63.0,10.0,1.0,6.0,0.4,0.0,0.0,0.0,5.8713622504609075,7.053199632813135,4.001575532072011,0.0,0.0,0.0,0.0,1.0,0.0,0.0,0.0,0.0
test3206,36.0,8.0,1.0,4.0,0.5,0.0,0.0,0.0,4.815044604471868,8.796754463089183,2.2182450660927935,0.0,0.0,0.0,1.0,0.0,0.0,0.0,0.0,0.0
test3210,32.0,8.0,1.0,2.0,0.75,0.0,0.0,0.0,4.789035338849478,6.472579216355553,3.105491461343404,0.0,0.0,1.0,0.0,0.0,1.0,0.0,0.0,0.0
test3211,57.0,10.0,0.9,6.0,0.4,0.0,0.0,0.0,5.3129132644190245,7.05363103920464,4.074815593237573,0.0,0.0,1.0,0.0,0.0,0.0,0.0,0.0,0.0
test3212,44.0,8.0,1.0,4.0,0.5,0.0,0.0,0.0,5.0151584011355865,6.442155004052977,3.4275167783892204,0.0,0.0,1.0,0.0,0.0,0.0,0.0,0.0,0.0
test3214,38.0,9.0,0.7777777777777778,3.0,0.6666666666666667,0.0,0.0,0.0,6.799780463300593,8.6959666551458,5.607410313826757,0.0,1.0,0.0,0.0,0.0,0.0,0.0,0.0,0.0
test3215,48.0,9.0,1.0,6.0,0.33333333333333337,0.0,0.020833333333333332,0.0,4.849276969258992,6.128276866064277,3.2031805156736324,0.0,0.0,1.0,0.0,0.0,0.0,0.0,0.0,0.0
test3219,58.0,10.0,0.9,6.0,0.4,0.0,0.0,0.0,4.932606549443521,6.585381914761497,3.5455532618889385,0.0,0.0,0.0,0.0,0.0,0.0,0.0,0.0,0.0
test3221,53.0,9.0,1.0,6.0,0.33333333333333337,0.0,0.0,0.0,4.896750162557802,7.468525578259182,3.1222793220898932,0.0,0.0,0.0,0.0,1.0,0.0,0.0,0.0,0.0
test3223,43.0,8.0,1.0,4.0,0.5,0.0,0.0,0.0,4.806537430298502,7.009319992879728,3.5455532618889385,0.0,0.0,0.0,0.0,0.0,0.0,1.0,0.0,0.0
test3226,46.0,8.0,1.0,6.0,0.25,0.0,0.0,0.0,6.760505201350668,9.930502109881902,3.3252041889337,0.0,0.0,0.0,0.0,0.0,0.0,0.0,0.0,0.0
test3232,47.0,9.0,0.8888888888888888,6.0,0.33333333333333337,0.1111111111111111,0.0,0.0,5.379776599360561,7.434482470665955,4.057370318464195,0.0,0.0,0.0,0.0,0.0,0.0,0.0,0.0,0.0
test3234,46.0,10.0,0.8,5.0,0.5,0.0,0.0,0.0,4.978612668603883,6.341146682209539,4.436337574620743,0.0,0.0,1.0,0.0,0.0,0.0,0.0,0.0,0.0
test3235,37.0,8.0,1.0,4.0,0.5,0.125,0.0,0.0,5.698975180720986,6.800687829035946,3.8668505642299804,0.0,0.0,1.0,0.0,0.0,0.0,0.0,0.0,0.0
test3240,42.0,8.0,0.875,3.0,0.625,0.0,0.0,0.0,5.701420700660524,6.341146682209539,5.381557709886017,0.0,1.0,1.0,0.0,0.0,0.0,0.0,0.0,0.0
test3242,91.0,14.0,1.0,9.0,0.3571428571428571,0.0,0.0,0.0,5.476657827779363,9.736120743327314,2.5539915859254996,0.0,0.0,0.0,0.0,0.0,0.0,0.0,1.0,0.0
test3243,36.0,8.0,0.875,5.0,0.375,0.0,0.0,0.0,6.812312599762144,8.299835197025887,3.75583038293418,0.0,0.0,1.0,0.0,0.0,0.0,0.0,0.0,0.0
test3251,59.0,11.0,0.9090909090909091,6.0,0.4545454545454546,0.0,0.0,0.0,5.011426230592867,7.137763363704684,2.992284519971596,0.0,0.0,1.0,0.0,0.0,0.0,0.0,0.0,0.0
test3252,50.0,9.0,1.0,5.0,0.4444444444444444,0.0,0.02,0.0,6.061566252685857,6.86969266718378,4.056508147248258,0.0,0.0,0.0,0.0,1.0,0.0,0.0,0.0,0.0
test3253,34.0,8.0,1.0,3.0,0.625,0.0,0.0,0.0,7.728470946618077,13.097127244406225,4.746847651654005,0.0,1.0,0.0,0.0,0.0,0.0,0.0,0.0,0.0
test3254,39.0,8.0,0.875,3.0,0.625,0.0,0.0,0.0,6.720779074405693,10.061300513650355,4.483517047926262,0.0,0.0,1.0,0.0,0.0,0.0,0.0,0.0,0.0
test3255,49.0,10.0,0.8,4.0,0.6,0.0,0.0,0.0,5.029606332026165,6.256969706661876,3.854522114115514,0.0,1.0,0.0,0.0,0.0,0.0,0.0,0.0,0.0
test3256,40.0,9.0,0.8888888888888888,3.0,0.6666666666666667,0.0,0.0,0.0,5.311720525808675,6.708565838860595,3.41609597940417,0.0,0.0,1.0,0.0,0.0,0.0,0.0,0.0,0.0
test3259,51.0,9.0,1.0,4.0,0.5555555555555556,0.0,0.0,0.0,5.144185505448463,7.1765241967002575,3.5455532618889385,0.0,0.0,0.0,1.0,0.0,0.0,0.0,0.0,0.0
test3260,41.0,9.0,1.0,4.0,0.5555555555555556,0.1111111111111111,0.0,0.0,5.093782114165674,7.364374549044011,2.1976828267141455,0.0,0.0,0.0,0.0,0.0,0.0,0.0,0.0,0.0
test3261,42.0,8.0,0.875,4.0,0.5,0.0,0.0,0.0,4.94248773005368,7.025130598906371,2.017818076392981,0.0,0.0,0.0,0.0,0.0,0.0,0.0,0.0,0.0
test3266,46.0,8.0,1.0,5.0,0.375,0.0,0.0,0.0,6.0368662439544964,7.774117265267816,3.7732228252124367,0.0,0.0,1.0,0.0,0.0,0.0,0.0,0.0,0.0
test3271,70.0,12.0,1.0,6.0,0.5,0.0,0.0,0.0,3.511223914032181,4.949181203454422,2.017818076392981,0.0,0.0,0.0,0.0,0.0,0.0,0.0,1.0,0.0
test3273,68.0,11.0,1.0,6.0,0.4545454545454546,0.0,0.0,0.0,4.913650671933808,6.522558696144687,3.18034213395349,0.0,0.0,0.0,0.0,0.0,0.0,0.0,0.0,0.0
test3274,42.0,8.0,1.0,4.0,0.5,0.0,0.0,0.0,5.449301379741356,8.102990949690003,2.61524293407979,0.0,0.0,0.0,0.0,0.0,0.0,1.0,0.0,0.0
test3277,43.0,8.0,0.875,4.0,0.5,0.0,0.0,0.0,7.000317771437886,11.524730603652474,5.101698071340961,0.0,0.0,0.0,0.0,0.0,0.0,0.0,0.0,0.0
test3278,52.0,9.0,1.0,4.0,0.5555555555555556,0.0,0.0,0.0,6.822872528941214,7.372651273798042,5.98732205622536,0.0,0.0,0.0,0.0,0.0,1.0,0.0,0.0,0.0
test3280,61.0,10.0,0.8,5.0,0.5,0.0,0.0,0.0,5.076667864143249,6.511457282776672,3.779082741548665,0.0,0.0,0.0,0.0,0.0,0.0,0.0,0.0,0.0
test3283,36.0,8.0,1.0,3.0,0.625,0.0,0.0,0.0,7.41613908764409,11.125574664737574,5.1504131793522685,0.0,1.0,0.0,0.0,0.0,0.0,0.0,0.0,0.0
test3284,36.0,8.0,1.0,3.0,0.625,0.0,0.0,0.0,6.444596067291445,9.692904141827533,4.118455293776882,0.0,0.0,0.0,0.0,1.0,0.0,0.0,0.0,0.0
test3287,45.0,8.0,1.0,4.0,0.5,0.0,0.0,0.0,4.456389209848773,6.4510909835623185,3.1222793220898932,0.0,0.0,0.0,1.0,0.0,0.0,0.0,0.0,0.0
test3288,58.0,11.0,1.0,5.0,0.5454545454545454,0.0,0.0,0.0,4.848990792121543,6.242676851083383,3.801234893176763,0.0,0.0,1.0,0.0,0.0,0.0,0.0,0.0,0.0
test3289,52.0,9.0,1.0,6.0,0.33333333333333337,0.0,0.0,0.0,5.1470091888234455,6.6417857524586985,3.79421597823518,0.0,0.0,0.0,0.0,0.0,0.0,0.0,0.0,0.0
test3290,35.0,8.0,1.0,3.0,0.625,0.0,0.0,0.0,6.983084510325438,7.865046810176806,5.3406595216163675,0.0,1.0,0.0,0.0,0.0,0.0,0.0,0.0,0.0
test3293,44.0,8.0,1.0,4.0,0.5,0.0,0.0,0.0,5.964510533761468,7.309951039672312,3.9154389040941355,0.0,1.0,0.0,0.0,0.0,0.0,0.0,0.0,0.0
test3296,40.0,8.0,0.875,4.0,0.5,0.0,0.0,0.0,6.65236521859287,7.3445546055805915,5.766066939187592,0.0,1.0,0.0,0.0,0.0,0.0,0.0,0.0,0.0
test3298,46.0,8.0,1.0,5.0,0.375,0.0,0.0,0.0,4.449888062860859,6.4766904676119115,2.017818076392981,0.0,0.0,0.0,1.0,0.0,0.0,0.0,0.0,0.0
test3299,38.0,9.0,0.8888888888888888,4.0,0.5555555555555556,0.1111111111111111,0.0,0.0,5.6761878188929895,7.302728786056955,3.896497504740474,0.0,0.0,1.0,0.0,0.0,0.0,0.0,0.0,0.0
test3302,35.0,8.0,1.0,4.0,0.5,0.0,0.0,0.0,3.53945943144535,4.528187225100669,2.2182450660927935,0.0,0.0,0.0,1.0,0.0,0.0,0.0,0.0,0.0
test3308,39.0,8.0,1.0,4.0,0.5,0.0,0.0,0.0,6.53353158318545,14.396410228536485,3.7494864551472444,0.0,0.0,0.0,1.0,0.0,0.0,0.0,0.0,0.0
test3310,39.0,8.0,1.0,5.0,0.375,0.0,0.0,0.0,3.868964874430078,5.341437943794,2.2182450660927935,0.0,0.0,0.0,1.0,0.0,0.0,0.0,0.0,0.0
test3312,47.0,9.0,0.8888888888888888,4.0,0.5555555555555556,0.0,0.0,0.0,5.270104505696641,7.272737443331878,3.0348465581739132,0.0,0.0,0.0,1.0,0.0,0.0,0.0,0.0,0.0
test3314,48.0,9.0,0.8888888888888888,4.0,0.5555555555555556,0.0,0.0,0.0,5.215306644204206,6.911479945246824,4.2135626357997396,0.0,0.0,0.0,1.0,0.0,0.0,0.0,0.0,0.0
test3317,37.0,9.0,1.0,3.0,0.6666666666666667,0.0,0.0,0.0,3.3996702718933522,4.819091508792471,1.978019078330936,0.0,1.0,0.0,0.0,0.0,0.0,1.0,0.0,0.0
test3322,56.0,9.0,1.0,6.0,0.33333333333333337,0.0,0.0,0.0,6.463185086326599,9.144136800489855,4.3181993572887,0.0,0.0,0.0,0.0,0.0,0.0,0.0,1.0,0.0
test3324,37.0,9.0,1.0,4.0,0.5555555555555556,0.0,0.0,0.0,5.846005114312951,7.009319992879728,3.5455532618889385,0.0,1.0,0.0,0.0,0.0,0.0,0.0,0.0,0.0
test3325,53.0,9.0,1.0,4.0,0.5555555555555556,0.0,0.0,0.0,6.929100231208912,8.52054360617955,5.414184074527933,0.0,1.0,0.0,0.0,0.0,0.0,0.0,0.0,0.0
test3329,58.0,10.0,0.9,5.0,0.5,0.0,0.0,0.0,4.726925297055558,6.92542664699531,3.4215616872395604,0.0,0.0,0.0,0.0,0.0,0.0,1.0,0.0,0.0
test3333,48.0,8.0,1.0,3.0,0.625,0.0,0.0,0.0,6.712423091894526,8.753321822552541,5.417791763649385,0.0,0.0,1.0,0.0,0.0,0.0,0.0,0.0,0.0
test3334,45.0,8.0,1.0,4.0,0.5,0.0,0.0,0.0,6.486857791016826,10.201717692480102,4.28391861783987,0.0,0.0,0.0,0.0,1.0,0.0,0.0,0.0,0.0
test3336,47.0,9.0,0.8888888888888888,5.0,0.4444444444444444,0.1111111111111111,0.0,0.0,5.8353526731449525,7.4561877594168475,3.5455532618889385,0.0,0.0,0.0,0.0,0.0,0.0,0.0,0.0,0.0
test3337,26.0,6.0,0.8333333333333334,4.0,0.33333333333333337,0.0,0.07692307692307693,0.0,6.337498878964183,8.106694657627488,5.536999432020453,0.0,0.0,0.0,0.0,0.0,0.0,0.0,0.0,0.0
test3344,53.0,12.0,0.8333333333333334,5.0,0.5833333333333333,0.0,0.0,0.0,4.546457198346134,5.631888319017683,3.461727120625455,0.0,0.0,0.0,0.0,1.0,0.0,0.0,0.0,0.0
test3348,47.0,8.0,1.0,6.0,0.25,0.0,0.0,0.0,5.042587593204593,6.539961566572693,3.34484849115333,0.0,0.0,0.0,0.0,0.0,0.0,0.0,0.0,0.0
test3349,45.0,8.0,1.0,5.0,0.375,0.0,0.0,0.0,5.766680783782168,7.877754703576248,4.118455293776882,0.0,1.0,0.0,0.0,0.0,0.0,0.0,0.0,0.0
test3354,49.0,8.0,1.0,5.0,0.375,0.0,0.0,0.0,5.36823175717475,7.30217538261173,4.3008845890598275,0.0,0.0,0.0,0.0,1.0,0.0,0.0,0.0,0.0
test3355,38.0,8.0,1.0,4.0,0.5,0.0,0.0,0.0,3.8655773353943417,4.746847651654005,3.156251951291409,0.0,0.0,0.0,0.0,0.0,0.0,0.0,0.0,0.0
test3357,68.0,12.0,1.0,6.0,0.5,0.0,0.0,0.0,4.888482295238316,9.235441053139672,2.9974264367119225,0.0,0.0,0.0,0.0,0.0,0.0,0.0,1.0,0.0
test3364,42.0,8.0,1.0,5.0,0.375,0.0,0.0,0.0,5.058677068380549,6.3575754707487375,4.463056477644145,0.0,0.0,0.0,0.0,0.0,0.0,0.0,0.0,0.0
test3365,41.0,8.0,1.0,4.0,0.5,0.0,0.0,0.0,5.966613941094668,7.545225301042743,4.166945799686266,0.0,0.0,1.0,0.0,0.0,0.0,0.0,0.0,0.0
test3366,59.0,10.0,1.0,4.0,0.6,0.0,0.0,0.0,5.716347096117406,6.536868381995353,4.70477603540035,0.0,0.0,0.0,0.0,0.0,0.0,0.0,0.0,0.0
test3369,40.0,9.0,1.0,4.0,0.5555555555555556,0.0,0.0,0.0,5.009686795424729,6.276813186849718,3.9345171439387405,0.0,0.0,1.0,0.0,0.0,0.0,0.0,0.0,0.0
test3370,69.0,13.0,1.0,8.0,0.3846153846153846,0.0,0.0,0.0,5.406992734811497,7.96938254216306,3.5548378370905325,0.0,0.0,0.0,0.0,0.0,0.0,1.0,0.0,0.0
test3371,75.0,12.0,0.9166666666666666,6.0,0.5,0.0,0.0,0.0,6.5453479080503385,9.828595829092164,3.0057917669506113,0.0,0.0,0.0,0.0,0.0,0.0,0.0,0.0,0.0
test3376,54.0,10.0,1.0,4.0,0.6,0.0,0.0,0.0,4.053997504679754,4.953398505891012,3.287775561446653,0.0,0.0,0.0,0.0,1.0,0.0,0.0,0.0,0.0
test3377,37.0,8.0,1.0,3.0,0.625,0.0,0.0,0.0,4.944727719348365,5.9240052199103825,3.5072364870210504,0.0,0.0,1.0,0.0,0.0,0.0,0.0,0.0,0.0
test3383,52.0,11.0,0.9090909090909091,4.0,0.6363636363636364,0.0,0.0,0.0,4.994451228907914,6.465365045353859,3.3171796075161244,0.0,1.0,0.0,0.0,1.0,0.0,0.0,0.0,0.0
test3384,40.0,8.0,1.0,4.0,0.5,0.0,0.0,0.0,5.301404241702153,11.320635247308958,2.017818076392981,0.0,0.0,0.0,1.0,0.0,0.0,0.0,0.0,0.0
test3388,46.0,10.0,1.0,4.0,0.6,0.0,0.0,0.0,4.806127582000357,5.921637530782003,3.9670606674082536,0.0,0.0,0.0,0.0,0.0,0.0,0.0,0.0,0.0
test3389,40.0,8.0,1.0,5.0,0.375,0.0,0.0,0.0,7.389709187080986,11.125574664737574,4.523295976522254,0.0,0.0,1.0,0.0,0.0,0.0,0.0,0.0,0.0
test3391,48.0,9.0,0.8888888888888888,6.0,0.33333333333333337,0.0,0.0,0.0,4.326823961766453,8.280518103053451,2.017818076392981,0.0,0.0,0.0,0.0,0.0,0.0,0.0,0.0,0.0
test3392,66.0,11.0,1.0,7.0,0.36363636363636365,0.0,0.0,0.0,4.7600238055298805,5.892842780702061,3.9546667271863445,0.0,0.0,0.0,0.0,1.0,0.0,0.0,0.0,0.0
test3394,43.0,9.0,1.0,5.0,0.4444444444444444,0.0,0.0,0.0,4.844365234876963,7.079862051353509,3.0394175860223087,0.0,0.0,1.0,0.0,0.0,0.0,0.0,0.0,0.0
test3396,67.0,11.0,1.0,4.0,0.6363636363636364,0.0,0.0,0.0,5.857615161229852,7.343977571519572,4.8098047261900065,0.0,1.0,0.0,0.0,0.0,0.0,0.0,0.0,0.0
test3399,42.0,8.0,1.0,3.0,0.625,0.0,0.0,0.0,5.509895140630653,7.924063934035585,3.858773836202368,0.0,1.0,0.0,0.0,0.0,0.0,0.0,0.0,0.0
test3402,48.0,10.0,1.0,4.0,0.6,0.0,0.0,0.0,5.076834470040435,7.2067394719969045,4.075342365344003,0.0,0.0,0.0,0.0,1.0,0.0,0.0,0.0,0.0
test3407,37.0,8.0,1.0,3.0,0.625,0.0,0.0,0.0,5.566206165060418,6.380862703702382,4.3008845890598275,0.0,0.0,0.0,1.0,0.0,0.0,0.0,0.0,0.0
test3408,38.0,8.0,1.0,5.0,0.375,0.0,0.0,0.0,4.8794908196202655,5.81049975916126,3.7732228252124367,0.0,0.0,1.0,0.0,0.0,0.0,0.0,0.0,0.0
test3409,38.0,8.0,1.0,6.0,0.25,0.125,0.0,0.0,4.589254562931522,6.746876347582666,2.5847860972386525,0.0,0.0,1.0,0.0,0.0,0.0,0.0,0.0,0.0
test3416,55.0,10.0,1.0,6.0,0.4,0.0,0.0,0.0,4.699814599724413,6.340723536112037,3.9154389040941355,0.0,1.0,0.0,0.0,0.0,0.0,0.0,0.0,0.0
test3419,42.0,9.0,1.0,4.0,0.5555555555555556,0.0,0.0,0.0,7.134269560223595,12.450500079481172,4.3008845890598275,0.0,0.0,0.0,0.0,1.0,0.0,0.0,0.0,0.0
test3420,37.0,7.0,1.0,4.0,0.4285714285714286,0.0,0.02702702702702703,0.0,5.976871265172171,9.863810735383229,4.3008845890598275,0.0,0.0,0.0,0.0,1.0,0.0,0.0,0.0,0.0
test3428,47.0,8.0,0.875,4.0,0.5,0.0,0.0,0.0,5.109955062607892,6.896986937944257,3.105491461343404,0.0,0.0,1.0,0.0,0.0,0.0,0.0,0.0,0.0
test3429,51.0,8.0,1.0,5.0,0.375,0.0,0.0196078431372549,0.0,5.3661840505026275,7.197229890823733,4.658131494517803,0.0,0.0,0.0,0.0,0.0,0.0,0.0,0.0,0.0
test3438,45.0,7.0,1.0,5.0,0.2857142857142857,0.0,0.022222222222222223,0.0,5.514137270526952,9.315005863552022,3.5047268727681997,0.0,0.0,1.0,0.0,0.0,0.0,0.0,0.0,0.0
test3440,42.0,8.0,1.0,4.0,0.5,0.0,0.0,0.0,3.306979932944915,5.0008912738433695,2.5320418160152225,0.0,0.0,0.0,1.0,0.0,0.0,0.0,0.0,0.0
test3449,42.0,10.0,1.0,4.0,0.6,0.1,0.0,0.0,5.101720650077645,7.681835249683179,3.3171796075161244,0.0,0.0,1.0,0.0,0.0,0.0,0.0,0.0,0.0
test3451,48.0,8.0,1.0,5.0,0.375,0.0,0.0,0.0,5.298581559588775,7.095937414268687,2.9974264367119225,0.0,0.0,0.0,1.0,0.0,0.0,0.0,0.0,0.0
